id,activePlayersCount,activePlayersCountLastChangedAt,actualPlayerCount,actualPlayerCountLastChangedAt,batchID,batchIDLastChangedAt,ended,endedLastChangedAt,endedReason,endedReasonLastChangedAt,groupID,groupIDLastChangedAt,lobbyTimerID,lobbyTimerIDLastChangedAt,roundIndex,roundIndexLastChangedAt,stageID,stageIDLastChangedAt,start,startLastChangedAt,starting,startingLastChangedAt,status,statusLastChangedAt,treatment,treatmentLastChangedAt,treatmentName,treatmentNameLastChangedAt
01JZWX3EKQ299J03E1G02M8JNK,6,2025-07-11T14:25:58.585494762Z,6,2025-07-11T14:21:47.570500299Z,01JZWX3EJNF6FJ1Y2SFMW7K31D,2025-07-11T14:09:21.015397165Z,true,2025-07-11T14:31:09.010739029Z,end of game,2025-07-11T14:31:09.035045588Z,01JZWX3EMMQ25N67N3D12AEZGJ,2025-07-11T14:09:21.047121079Z,01JZWXAFNGMT8EEKDX7C21NQDC,2025-07-11T14:13:11.479780844Z,4,2025-07-11T14:21:47.614323478Z,null,2025-07-11T14:31:09.010739029Z,true,2025-07-11T14:21:47.570500299Z,true,2025-07-11T14:21:47.570500299Z,ended,2025-07-11T14:31:09.035045588Z,"{""networkStruct"":""reciprocal"",""playerCount"":6}",2025-07-11T14:09:21.015397165Z,"Reciprocal, Redundancy",2025-07-11T14:09:21.015397165Z
01JZWXSR5K1BFQZY0JR93JV03Z,6,2025-07-11T14:32:15.199077728Z,6,2025-07-11T14:28:03.97710587Z,01JZWXSR4WAQFD4E83QZ4N556R,2025-07-11T14:21:31.699218184Z,true,2025-07-11T14:37:25.615040642Z,end of game,2025-07-11T14:37:25.630113378Z,01JZWXSR6KSYKWR2PYDS5BGGB5,2025-07-11T14:21:31.733632798Z,01JZWXTA1EJMMA6P65ZK9T8J59,2025-07-11T14:21:50.004737233Z,4,2025-07-11T14:28:04.024842408Z,null,2025-07-11T14:37:25.615040642Z,true,2025-07-11T14:28:03.97710587Z,true,2025-07-11T14:28:03.97710587Z,ended,2025-07-11T14:37:25.630113378Z,"{""networkStruct"":""reciprocal"",""playerCount"":6}",2025-07-11T14:21:31.699218184Z,"Reciprocal, Redundancy",2025-07-11T14:21:31.699218184Z
01JZX22WTBDGZD62RTG7RWZ5GX,2,2025-07-11T15:43:54.755821277Z,3,2025-07-11T15:39:43.39772994Z,01JZX22WSHHGWZTXFAP7TNYWAH,2025-07-11T15:36:25.675660963Z,true,2025-07-11T15:49:05.139364437Z,end of game,2025-07-11T15:49:05.162624032Z,01JZX22WW68PSYR5QA29Z1BFQN,2025-07-11T15:36:25.738614Z,01JZX26GNJM0PE4JA31V4YSBKJ,2025-07-11T15:38:24.314291356Z,4,2025-07-11T15:39:43.451809783Z,null,2025-07-11T15:49:05.139364437Z,true,2025-07-11T15:39:43.39772994Z,true,2025-07-11T15:39:43.39772994Z,ended,2025-07-11T15:49:05.162624032Z,"{""networkStruct"":""pooled"",""playerCount"":3}",2025-07-11T15:36:25.675660963Z,"Pooled, No Redundancy",2025-07-11T15:36:25.675660963Z
01JZWW44BJEYZBCTBDE78SP8GF,4,2025-07-11T14:05:54.379566542Z,6,2025-07-11T14:01:43.379383252Z,01JZWW44AHM19FWXTBHEMGXGBF,2025-07-11T13:52:14.706372021Z,true,2025-07-11T14:11:04.728131126Z,end of game,2025-07-11T14:11:04.747473591Z,01JZWW44E4H439YDETNE97KFVB,2025-07-11T13:52:14.79091847Z,01JZWWGKEBHVH8YKHBWPKQ8KNM,2025-07-11T13:59:03.376703604Z,4,2025-07-11T14:01:43.432878152Z,null,2025-07-11T14:11:04.728131126Z,true,2025-07-11T14:01:43.379383252Z,true,2025-07-11T14:01:43.379383252Z,ended,2025-07-11T14:11:04.747473591Z,"{""networkStruct"":""pooled"",""playerCount"":6}",2025-07-11T13:52:14.706372021Z,"Pooled, Redundancy",2025-07-11T13:52:14.706372021Z
01JZWYEZAFZ52M7WEAWMWVBBA0,5,2025-07-11T14:52:40.073334749Z,6,2025-07-11T14:48:29.200522684Z,01JZWYEZA0CJ8HHH1HTG07A8MJ,2025-07-11T14:33:07.151834815Z,true,2025-07-11T14:57:50.51496259Z,end of game,2025-07-11T14:57:50.53272467Z,01JZWYEZBBXQD8SC5Y6FCWN6CT,2025-07-11T14:33:07.182722541Z,01JZWZ5MD3Y0SCF8NP2ZGZT552,2025-07-11T14:45:29.64109671Z,4,2025-07-11T14:48:29.239260253Z,null,2025-07-11T14:57:50.51496259Z,true,2025-07-11T14:48:29.200522684Z,true,2025-07-11T14:48:29.200522684Z,ended,2025-07-11T14:57:50.53272467Z,"{""networkStruct"":""pooled"",""playerCount"":6}",2025-07-11T14:33:07.151834815Z,"Pooled, Redundancy",2025-07-11T14:33:07.151834815Z
01JZX0Z7G62YA6P24E23JAGNYF,1,2025-07-11T15:28:38.982924683Z,3,2025-07-11T15:24:27.757193319Z,01JZX0Z7FCWP1T7E04929MQ87K,2025-07-11T15:16:56.966311623Z,true,2025-07-11T15:33:49.319468679Z,end of game,2025-07-11T15:33:49.335145901Z,01JZX0Z7HM6N5RM7ME39WHQ96R,2025-07-11T15:16:57.015550974Z,01JZX17XPWCZXFKN34NAVT7CPY,2025-07-11T15:21:41.859382399Z,4,2025-07-11T15:24:27.819778673Z,null,2025-07-11T15:33:49.319468679Z,true,2025-07-11T15:24:27.757193319Z,true,2025-07-11T15:24:27.757193319Z,ended,2025-07-11T15:33:49.335145901Z,"{""networkStruct"":""pooled"",""playerCount"":3}",2025-07-11T15:16:56.966311623Z,"Pooled, No Redundancy",2025-07-11T15:16:56.966311623Z
01JZWW44BD8A21AGPZM2TQJBZG,4,2025-07-11T14:03:48.14446202Z,6,2025-07-11T13:59:37.273670578Z,01JZWW44AHM19FWXTBHEMGXGBF,2025-07-11T13:52:14.701879809Z,true,2025-07-11T14:08:58.476914404Z,end of game,2025-07-11T14:08:58.493187595Z,01JZWW44CP5QPF5XKB2AA3T6DA,2025-07-11T13:52:14.744729499Z,01JZWWCFDBN3DE18WF6S0JBH5T,2025-07-11T13:56:48.18204011Z,4,2025-07-11T13:59:37.305083458Z,null,2025-07-11T14:08:58.476914404Z,true,2025-07-11T13:59:37.273670578Z,true,2025-07-11T13:59:37.273670578Z,ended,2025-07-11T14:08:58.493187595Z,"{""networkStruct"":""pooled"",""playerCount"":6}",2025-07-11T13:52:14.701879809Z,"Pooled, Redundancy",2025-07-11T13:52:14.701879809Z
01JZWYF8QGXKN2CZV0RDSN4DZK,4,2025-07-11T14:46:18.595694709Z,6,2025-07-11T14:42:07.614336304Z,01JZWYF8PSTC3MD665G08C279V,2025-07-11T14:33:16.784264011Z,true,2025-07-11T14:51:29.014596318Z,end of game,2025-07-11T14:51:29.042768774Z,01JZWYF8RTNV4RPJA53H2TT4XY,2025-07-11T14:33:16.830128281Z,01JZWYJ1G4CA225B7ZBAGPVDVG,2025-07-11T14:34:47.688896422Z,4,2025-07-11T14:42:07.669764959Z,null,2025-07-11T14:51:29.014596318Z,true,2025-07-11T14:42:07.614336304Z,true,2025-07-11T14:42:07.614336304Z,ended,2025-07-11T14:51:29.042768774Z,"{""networkStruct"":""pooled"",""playerCount"":6}",2025-07-11T14:33:16.784264011Z,"Pooled, Redundancy",2025-07-11T14:33:16.784264011Z
01JZWZA6WZVH3TNF2YNV6JH9JY,4,2025-07-11T14:57:30.414871947Z,6,2025-07-11T14:53:19.269506344Z,01JZWZA6WB0JDAGV4PGBE2KD04,2025-07-11T14:47:59.647765894Z,true,2025-07-11T15:02:40.854079678Z,end of game,2025-07-11T15:02:40.871130717Z,01JZWZA6Y5R5DJ40FPZ4A4RZD8,2025-07-11T14:47:59.688597277Z,01JZWZG0AD0SNVKZ8P50J2AF0R,2025-07-11T14:51:09.522201621Z,4,2025-07-11T14:53:19.311794482Z,null,2025-07-11T15:02:40.854079678Z,true,2025-07-11T14:53:19.269506344Z,true,2025-07-11T14:53:19.269506344Z,ended,2025-07-11T15:02:40.871130717Z,"{""networkStruct"":""pooled"",""playerCount"":6}",2025-07-11T14:47:59.647765894Z,"Pooled, Redundancy",2025-07-11T14:47:59.647765894Z
01JZX1PFC8GTFQ985G5CCXBWPH,2,2025-07-11T15:39:23.555449076Z,3,2025-07-11T15:35:12.191700871Z,01JZX1PFBBJ70ECNFY36CY6PZS,2025-07-11T15:29:38.6963066Z,true,2025-07-11T15:44:33.939679921Z,end of game,2025-07-11T15:44:33.965620333Z,01JZX1PFDPMP0FX4XFM4Q9T7B6,2025-07-11T15:29:38.745471802Z,01JZX1VPZ69MQ9HADN2D5R8JT4,2025-07-11T15:32:30.31565428Z,4,2025-07-11T15:35:12.249345087Z,null,2025-07-11T15:44:33.939679921Z,true,2025-07-11T15:35:12.191700871Z,true,2025-07-11T15:35:12.191700871Z,ended,2025-07-11T15:44:33.965620333Z,"{""networkStruct"":""pooled"",""playerCount"":3}",2025-07-11T15:29:38.6963066Z,"Pooled, No Redundancy",2025-07-11T15:29:38.6963066Z
01JZWX3EKVAEHST0TJAX8RTB0R,5,2025-07-11T14:22:36.435538065Z,6,2025-07-11T14:18:25.353625146Z,01JZWX3EJNF6FJ1Y2SFMW7K31D,2025-07-11T14:09:21.019133549Z,true,2025-07-11T14:27:46.873263273Z,end of game,2025-07-11T14:27:46.895956871Z,01JZWX3EPACSFDAVAD1WFW2T0J,2025-07-11T14:09:21.101670248Z,01JZWXAX8J3SBF9TGJDK5H6Z5S,2025-07-11T14:13:25.400654733Z,4,2025-07-11T14:18:25.40996655Z,null,2025-07-11T14:27:46.873263273Z,true,2025-07-11T14:18:25.353625146Z,true,2025-07-11T14:18:25.353625146Z,ended,2025-07-11T14:27:46.895956871Z,"{""networkStruct"":""pooled"",""playerCount"":6}",2025-07-11T14:09:21.019133549Z,"Pooled, Redundancy",2025-07-11T14:09:21.019133549Z
01JZWW44BKFZG5XQJNSM0R26CJ,4,2025-07-11T14:08:21.813776577Z,6,2025-07-11T14:04:10.834736255Z,01JZWW44AHM19FWXTBHEMGXGBF,2025-07-11T13:52:14.707174421Z,true,2025-07-11T14:13:32.176525524Z,end of game,2025-07-11T14:13:32.190560515Z,01JZWW44FAPT48VBPGDTNBJYVA,2025-07-11T13:52:14.828023359Z,01JZWWHVH66QFCT0EMPSV2PFX1,2025-07-11T13:59:44.426401036Z,4,2025-07-11T14:04:10.874151937Z,null,2025-07-11T14:13:32.176525524Z,true,2025-07-11T14:04:10.834736255Z,true,2025-07-11T14:04:10.834736255Z,ended,2025-07-11T14:13:32.190560515Z,"{""networkStruct"":""pooled"",""playerCount"":6}",2025-07-11T13:52:14.707174421Z,"Pooled, Redundancy",2025-07-11T13:52:14.707174421Z
01JZWX3EKSQMF1295TSKJKEEN3,,,6,2025-07-11T14:14:09.29616265Z,01JZWX3EJNF6FJ1Y2SFMW7K31D,2025-07-11T14:09:21.017489057Z,true,2025-07-11T14:41:54.458926605Z,batch ended,2025-07-11T14:41:54.284076931Z,01JZWX3ENE4H85A6GSZKP38QN7,2025-07-11T14:09:21.074316458Z,01JZWX6CPB4NHNPJ1SA97B2BH6,2025-07-11T14:10:57.362727796Z,4,2025-07-11T14:14:09.334424439Z,null,2025-07-11T14:41:54.458926605Z,true,2025-07-11T14:14:09.29616265Z,true,2025-07-11T14:14:09.29616265Z,terminated,2025-07-11T14:41:54.284076931Z,"{""networkStruct"":""pooled"",""playerCount"":6}",2025-07-11T14:09:21.017489057Z,"Pooled, Redundancy",2025-07-11T14:09:21.017489057Z
01JZX2H31TQX1PEB4DWYDPEN1M,3,2025-07-11T15:52:21.126865408Z,3,2025-07-11T15:48:09.534242604Z,01JZX2H30Q9G2SN0SJRWQ2RGJE,2025-07-11T15:44:10.810114618Z,true,2025-07-11T15:57:31.530538219Z,end of game,2025-07-11T15:57:31.554018757Z,01JZX2H338BQWEV4XSGZPJ7Q8A,2025-07-11T15:44:10.859442488Z,01JZX2NGG8CMCGMSGXRN2W21A3,2025-07-11T15:46:35.662251239Z,4,2025-07-11T15:48:09.618452844Z,null,2025-07-11T15:57:31.530538219Z,true,2025-07-11T15:48:09.534242604Z,true,2025-07-11T15:48:09.534242604Z,ended,2025-07-11T15:57:31.554018757Z,"{""networkStruct"":""pooled"",""playerCount"":3}",2025-07-11T15:44:10.810114618Z,"Pooled, No Redundancy",2025-07-11T15:44:10.810114618Z
01JZX2Q8PA625KPVRQHTPPKHMT,3,2025-07-11T15:52:44.025241084Z,3,2025-07-11T15:48:32.370844344Z,01JZX2Q8NE23HKD8VQ99SRTJYV,2025-07-11T15:47:33.194882817Z,true,2025-07-11T15:57:54.500119843Z,end of game,2025-07-11T15:57:54.522374124Z,01JZX2Q8R7KGEEQV9T9VST7GRV,2025-07-11T15:47:33.258694467Z,01JZX2RSMB7GMJCQ0QBDFKV34P,2025-07-11T15:48:23.31204526Z,4,2025-07-11T15:48:32.468694892Z,null,2025-07-11T15:57:54.500119843Z,true,2025-07-11T15:48:32.370844344Z,true,2025-07-11T15:48:32.370844344Z,ended,2025-07-11T15:57:54.522374124Z,"{""networkStruct"":""pooled"",""playerCount"":3}",2025-07-11T15:47:33.194882817Z,"Pooled, No Redundancy",2025-07-11T15:47:33.194882817Z
01JZWW44BEQMSR3VMBGNDP631Z,5,2025-07-11T14:03:30.464094119Z,6,2025-07-11T13:59:19.509790511Z,01JZWW44AHM19FWXTBHEMGXGBF,2025-07-11T13:52:14.702940501Z,true,2025-07-11T14:08:40.757428543Z,end of game,2025-07-11T14:08:40.774071923Z,01JZWW44DFMK7RQSFMKP7KF5Z9,2025-07-11T13:52:14.770466766Z,01JZWWCWYZ8FEJGCCNQXZSD572,2025-07-11T13:57:02.055243425Z,4,2025-07-11T13:59:19.546963299Z,null,2025-07-11T14:08:40.757428543Z,true,2025-07-11T13:59:19.509790511Z,true,2025-07-11T13:59:19.509790511Z,ended,2025-07-11T14:08:40.774071923Z,"{""networkStruct"":""reciprocal"",""playerCount"":6}",2025-07-11T13:52:14.702940501Z,"Reciprocal, Redundancy",2025-07-11T13:52:14.702940501Z
01JZWWSZEZQJYGPY7VRHZ7X46X,,,,,01JZWWSZEDC69PSGC36P5DWYZH,2025-07-11T14:04:10.591680249Z,false,2025-07-11T14:04:10.591680249Z,batch ended,2025-07-11T14:08:11.829674826Z,01JZWWSZG5PZ0D6878BZA1E8QS,2025-07-11T14:04:10.631881236Z,01JZWWXA3XXTE0V75N35VBYV0S,2025-07-11T14:05:59.809849266Z,,,,,false,2025-07-11T14:04:10.591680249Z,,,terminated,2025-07-11T14:08:11.829674826Z,"{""networkStruct"":""reciprocal"",""playerCount"":3}",2025-07-11T14:04:10.591680249Z,"Reciprocal, No Redundancy",2025-07-11T14:04:10.591680249Z
01JZWZTZWTBGJSFEYPT1TK9JNM,2,2025-07-11T15:04:52.952485643Z,3,2025-07-11T15:00:41.361057461Z,01JZWZTZW2BD5NR7YNCT6FCF8T,2025-07-11T14:57:09.530697962Z,true,2025-07-11T15:10:03.56155532Z,end of game,2025-07-11T15:10:03.640172414Z,01JZWZTZYA9K6DM42SEH12KPNE,2025-07-11T14:57:09.582295074Z,01JZWZYT3NNDVBKPVFXVBAN3KS,2025-07-11T14:59:14.682968392Z,4,2025-07-11T15:00:41.427495048Z,null,2025-07-11T15:10:03.56155532Z,true,2025-07-11T15:00:41.361057461Z,true,2025-07-11T15:00:41.361057461Z,ended,2025-07-11T15:10:03.640172414Z,"{""networkStruct"":""reciprocal"",""playerCount"":3}",2025-07-11T14:57:09.530697962Z,"Reciprocal, No Redundancy",2025-07-11T14:57:09.530697962Z
01JZX01RQWMMEZFDWFCEW25YYC,5,2025-07-11T15:11:08.803835441Z,6,2025-07-11T15:06:57.442048781Z,01JZX01RQ17SG6VS244N0MYW8M,2025-07-11T15:00:51.580546532Z,true,2025-07-11T15:16:19.242501673Z,end of game,2025-07-11T15:16:19.261584524Z,01JZX01RS7A9RFRJZ6R97457WX,2025-07-11T15:00:51.62642728Z,01JZX03ET4ZXJABWG1TE8Z8PXC,2025-07-11T15:01:46.955419767Z,4,2025-07-11T15:06:57.499820822Z,null,2025-07-11T15:16:19.242501673Z,true,2025-07-11T15:06:57.442048781Z,true,2025-07-11T15:06:57.442048781Z,ended,2025-07-11T15:16:19.261584524Z,"{""networkStruct"":""pooled"",""playerCount"":6}",2025-07-11T15:00:51.580546532Z,"Pooled, Redundancy",2025-07-11T15:00:51.580546532Z
01JZX0EJCSWJJ7NMNA9BY9TMMP,3,2025-07-11T15:21:35.066380221Z,3,2025-07-11T15:17:23.865363852Z,01JZX0EJC2BNT1Y92PBNN64QNM,2025-07-11T15:07:51.065966896Z,true,2025-07-11T15:26:45.382840469Z,end of game,2025-07-11T15:26:45.400960725Z,01JZX0EJED0H9PC27V8BJ5YRDW,2025-07-11T15:07:51.120954371Z,01JZX0JCJKM7ZE9N8YEBQY54BJ,2025-07-11T15:09:56.185259364Z,4,2025-07-11T15:17:23.921288367Z,null,2025-07-11T15:26:45.382840469Z,true,2025-07-11T15:17:23.865363852Z,true,2025-07-11T15:17:23.865363852Z,ended,2025-07-11T15:26:45.400960725Z,"{""networkStruct"":""reciprocal"",""playerCount"":3}",2025-07-11T15:07:51.065966896Z,"Reciprocal, No Redundancy",2025-07-11T15:07:51.065966896Z
01JZWW44BJEYZBCTBDEK4Q79TP,4,2025-07-11T14:03:16.701729992Z,6,2025-07-11T13:59:05.626198293Z,01JZWW44AHM19FWXTBHEMGXGBF,2025-07-11T13:52:14.706687012Z,true,2025-07-11T14:08:27.155236106Z,end of game,2025-07-11T14:08:27.169337003Z,01JZWW44ESS4PHVWG2FHTX43DR,2025-07-11T13:52:14.811707761Z,01JZWWAA0S73T2CXH1FYCFYYZ7,2025-07-11T13:55:37.119205534Z,4,2025-07-11T13:59:05.662502984Z,null,2025-07-11T14:08:27.155236106Z,true,2025-07-11T13:59:05.626198293Z,true,2025-07-11T13:59:05.626198293Z,ended,2025-07-11T14:08:27.169337003Z,"{""networkStruct"":""pooled"",""playerCount"":6}",2025-07-11T13:52:14.706687012Z,"Pooled, Redundancy",2025-07-11T13:52:14.706687012Z
01JZWZA6X2XVW42HESAJGZ2NT6,5,2025-07-11T14:58:24.507091672Z,6,2025-07-11T14:54:13.341963044Z,01JZWZA6WB0JDAGV4PGBE2KD04,2025-07-11T14:47:59.650242679Z,true,2025-07-11T15:03:34.941563614Z,end of game,2025-07-11T15:03:34.960798621Z,01JZWZA6Z9AC3BFJ4VDPZHT32R,2025-07-11T14:47:59.724710014Z,01JZWZBPG5S1VZ5DBD893EQKZ5,2025-07-11T14:48:48.394799877Z,4,2025-07-11T14:54:13.416731625Z,null,2025-07-11T15:03:34.941563614Z,true,2025-07-11T14:54:13.341963044Z,true,2025-07-11T14:54:13.341963044Z,ended,2025-07-11T15:03:34.960798621Z,"{""networkStruct"":""pooled"",""playerCount"":6}",2025-07-11T14:47:59.650242679Z,"Pooled, Redundancy",2025-07-11T14:47:59.650242679Z
01JZWZMMDWT0YY5HX1X5C8Z68M,3,2025-07-11T15:02:13.275621639Z,3,2025-07-11T14:58:01.365052854Z,01JZWZMMD7C2XATM2SBH5GMN08,2025-07-11T14:53:41.180568131Z,true,2025-07-11T15:07:23.60653896Z,end of game,2025-07-11T15:07:23.626086239Z,01JZWZMMERFMVN48KAFTE73KXZ,2025-07-11T14:53:41.212055574Z,01JZWZT5JBV1YWQENHH3341AM0,2025-07-11T14:56:42.576693112Z,4,2025-07-11T14:58:01.434302035Z,null,2025-07-11T15:07:23.60653896Z,true,2025-07-11T14:58:01.365052854Z,true,2025-07-11T14:58:01.365052854Z,ended,2025-07-11T15:07:23.626086239Z,"{""networkStruct"":""reciprocal"",""playerCount"":3}",2025-07-11T14:53:41.180568131Z,"Reciprocal, No Redundancy",2025-07-11T14:53:41.180568131Z
01JZX2212BFA30WB2A037X5VVW,2,2025-07-11T15:41:32.510204101Z,3,2025-07-11T15:37:21.157552724Z,01JZX2211AEK9TJVT0CNA9PEFP,2025-07-11T15:35:57.259695072Z,true,2025-07-11T15:46:42.93576999Z,end of game,2025-07-11T15:46:42.957535309Z,01JZX2213SKTCB95950QN6RZ0F,2025-07-11T15:35:57.308483142Z,01JZX227CRDEP8VN7SW8CTAA1C,2025-07-11T15:36:03.744006825Z,4,2025-07-11T15:37:21.24724259Z,null,2025-07-11T15:46:42.93576999Z,true,2025-07-11T15:37:21.157552724Z,true,2025-07-11T15:37:21.157552724Z,ended,2025-07-11T15:46:42.957535309Z,"{""networkStruct"":""pooled"",""playerCount"":3}",2025-07-11T15:35:57.259695072Z,"Pooled, No Redundancy",2025-07-11T15:35:57.259695072Z
01JZWYF8QQMFZ1MWHEGJ0R4XXC,6,2025-07-11T14:47:02.143680057Z,6,2025-07-11T14:42:51.146236358Z,01JZWYF8PSTC3MD665G08C279V,2025-07-11T14:33:16.792011734Z,true,2025-07-11T14:52:12.638176603Z,end of game,2025-07-11T14:52:12.651849943Z,01JZWYF8VHDNJE6GSAWK1E320X,2025-07-11T14:33:16.926190229Z,01JZWYRXAXFY3H7175QVR84756,2025-07-11T14:38:32.803742469Z,4,2025-07-11T14:42:51.190117301Z,null,2025-07-11T14:52:12.638176603Z,true,2025-07-11T14:42:51.146236358Z,true,2025-07-11T14:42:51.146236358Z,ended,2025-07-11T14:52:12.651849943Z,"{""networkStruct"":""pooled"",""playerCount"":6}",2025-07-11T14:33:16.792011734Z,"Pooled, Redundancy",2025-07-11T14:33:16.792011734Z
01JZWYF8QEVZCXBEEFXT175NAZ,4,2025-07-11T14:47:17.277668538Z,6,2025-07-11T14:43:06.277640254Z,01JZWYF8PSTC3MD665G08C279V,2025-07-11T14:33:16.782911956Z,true,2025-07-11T14:52:27.697864305Z,end of game,2025-07-11T14:52:27.717577342Z,01JZWYF8SVQRX8HFMAGRPYWHKF,2025-07-11T14:33:16.862353366Z,01JZWYJND6QS9D9Z67QXYE6BYF,2025-07-11T14:35:08.079306945Z,4,2025-07-11T14:43:06.321075018Z,null,2025-07-11T14:52:27.697864305Z,true,2025-07-11T14:43:06.277640254Z,true,2025-07-11T14:43:06.277640254Z,ended,2025-07-11T14:52:27.717577342Z,"{""networkStruct"":""pooled"",""playerCount"":6}",2025-07-11T14:33:16.782911956Z,"Pooled, Redundancy",2025-07-11T14:33:16.782911956Z
