id,batchID,batchIDLastChangedAt,ended,endedLastChangedAt,gameID,gameIDLastChangedAt,index,indexLastChangedAt,name,nameLastChangedAt,stageIndex,stageIndexLastChangedAt,start,startLastChangedAt
01JZ12QRERFJ7FFNHZ3Y7YAMG6,01JZ12GR49VSBA1ETNY3NZB6T4,2025-06-30T18:49:05.240360374Z,true,2025-06-30T18:53:18.436898608Z,01JZ12GR6N6DKV4APDKNYMT7NT,2025-06-30T18:49:05.240360374Z,2,2025-06-30T18:49:05.240360374Z,ButtonCheck,2025-06-30T18:49:05.240360374Z,1,2025-06-30T18:49:05.4653694Z,true,2025-06-30T18:53:07.92978763Z
01JZ0WTTEFNHZBVNW28GNGKHC8,01JZ0W7WFSG9ZE6FZ5RAYW75P8,2025-06-30T17:05:54.127315636Z,true,2025-06-30T17:06:54.761998212Z,01JZ0W7WH953KKVSAQ2B0M9V8S,2025-06-30T17:05:54.127315636Z,0,2025-06-30T17:05:54.127315636Z,Discussion,2025-06-30T17:05:54.127315636Z,1,2025-06-30T17:05:54.158149803Z,true,2025-06-30T17:05:54.434229007Z
01JZ125KV3XVMA4R1AJN8NEMZ7,01JZ11XHS287W5Q5TASNQ00G2A,2025-06-30T18:39:10.691789697Z,true,2025-06-30T18:48:34.768921751Z,01JZ11XHTNJGBK57M9Z78S7EZ8,2025-06-30T18:39:10.691789697Z,4,2025-06-30T18:39:10.691789697Z,Work,2025-06-30T18:39:10.691789697Z,1,2025-06-30T18:39:11.042610574Z,true,2025-06-30T18:43:34.482908074Z
01JZ12TTY27BQ4HDCJPV329SXP,01JZ12GR49VSBA1ETNY3NZB6T4,2025-06-30T18:50:46.082951165Z,true,2025-06-30T18:55:12.301117458Z,01JZ12GR778SNDBX9EP3GGZZ51,2025-06-30T18:50:46.082951165Z,3,2025-06-30T18:50:46.082951165Z,TimeToBegin,2025-06-30T18:50:46.082951165Z,1,2025-06-30T18:50:46.807689153Z,true,2025-06-30T18:55:01.323800845Z
01JZ0WJQA35VHGFRBVKP4WHW2X,01JZ0W7WFSG9ZE6FZ5RAYW75P8,2025-06-30T17:01:28.771699609Z,true,2025-06-30T17:05:40.235912278Z,01JZ0W7WHAXBN0H6GS7ZCJVTX8,2025-06-30T17:01:28.771699609Z,2,2025-06-30T17:01:28.771699609Z,ButtonCheck,2025-06-30T17:01:28.771699609Z,1,2025-06-30T17:01:28.924969852Z,true,2025-06-30T17:05:30.007009816Z
01JZ0ZEQ5VJ0PQ37YFK1SSSBJT,01JZ0Z7NVHZYGBR218W1AZTTTX,2025-06-30T17:51:43.291617924Z,true,2025-06-30T17:55:55.154611431Z,01JZ0Z7NWVZHM50FX7KDE2CZ4K,2025-06-30T17:51:43.291617924Z,2,2025-06-30T17:51:43.291617924Z,ButtonCheck,2025-06-30T17:51:43.291617924Z,1,2025-06-30T17:51:43.389185281Z,true,2025-06-30T17:55:44.796119687Z
01JZ0XCE4YQGW344D431VHMCER,01JZ0X7ZMW8Y5D7G0ZVAD2X33D,2025-06-30T17:15:31.358394922Z,true,2025-06-30T17:24:54.202069159Z,01JZ0X7ZNN0GRQQ68EJYGR423Q,2025-06-30T17:15:31.358394922Z,4,2025-06-30T17:15:31.358394922Z,Work,2025-06-30T17:15:31.358394922Z,1,2025-06-30T17:15:31.535775503Z,true,2025-06-30T17:19:54.037563654Z
01JZ0YJ4SDM85QQQ56RPHQQAPR,01JZ0XP7D84G107KY8Y0T4X5V0,2025-06-30T17:36:06.957337909Z,true,2025-06-30T17:40:29.317132649Z,01JZ0XP7E80XQ8XGY0HAVD3ZJP,2025-06-30T17:36:06.957337909Z,3,2025-06-30T17:36:06.957337909Z,TimeToBegin,2025-06-30T17:36:06.957337909Z,1,2025-06-30T17:36:07.116223086Z,true,2025-06-30T17:40:19.153442648Z
01JZ11HY41CPV2HCJNWWW463R0,01JZ119YR0X0B5B35KS5ARQA66,2025-06-30T18:28:25.857912992Z,true,2025-06-30T18:29:27.226351622Z,01JZ119YWQTW1CNB5AYNKC679G,2025-06-30T18:28:25.857912992Z,0,2025-06-30T18:28:25.857912992Z,Discussion,2025-06-30T18:28:25.857912992Z,1,2025-06-30T18:28:25.944972891Z,true,2025-06-30T18:28:26.530715542Z
01JZ0ZEQ5CRGF6YCR2880S518V,01JZ0Z7NVHZYGBR218W1AZTTTX,2025-06-30T17:51:43.276040238Z,true,2025-06-30T17:52:44.324682799Z,01JZ0Z7NWVZHM50FX7KDE2CZ4K,2025-06-30T17:51:43.276040238Z,0,2025-06-30T17:51:43.276040238Z,Discussion,2025-06-30T17:51:43.276040238Z,1,2025-06-30T17:51:43.324793497Z,true,2025-06-30T17:51:43.668627195Z
01JZ0ZNAZ0B9M929EBAXD1XH4G,01JZ0Z7NVHZYGBR218W1AZTTTX,2025-06-30T17:55:20.161029301Z,true,2025-06-30T17:59:43.166599832Z,01JZ0Z7NWEY0R3MD8J8181F140,2025-06-30T17:55:20.161029301Z,3,2025-06-30T17:55:20.161029301Z,TimeToBegin,2025-06-30T17:55:20.161029301Z,1,2025-06-30T17:55:20.430505137Z,true,2025-06-30T17:59:32.954748297Z
01JZ0YZF6N7SXRGHFRD9HTKM5S,01JZ0YMAZQ8ZJWY43T1GN1DF14,2025-06-30T17:43:23.605094891Z,true,2025-06-30T17:52:46.624426935Z,01JZ0YMB0R63S66YTFBNZZK4BM,2025-06-30T17:43:23.605094891Z,4,2025-06-30T17:43:23.605094891Z,Work,2025-06-30T17:43:23.605094891Z,1,2025-06-30T17:43:23.95415759Z,true,2025-06-30T17:47:46.447443853Z
01JZ125KRQ68H6PNASTFRMFV1A,01JZ11XHS287W5Q5TASNQ00G2A,2025-06-30T18:39:10.615388308Z,true,2025-06-30T18:40:12.590686478Z,01JZ11XHTNJGBK57M9Z78S7EZ8,2025-06-30T18:39:10.615388308Z,0,2025-06-30T18:39:10.615388308Z,Discussion,2025-06-30T18:39:10.615388308Z,1,2025-06-30T18:39:10.82437608Z,true,2025-06-30T18:39:11.506747275Z
01JZ0WDR65GAXVNE43AEA4WGCK,01JZ0W7WFSG9ZE6FZ5RAYW75P8,2025-06-30T16:58:45.829226051Z,true,2025-06-30T16:59:46.379033399Z,01JZ0W7WH4BMT12JZKEJ46HRED,2025-06-30T16:58:45.829226051Z,0,2025-06-30T16:58:45.829226051Z,Discussion,2025-06-30T16:58:45.829226051Z,1,2025-06-30T16:58:45.901336999Z,true,2025-06-30T16:58:46.116473136Z
01JZ0ZNAZAQ8WVTCAR9YAP1EXG,01JZ0Z7NVHZYGBR218W1AZTTTX,2025-06-30T17:55:20.170545172Z,true,2025-06-30T18:04:43.468951554Z,01JZ0Z7NWEY0R3MD8J8181F140,2025-06-30T17:55:20.170545172Z,4,2025-06-30T17:55:20.170545172Z,Work,2025-06-30T17:55:20.170545172Z,1,2025-06-30T17:55:20.480372757Z,true,2025-06-30T17:59:43.21220882Z
01JZ0X0D26E7S9F8PCXYCC97ZQ,01JZ0W7WFSG9ZE6FZ5RAYW75P8,2025-06-30T17:08:57.030437028Z,true,2025-06-30T17:13:08.342041272Z,01JZ0W7WH669S2GHZMF9MZZGM3,2025-06-30T17:08:57.030437028Z,2,2025-06-30T17:08:57.030437028Z,ButtonCheck,2025-06-30T17:08:57.030437028Z,1,2025-06-30T17:08:57.109703936Z,true,2025-06-30T17:12:58.077944606Z
01JZ0X1FPR58K35420H05VGMMZ,01JZ0W7WFSG9ZE6FZ5RAYW75P8,2025-06-30T17:09:32.504660343Z,true,2025-06-30T17:13:55.152652505Z,01JZ0W7WHAXBN0H6GS7Q677HGB,2025-06-30T17:09:32.504660343Z,3,2025-06-30T17:09:32.504660343Z,TimeToBegin,2025-06-30T17:09:32.504660343Z,1,2025-06-30T17:09:32.603721111Z,true,2025-06-30T17:13:44.836844429Z
01JZ0X94VXSF20ZNGDV0F0BJJC,01JZ0X13W9RT32E263JAYJS0WA,2025-06-30T17:13:43.549751057Z,true,2025-06-30T17:17:45.146707888Z,01JZ0X13WYYJA1PBKDVESDJZK9,2025-06-30T17:13:43.549751057Z,1,2025-06-30T17:13:43.549751057Z,Training,2025-06-30T17:13:43.549751057Z,3,2025-06-30T17:13:43.665616354Z,true,2025-06-30T17:14:44.859201738Z
01JZ12TTW98MPEK7P3F2T40R51,01JZ12GR49VSBA1ETNY3NZB6T4,2025-06-30T18:50:46.025486992Z,true,2025-06-30T18:54:50.823312131Z,01JZ12GR778SNDBX9EP3GGZZ51,2025-06-30T18:50:46.025486992Z,1,2025-06-30T18:50:46.025486992Z,Training,2025-06-30T18:50:46.025486992Z,3,2025-06-30T18:50:46.603220277Z,true,2025-06-30T18:51:49.599571333Z
01JZ11X848V82GFXB2KBNW0PGK,01JZ119YR0X0B5B35KS5ARQA66,2025-06-30T18:34:36.552341779Z,true,2025-06-30T18:35:39.615623286Z,01JZ119YX2JRQ0Y08WK2G2K83K,2025-06-30T18:34:36.552341779Z,0,2025-06-30T18:34:36.552341779Z,Discussion,2025-06-30T18:34:36.552341779Z,1,2025-06-30T18:34:36.693893517Z,true,2025-06-30T18:34:37.694400999Z
01JZ0WHXCFAPSVFKQ8NDRDZX0A,01JZ0W7WFSG9ZE6FZ5RAYW75P8,2025-06-30T17:01:02.223859704Z,true,2025-06-30T17:05:14.37678162Z,01JZ0W7WH953KKVSAQ2RB19JGS,2025-06-30T17:01:02.223859704Z,2,2025-06-30T17:01:02.223859704Z,ButtonCheck,2025-06-30T17:01:02.223859704Z,1,2025-06-30T17:01:02.356522921Z,true,2025-06-30T17:05:04.173862166Z
01JZ0WMVE0Z1H51D5G42JWV0DM,01JZ0W7WFSG9ZE6FZ5RAYW75P8,2025-06-30T17:02:38.528955565Z,true,2025-06-30T17:06:59.787675118Z,01JZ0W7WHE67QMEH4CJKSJPVET,2025-06-30T17:02:38.528955565Z,3,2025-06-30T17:02:38.528955565Z,TimeToBegin,2025-06-30T17:02:38.528955565Z,1,2025-06-30T17:02:38.621295429Z,true,2025-06-30T17:06:49.636919781Z
01JZ0X94VRW1B5KTMFDGGM3WQ1,01JZ0X13W9RT32E263JAYJS0WA,2025-06-30T17:13:43.544713739Z,true,2025-06-30T17:18:05.483071802Z,01JZ0X13WYYJA1PBKDVESDJZK9,2025-06-30T17:13:43.544713739Z,3,2025-06-30T17:13:43.544713739Z,TimeToBegin,2025-06-30T17:13:43.544713739Z,1,2025-06-30T17:13:43.747641384Z,true,2025-06-30T17:17:55.350174279Z
01JZ0ZG9YZKMF1X2ZVRXK33NBW,01JZ0Z7NVHZYGBR218W1AZTTTX,2025-06-30T17:52:35.295292835Z,true,2025-06-30T17:56:47.475847871Z,01JZ0Z7NWQ9CYAGNFMNZVFE8F3,2025-06-30T17:52:35.295292835Z,2,2025-06-30T17:52:35.295292835Z,ButtonCheck,2025-06-30T17:52:35.295292835Z,1,2025-06-30T17:52:35.428890809Z,true,2025-06-30T17:56:37.246772187Z
01JZ12TV0XDP3Z0XB405CBZ7R7,01JZ12GR49VSBA1ETNY3NZB6T4,2025-06-30T18:50:46.17384326Z,true,2025-06-30T19:00:12.654077925Z,01JZ12GR778SNDBX9EP3GGZZ51,2025-06-30T18:50:46.17384326Z,4,2025-06-30T18:50:46.17384326Z,Work,2025-06-30T18:50:46.17384326Z,1,2025-06-30T18:50:46.947384128Z,true,2025-06-30T18:55:12.354129293Z
01JZ0WJQABN7TSDEXVBPTHGDXH,01JZ0W7WFSG9ZE6FZ5RAYW75P8,2025-06-30T17:01:28.780031909Z,true,2025-06-30T17:05:50.381813307Z,01JZ0W7WHAXBN0H6GS7ZCJVTX8,2025-06-30T17:01:28.780031909Z,3,2025-06-30T17:01:28.780031909Z,TimeToBegin,2025-06-30T17:01:28.780031909Z,1,2025-06-30T17:01:28.968860288Z,true,2025-06-30T17:05:40.27724905Z
01JZ0YGBQG0CDMN9Z85M93HEDY,01JZ0XP7D84G107KY8Y0T4X5V0,2025-06-30T17:35:08.528181757Z,true,2025-06-30T17:36:10.252986856Z,01JZ0XP7EJVNGB38T0GJJ3YDRG,2025-06-30T17:35:08.528181757Z,0,2025-06-30T17:35:08.528181757Z,Discussion,2025-06-30T17:35:08.528181757Z,1,2025-06-30T17:35:08.583763999Z,true,2025-06-30T17:35:08.989432398Z
01JZ0ZG9Z7AKQZZHNN0W4F7JWR,01JZ0Z7NVHZYGBR218W1AZTTTX,2025-06-30T17:52:35.303196432Z,true,2025-06-30T17:56:57.767229323Z,01JZ0Z7NWQ9CYAGNFMNZVFE8F3,2025-06-30T17:52:35.303196432Z,3,2025-06-30T17:52:35.303196432Z,TimeToBegin,2025-06-30T17:52:35.303196432Z,1,2025-06-30T17:52:35.454533171Z,true,2025-06-30T17:56:47.514012439Z
01JZ125KS3T2N5BYVPYYF70Q02,01JZ11XHS287W5Q5TASNQ00G2A,2025-06-30T18:39:10.627649366Z,true,2025-06-30T18:43:13.676334461Z,01JZ11XHTNJGBK57M9Z78S7EZ8,2025-06-30T18:39:10.627649366Z,1,2025-06-30T18:39:10.627649366Z,Training,2025-06-30T18:39:10.627649366Z,3,2025-06-30T18:39:10.90395436Z,true,2025-06-30T18:40:12.645994832Z
01JZ0YJ4SFDGNEEXF88XZ3SWTC,01JZ0XP7D84G107KY8Y0T4X5V0,2025-06-30T17:36:06.959799867Z,true,2025-06-30T17:40:19.116997803Z,01JZ0XP7E80XQ8XGY0HAVD3ZJP,2025-06-30T17:36:06.959799867Z,2,2025-06-30T17:36:06.959799867Z,ButtonCheck,2025-06-30T17:36:06.959799867Z,1,2025-06-30T17:36:07.095930468Z,true,2025-06-30T17:40:08.860436473Z
01JZ0Z6T5JS8VCZARJE0AVHE7R,01JZ0YMAZQ8ZJWY43T1GN1DF14,2025-06-30T17:47:24.210830426Z,true,2025-06-30T17:51:25.651108831Z,01JZ0YMB0WF5ZW98DAK0M01JZW,2025-06-30T17:47:24.210830426Z,1,2025-06-30T17:47:24.210830426Z,Training,2025-06-30T17:47:24.210830426Z,3,2025-06-30T17:47:24.296636851Z,true,2025-06-30T17:48:25.157714839Z
01JZ0YJ4S3HREA83Z1G5QWSHJY,01JZ0XP7D84G107KY8Y0T4X5V0,2025-06-30T17:36:06.947986296Z,true,2025-06-30T17:37:08.269764594Z,01JZ0XP7E80XQ8XGY0HAVD3ZJP,2025-06-30T17:36:06.947986296Z,0,2025-06-30T17:36:06.947986296Z,Discussion,2025-06-30T17:36:06.947986296Z,1,2025-06-30T17:36:06.997268407Z,true,2025-06-30T17:36:07.330590806Z
01JZ0ZN3WB5FE42VYYRMME52X3,01JZ0Z7NVHZYGBR218W1AZTTTX,2025-06-30T17:55:12.90804373Z,true,2025-06-30T17:59:14.535347456Z,01JZ0Z7NWZE2H4FK4XXVVF91VK,2025-06-30T17:55:12.90804373Z,1,2025-06-30T17:55:12.90804373Z,Training,2025-06-30T17:55:12.90804373Z,3,2025-06-30T17:55:13.012829949Z,true,2025-06-30T17:56:14.029599499Z
01JZ0ZEQ5ZX88172C7NVRRBGWM,01JZ0Z7NVHZYGBR218W1AZTTTX,2025-06-30T17:51:43.295485394Z,true,2025-06-30T17:56:05.427921452Z,01JZ0Z7NWVZHM50FX7KDE2CZ4K,2025-06-30T17:51:43.295485394Z,3,2025-06-30T17:51:43.295485394Z,TimeToBegin,2025-06-30T17:51:43.295485394Z,1,2025-06-30T17:51:43.415905947Z,true,2025-06-30T17:55:55.180054008Z
01JZ10C7NVD4WCQHGDZJSD64MZ,01JZ100N2HWY96Q2FTR0F0ZWE8,2025-06-30T18:07:50.459199214Z,true,2025-06-30T18:11:52.518616872Z,01JZ100N4SNNY9PP8QFCF7M9TY,2025-06-30T18:07:50.459199214Z,1,2025-06-30T18:07:50.459199214Z,Training,2025-06-30T18:07:50.459199214Z,3,2025-06-30T18:07:50.602186513Z,true,2025-06-30T18:08:51.952749441Z
01JZ10C7P781CD1JWXA8PMMF8B,01JZ100N2HWY96Q2FTR0F0ZWE8,2025-06-30T18:07:50.471938519Z,true,2025-06-30T18:17:13.561522362Z,01JZ100N4SNNY9PP8QFCF7M9TY,2025-06-30T18:07:50.471938519Z,4,2025-06-30T18:07:50.471938519Z,Work,2025-06-30T18:07:50.471938519Z,1,2025-06-30T18:07:50.724314714Z,true,2025-06-30T18:12:13.205899837Z
01JZ10KP2ASY20JS3WR554PJ7K,01JZ100N2HWY96Q2FTR0F0ZWE8,2025-06-30T18:11:54.570079159Z,true,2025-06-30T18:21:17.09623001Z,01JZ100N4EZ1D1ZSMZ8BGYY8VN,2025-06-30T18:11:54.570079159Z,4,2025-06-30T18:11:54.570079159Z,Work,2025-06-30T18:11:54.570079159Z,1,2025-06-30T18:11:54.755129147Z,true,2025-06-30T18:16:16.766512708Z
01JZ0WHXCERTXCCDC06BM2M09Q,01JZ0W7WFSG9ZE6FZ5RAYW75P8,2025-06-30T17:01:02.222912761Z,true,2025-06-30T17:05:24.551450317Z,01JZ0W7WH953KKVSAQ2RB19JGS,2025-06-30T17:01:02.222912761Z,3,2025-06-30T17:01:02.222912761Z,TimeToBegin,2025-06-30T17:01:02.222912761Z,1,2025-06-30T17:01:02.381474843Z,true,2025-06-30T17:05:14.414956165Z
01JZ0WMVDVPF44P3G83145WX2W,01JZ0W7WFSG9ZE6FZ5RAYW75P8,2025-06-30T17:02:38.523069071Z,true,2025-06-30T17:06:39.422190785Z,01JZ0W7WHE67QMEH4CJKSJPVET,2025-06-30T17:02:38.523069071Z,1,2025-06-30T17:02:38.523069071Z,Training,2025-06-30T17:02:38.523069071Z,3,2025-06-30T17:02:38.593782871Z,true,2025-06-30T17:03:39.164621303Z
01JZ0XCE4JFZP0CNW4GG03X0TY,01JZ0X7ZMW8Y5D7G0ZVAD2X33D,2025-06-30T17:15:31.346951911Z,true,2025-06-30T17:16:32.304731518Z,01JZ0X7ZNN0GRQQ68EJYGR423Q,2025-06-30T17:15:31.346951911Z,0,2025-06-30T17:15:31.346951911Z,Discussion,2025-06-30T17:15:31.346951911Z,1,2025-06-30T17:15:31.395554007Z,true,2025-06-30T17:15:31.733305809Z
01JZ0YJ23S9WQRDQ460HR6P7FQ,01JZ0XP7D84G107KY8Y0T4X5V0,2025-06-30T17:36:04.217395403Z,true,2025-06-30T17:45:26.522800882Z,01JZ0XP7EG8XH2A757Q0XZSTD8,2025-06-30T17:36:04.217395403Z,4,2025-06-30T17:36:04.217395403Z,Work,2025-06-30T17:36:04.217395403Z,1,2025-06-30T17:36:04.411881362Z,true,2025-06-30T17:40:26.350218683Z
01JZ0ZN3WV92QX00PYT1ME4CD1,01JZ0Z7NVHZYGBR218W1AZTTTX,2025-06-30T17:55:12.923236187Z,true,2025-06-30T17:59:35.179708054Z,01JZ0Z7NWZE2H4FK4XXVVF91VK,2025-06-30T17:55:12.923236187Z,3,2025-06-30T17:55:12.923236187Z,TimeToBegin,2025-06-30T17:55:12.923236187Z,1,2025-06-30T17:55:13.063289454Z,true,2025-06-30T17:59:24.951663187Z
01JZ11HY4C2ZA9A58REARTJFFF,01JZ119YR0X0B5B35KS5ARQA66,2025-06-30T18:28:25.868760987Z,true,2025-06-30T18:32:37.947505813Z,01JZ119YWQTW1CNB5AYNKC679G,2025-06-30T18:28:25.868760987Z,2,2025-06-30T18:28:25.868760987Z,ButtonCheck,2025-06-30T18:28:25.868760987Z,1,2025-06-30T18:28:26.047245296Z,true,2025-06-30T18:32:27.737510012Z
01JZ12EWYEXNMVZCP3908A7G9E,01JZ125JFJMC1Q6XSKNPVJH08C,2025-06-30T18:44:14.926754456Z,true,2025-06-30T18:45:16.623425645Z,01JZ125JHD5GFGZ2E2T20ACXSR,2025-06-30T18:44:14.926754456Z,0,2025-06-30T18:44:14.926754456Z,Discussion,2025-06-30T18:44:14.926754456Z,1,2025-06-30T18:44:15.013076334Z,true,2025-06-30T18:44:15.712883372Z
01JZ0X1FP9CJ0X1CNF5157WSWN,01JZ0W7WFSG9ZE6FZ5RAYW75P8,2025-06-30T17:09:32.489538924Z,true,2025-06-30T17:13:44.729018352Z,01JZ0W7WHAXBN0H6GS7Q677HGB,2025-06-30T17:09:32.489538924Z,2,2025-06-30T17:09:32.489538924Z,ButtonCheck,2025-06-30T17:09:32.489538924Z,1,2025-06-30T17:09:32.585464704Z,true,2025-06-30T17:13:33.663925114Z
01JZ137NDVV7Y7STVEXZWQ60TR,01JZ12TK2B48MQYACM0BX1FJ39,2025-06-30T18:57:46.427518221Z,true,2025-06-30T19:01:48.787626559Z,01JZ12TK4Q16V4FDC51PCA7WDR,2025-06-30T18:57:46.427518221Z,1,2025-06-30T18:57:46.427518221Z,Training,2025-06-30T18:57:46.427518221Z,3,2025-06-30T18:57:46.608493059Z,true,2025-06-30T18:58:48.222688479Z
01JZ0YK8EE52K8MZ9DF53S17N0,01JZ0XP7D84G107KY8Y0T4X5V0,2025-06-30T17:36:43.470391369Z,true,2025-06-30T17:41:04.949582257Z,01JZ0XP7EQ68N8E1T1SAYQ3MY0,2025-06-30T17:36:43.470391369Z,3,2025-06-30T17:36:43.470391369Z,TimeToBegin,2025-06-30T17:36:43.470391369Z,1,2025-06-30T17:36:43.570058806Z,true,2025-06-30T17:40:54.736562357Z
01JZ0ZN3W22ZCXAA8HM6TZXMH5,01JZ0Z7NVHZYGBR218W1AZTTTX,2025-06-30T17:55:12.898797194Z,true,2025-06-30T17:56:13.991915507Z,01JZ0Z7NWZE2H4FK4XXVVF91VK,2025-06-30T17:55:12.898797194Z,0,2025-06-30T17:55:12.898797194Z,Discussion,2025-06-30T17:55:12.898797194Z,1,2025-06-30T17:55:12.963621964Z,true,2025-06-30T17:55:13.356887897Z
01JZ10DBQZT54M7Y17Q46P3N9J,01JZ100N2HWY96Q2FTR0F0ZWE8,2025-06-30T18:08:27.391803747Z,true,2025-06-30T18:12:49.746512751Z,01JZ100N40PZGZRWRMG9G2S114,2025-06-30T18:08:27.391803747Z,3,2025-06-30T18:08:27.391803747Z,TimeToBegin,2025-06-30T18:08:27.391803747Z,1,2025-06-30T18:08:27.579857913Z,true,2025-06-30T18:12:39.490327965Z
01JZ11MWF30R2DEPE3C0NW7H89,01JZ119YR0X0B5B35KS5ARQA66,2025-06-30T18:30:02.468030255Z,true,2025-06-30T18:34:27.785951809Z,01JZ119YWDV104V646C65RZD3P,2025-06-30T18:30:02.468030255Z,3,2025-06-30T18:30:02.468030255Z,TimeToBegin,2025-06-30T18:30:02.468030255Z,1,2025-06-30T18:30:02.828719372Z,true,2025-06-30T18:34:17.569491923Z
01JZ0XCE53NQKKJMPX4DRFNKFF,01JZ0X7ZMW8Y5D7G0ZVAD2X33D,2025-06-30T17:15:31.363425652Z,true,2025-06-30T17:19:33.387816521Z,01JZ0X7ZNN0GRQQ68EJYGR423Q,2025-06-30T17:15:31.363425652Z,1,2025-06-30T17:15:31.363425652Z,Training,2025-06-30T17:15:31.363425652Z,3,2025-06-30T17:15:31.470858489Z,true,2025-06-30T17:16:32.430827517Z
01JZ0WDR671V6AK68SF1289RWZ,01JZ0W7WFSG9ZE6FZ5RAYW75P8,2025-06-30T16:58:45.831224238Z,true,2025-06-30T17:02:46.688641985Z,01JZ0W7WH4BMT12JZKEJ46HRED,2025-06-30T16:58:45.831224238Z,1,2025-06-30T16:58:45.831224238Z,Training,2025-06-30T16:58:45.831224238Z,3,2025-06-30T16:58:45.940743699Z,true,2025-06-30T16:59:46.408933034Z
01JZ0Z6T5QENAN1FC7PC1XG6KJ,01JZ0YMAZQ8ZJWY43T1GN1DF14,2025-06-30T17:47:24.215216479Z,true,2025-06-30T17:51:35.937832947Z,01JZ0YMB0WF5ZW98DAK0M01JZW,2025-06-30T17:47:24.215216479Z,2,2025-06-30T17:47:24.215216479Z,ButtonCheck,2025-06-30T17:47:24.215216479Z,1,2025-06-30T17:47:24.3181498Z,true,2025-06-30T17:51:25.686875839Z
01JZ0YGAWK956399B086JVVMY0,01JZ0XP7D84G107KY8Y0T4X5V0,2025-06-30T17:35:07.667789217Z,true,2025-06-30T17:36:08.454522623Z,01JZ0XP7EMN72NB2RFN2ZH81CP,2025-06-30T17:35:07.667789217Z,0,2025-06-30T17:35:07.667789217Z,Discussion,2025-06-30T17:35:07.667789217Z,1,2025-06-30T17:35:07.721356513Z,true,2025-06-30T17:35:08.008100218Z
01JZ10TYXHDMSSHPTCKFSQ6X1M,01JZ100N2HWY96Q2FTR0F0ZWE8,2025-06-30T18:15:53.009392651Z,true,2025-06-30T18:25:16.451476703Z,01JZ100N4KMAHXYJQHY2912PJS,2025-06-30T18:15:53.009392651Z,4,2025-06-30T18:15:53.009392651Z,Work,2025-06-30T18:15:53.009392651Z,1,2025-06-30T18:15:53.214431935Z,true,2025-06-30T18:20:16.231369397Z
01JZ0WG1NFKCG5ZG724ZBXJHY2,01JZ0W7WFSG9ZE6FZ5RAYW75P8,2025-06-30T17:00:01.071140366Z,true,2025-06-30T17:09:24.259344392Z,01JZ0W7WHDGTV3A91VXN46A52G,2025-06-30T17:00:01.071140366Z,4,2025-06-30T17:00:01.071140366Z,Work,2025-06-30T17:00:01.071140366Z,1,2025-06-30T17:00:01.178667853Z,true,2025-06-30T17:04:24.124828892Z
01JZ0WTTEXEEBBE00Q8XX3CJ0X,01JZ0W7WFSG9ZE6FZ5RAYW75P8,2025-06-30T17:05:54.141424499Z,true,2025-06-30T17:15:15.884563089Z,01JZ0W7WH953KKVSAQ2B0M9V8S,2025-06-30T17:05:54.141424499Z,4,2025-06-30T17:05:54.141424499Z,Work,2025-06-30T17:05:54.141424499Z,1,2025-06-30T17:05:54.232330406Z,true,2025-06-30T17:10:15.603257315Z
01JZ11MWFJH17V2JF3JPS2W0X5,01JZ119YR0X0B5B35KS5ARQA66,2025-06-30T18:30:02.482224801Z,true,2025-06-30T18:34:17.532445356Z,01JZ119YWDV104V646C65RZD3P,2025-06-30T18:30:02.482224801Z,2,2025-06-30T18:30:02.482224801Z,ButtonCheck,2025-06-30T18:30:02.482224801Z,1,2025-06-30T18:30:02.746536041Z,true,2025-06-30T18:34:07.289768626Z
01JZ0WMVDZTD2856GF5JYMK32E,01JZ0W7WFSG9ZE6FZ5RAYW75P8,2025-06-30T17:02:38.527101881Z,true,2025-06-30T17:06:49.604146346Z,01JZ0W7WHE67QMEH4CJKSJPVET,2025-06-30T17:02:38.527101881Z,2,2025-06-30T17:02:38.527101881Z,ButtonCheck,2025-06-30T17:02:38.527101881Z,1,2025-06-30T17:02:38.6068227Z,true,2025-06-30T17:06:39.460927244Z
01JZ0YGAX0FRQFF2SE01KCC2KT,01JZ0XP7D84G107KY8Y0T4X5V0,2025-06-30T17:35:07.681670306Z,true,2025-06-30T17:39:29.564315833Z,01JZ0XP7EMN72NB2RFN2ZH81CP,2025-06-30T17:35:07.681670306Z,3,2025-06-30T17:35:07.681670306Z,TimeToBegin,2025-06-30T17:35:07.681670306Z,1,2025-06-30T17:35:07.804620658Z,true,2025-06-30T17:39:19.391195363Z
01JZ137CN475F89C8K3MM1GJRS,01JZ12TK2B48MQYACM0BX1FJ39,2025-06-30T18:57:37.444400727Z,true,2025-06-30T19:01:39.840972881Z,01JZ12TK4A16DPH6KAMKDY8GHP,2025-06-30T18:57:37.444400727Z,1,2025-06-30T18:57:37.444400727Z,Training,2025-06-30T18:57:37.444400727Z,3,2025-06-30T18:57:37.627709092Z,true,2025-06-30T18:58:39.199222388Z
01JZ0WJQ9J18BDTKE4NFVP61Y9,01JZ0W7WFSG9ZE6FZ5RAYW75P8,2025-06-30T17:01:28.754681825Z,true,2025-06-30T17:02:29.557133215Z,01JZ0W7WHAXBN0H6GS7ZCJVTX8,2025-06-30T17:01:28.754681825Z,0,2025-06-30T17:01:28.754681825Z,Discussion,2025-06-30T17:01:28.754681825Z,1,2025-06-30T17:01:28.834766607Z,true,2025-06-30T17:01:29.212471528Z
01JZ0WG1NJ7YSDPMF47M86JFSF,01JZ0W7WFSG9ZE6FZ5RAYW75P8,2025-06-30T17:00:01.074367444Z,true,2025-06-30T17:04:24.102413161Z,01JZ0W7WHDGTV3A91VXN46A52G,2025-06-30T17:00:01.074367444Z,3,2025-06-30T17:00:01.074367444Z,TimeToBegin,2025-06-30T17:00:01.074367444Z,1,2025-06-30T17:00:01.164196177Z,true,2025-06-30T17:04:13.959211024Z
01JZ10DBQF23SMF6SAV061V1KD,01JZ100N2HWY96Q2FTR0F0ZWE8,2025-06-30T18:08:27.375508399Z,true,2025-06-30T18:09:28.547547721Z,01JZ100N40PZGZRWRMG9G2S114,2025-06-30T18:08:27.375508399Z,0,2025-06-30T18:08:27.375508399Z,Discussion,2025-06-30T18:08:27.375508399Z,1,2025-06-30T18:08:27.448185634Z,true,2025-06-30T18:08:27.907001411Z
01JZ137CNW8D87XK60RYZ616JK,01JZ12TK2B48MQYACM0BX1FJ39,2025-06-30T18:57:37.468695731Z,true,2025-06-30T19:02:00.750103026Z,01JZ12TK4A16DPH6KAMKDY8GHP,2025-06-30T18:57:37.468695731Z,3,2025-06-30T18:57:37.468695731Z,TimeToBegin,2025-06-30T18:57:37.468695731Z,1,2025-06-30T18:57:37.714824804Z,true,2025-06-30T19:01:50.482601097Z
01JZ0YGBQTNPVPMJJ6F77KY2H3,01JZ0XP7D84G107KY8Y0T4X5V0,2025-06-30T17:35:08.538789794Z,true,2025-06-30T17:44:31.815318003Z,01JZ0XP7EJVNGB38T0GJJ3YDRG,2025-06-30T17:35:08.538789794Z,4,2025-06-30T17:35:08.538789794Z,Work,2025-06-30T17:35:08.538789794Z,1,2025-06-30T17:35:08.689641734Z,true,2025-06-30T17:39:31.517474856Z
01JZ0ZEQ67C9F5HTE4Z5ZKADET,01JZ0Z7NVHZYGBR218W1AZTTTX,2025-06-30T17:51:43.303497923Z,true,2025-06-30T17:55:44.747632666Z,01JZ0Z7NWVZHM50FX7KDE2CZ4K,2025-06-30T17:51:43.303497923Z,1,2025-06-30T17:51:43.303497923Z,Training,2025-06-30T17:51:43.303497923Z,3,2025-06-30T17:51:43.366515844Z,true,2025-06-30T17:52:44.346143273Z
01JZ10TYWBNZW3MQW7A0PZ4SDJ,01JZ100N2HWY96Q2FTR0F0ZWE8,2025-06-30T18:15:52.971614424Z,true,2025-06-30T18:20:05.382810493Z,01JZ100N4KMAHXYJQHY2912PJS,2025-06-30T18:15:52.971614424Z,2,2025-06-30T18:15:52.971614424Z,ButtonCheck,2025-06-30T18:15:52.971614424Z,1,2025-06-30T18:15:53.151869631Z,true,2025-06-30T18:19:55.03064223Z
01JZ10TYX8F0YW6D31B1YE1KC6,01JZ100N2HWY96Q2FTR0F0ZWE8,2025-06-30T18:15:53.000182621Z,true,2025-06-30T18:20:16.202679481Z,01JZ100N4KMAHXYJQHY2912PJS,2025-06-30T18:15:53.000182621Z,3,2025-06-30T18:15:53.000182621Z,TimeToBegin,2025-06-30T18:15:53.000182621Z,1,2025-06-30T18:15:53.185775708Z,true,2025-06-30T18:20:05.452397572Z
01JZ117N3ZHA97Z6D824P3WHB7,01JZ10P0MMB9VWWBD3QMCFKF4F,2025-06-30T18:22:48.959740557Z,true,2025-06-30T18:32:13.137500098Z,01JZ10P0NQF4P3BB1AAZVYSJMW,2025-06-30T18:22:48.959740557Z,4,2025-06-30T18:22:48.959740557Z,Work,2025-06-30T18:22:48.959740557Z,1,2025-06-30T18:22:49.298068162Z,true,2025-06-30T18:27:12.602421653Z
01JZ137NF14MC9JA816XJ2PAWQ,01JZ12TK2B48MQYACM0BX1FJ39,2025-06-30T18:57:46.465369888Z,true,2025-06-30T19:01:59.209061356Z,01JZ12TK4Q16V4FDC51PCA7WDR,2025-06-30T18:57:46.465369888Z,2,2025-06-30T18:57:46.465369888Z,ButtonCheck,2025-06-30T18:57:46.465369888Z,1,2025-06-30T18:57:46.647462658Z,true,2025-06-30T19:01:48.842307315Z
01JZ0WMVDS2VAAZ00MGNQRGQNY,01JZ0W7WFSG9ZE6FZ5RAYW75P8,2025-06-30T17:02:38.521060275Z,true,2025-06-30T17:03:39.13467185Z,01JZ0W7WHE67QMEH4CJKSJPVET,2025-06-30T17:02:38.521060275Z,0,2025-06-30T17:02:38.521060275Z,Discussion,2025-06-30T17:02:38.521060275Z,1,2025-06-30T17:02:38.55597866Z,true,2025-06-30T17:02:38.764393201Z
01JZ0YZF6CSHY2H5VR4RW80FKN,01JZ0YMAZQ8ZJWY43T1GN1DF14,2025-06-30T17:43:23.596666413Z,true,2025-06-30T17:47:46.414298972Z,01JZ0YMB0R63S66YTFBNZZK4BM,2025-06-30T17:43:23.596666413Z,3,2025-06-30T17:43:23.596666413Z,TimeToBegin,2025-06-30T17:43:23.596666413Z,1,2025-06-30T17:43:23.868503222Z,true,2025-06-30T17:47:36.276206859Z
01JZ0ZEQ64VH0P6MERWF9PB50X,01JZ0Z7NVHZYGBR218W1AZTTTX,2025-06-30T17:51:43.300237841Z,true,2025-06-30T18:01:05.685675517Z,01JZ0Z7NWVZHM50FX7KDE2CZ4K,2025-06-30T17:51:43.300237841Z,4,2025-06-30T17:51:43.300237841Z,Work,2025-06-30T17:51:43.300237841Z,1,2025-06-30T17:51:43.439060657Z,true,2025-06-30T17:56:05.458478118Z
01JZ117N3566FXQWPSFS4TMJZG,01JZ10P0MMB9VWWBD3QMCFKF4F,2025-06-30T18:22:48.933711881Z,true,2025-06-30T18:27:02.20951137Z,01JZ10P0NQF4P3BB1AAZVYSJMW,2025-06-30T18:22:48.933711881Z,2,2025-06-30T18:22:48.933711881Z,ButtonCheck,2025-06-30T18:22:48.933711881Z,1,2025-06-30T18:22:49.195153114Z,true,2025-06-30T18:26:51.91191492Z
01JZ117N3JKTJ68VDPRBZ9PPYR,01JZ10P0MMB9VWWBD3QMCFKF4F,2025-06-30T18:22:48.946462416Z,true,2025-06-30T18:27:12.543812613Z,01JZ10P0NQF4P3BB1AAZVYSJMW,2025-06-30T18:22:48.946462416Z,3,2025-06-30T18:22:48.946462416Z,TimeToBegin,2025-06-30T18:22:48.946462416Z,1,2025-06-30T18:22:49.243894397Z,true,2025-06-30T18:27:02.248453332Z
01JZ11MW9THQC1VBEAB1ZSZY6F,01JZ119YR0X0B5B35KS5ARQA66,2025-06-30T18:30:02.298567888Z,true,2025-06-30T18:31:06.158161011Z,01JZ119YWDV104V646C65RZD3P,2025-06-30T18:30:02.298567888Z,0,2025-06-30T18:30:02.298567888Z,Discussion,2025-06-30T18:30:02.298567888Z,1,2025-06-30T18:30:02.54924042Z,true,2025-06-30T18:30:03.48425291Z
01JZ11XAFXVMN40FRPJ7ZQC892,01JZ119YR0X0B5B35KS5ARQA66,2025-06-30T18:34:38.973571976Z,true,2025-06-30T18:38:41.658926251Z,01JZ119YY7H6NVYT7RKS2PMWJ6,2025-06-30T18:34:38.973571976Z,1,2025-06-30T18:34:38.973571976Z,Training,2025-06-30T18:34:38.973571976Z,3,2025-06-30T18:34:39.141323377Z,true,2025-06-30T18:35:41.050006659Z
01JZ137CMJGXVV6WEC8D59QGTY,01JZ12TK2B48MQYACM0BX1FJ39,2025-06-30T18:57:37.42657315Z,true,2025-06-30T18:58:39.162614772Z,01JZ12TK4A16DPH6KAMKDY8GHP,2025-06-30T18:57:37.42657315Z,0,2025-06-30T18:57:37.42657315Z,Discussion,2025-06-30T18:57:37.42657315Z,1,2025-06-30T18:57:37.542709303Z,true,2025-06-30T18:57:38.251065785Z
01JZ0WT8WYY70EMKY3D95FZ75M,01JZ0W7WFSG9ZE6FZ5RAYW75P8,2025-06-30T17:05:36.158681629Z,true,2025-06-30T17:09:47.268755199Z,01JZ0W7WH7YZAXNKRFQJVF1GT9,2025-06-30T17:05:36.158681629Z,2,2025-06-30T17:05:36.158681629Z,ButtonCheck,2025-06-30T17:05:36.158681629Z,1,2025-06-30T17:05:36.221991848Z,true,2025-06-30T17:09:37.116660957Z
01JZ0YJ4S89TC45RT8AHQ5ETQB,01JZ0XP7D84G107KY8Y0T4X5V0,2025-06-30T17:36:06.952251794Z,true,2025-06-30T17:40:08.830254442Z,01JZ0XP7E80XQ8XGY0HAVD3ZJP,2025-06-30T17:36:06.952251794Z,1,2025-06-30T17:36:06.952251794Z,Training,2025-06-30T17:36:06.952251794Z,3,2025-06-30T17:36:07.076591332Z,true,2025-06-30T17:37:08.322704162Z
01JZ0YJ4SBT6RKE5YK9X1823NZ,01JZ0XP7D84G107KY8Y0T4X5V0,2025-06-30T17:36:06.955305973Z,true,2025-06-30T17:45:29.499901542Z,01JZ0XP7E80XQ8XGY0HAVD3ZJP,2025-06-30T17:36:06.955305973Z,4,2025-06-30T17:36:06.955305973Z,Work,2025-06-30T17:36:06.955305973Z,1,2025-06-30T17:36:07.133495996Z,true,2025-06-30T17:40:29.337302739Z
01JZ0Z6T5B8TNHMV8DMNFWV8J2,01JZ0YMAZQ8ZJWY43T1GN1DF14,2025-06-30T17:47:24.203923106Z,true,2025-06-30T17:48:25.127325941Z,01JZ0YMB0WF5ZW98DAK0M01JZW,2025-06-30T17:47:24.203923106Z,0,2025-06-30T17:47:24.203923106Z,Discussion,2025-06-30T17:47:24.203923106Z,1,2025-06-30T17:47:24.258686666Z,true,2025-06-30T17:47:24.630859286Z
01JZ0YGBR3N1C7HWBE3MCVGM7H,01JZ0XP7D84G107KY8Y0T4X5V0,2025-06-30T17:35:08.547544417Z,true,2025-06-30T17:39:31.487236579Z,01JZ0XP7EJVNGB38T0GJJ3YDRG,2025-06-30T17:35:08.547544417Z,3,2025-06-30T17:35:08.547544417Z,TimeToBegin,2025-06-30T17:35:08.547544417Z,1,2025-06-30T17:35:08.670748223Z,true,2025-06-30T17:39:21.321674611Z
01JZ12TTVA87MGKQWWKK4ZMA23,01JZ12GR49VSBA1ETNY3NZB6T4,2025-06-30T18:50:45.994339631Z,true,2025-06-30T18:51:49.556355337Z,01JZ12GR778SNDBX9EP3GGZZ51,2025-06-30T18:50:45.994339631Z,0,2025-06-30T18:50:45.994339631Z,Discussion,2025-06-30T18:50:45.994339631Z,1,2025-06-30T18:50:46.470177811Z,true,2025-06-30T18:50:48.052818823Z
01JZ137NEM5QYXCE75M2Q91679,01JZ12TK2B48MQYACM0BX1FJ39,2025-06-30T18:57:46.452453617Z,true,2025-06-30T19:02:09.552413221Z,01JZ12TK4Q16V4FDC51PCA7WDR,2025-06-30T18:57:46.452453617Z,3,2025-06-30T18:57:46.452453617Z,TimeToBegin,2025-06-30T18:57:46.452453617Z,1,2025-06-30T18:57:46.688397405Z,true,2025-06-30T19:01:59.266729695Z
01JZ0WG1N9BNQ5EF5K31ZP8W16,01JZ0W7WFSG9ZE6FZ5RAYW75P8,2025-06-30T17:00:01.065364894Z,true,2025-06-30T17:01:02.050029222Z,01JZ0W7WHDGTV3A91VXN46A52G,2025-06-30T17:00:01.065364894Z,0,2025-06-30T17:00:01.065364894Z,Discussion,2025-06-30T17:00:01.065364894Z,1,2025-06-30T17:00:01.101058127Z,true,2025-06-30T17:00:01.383090135Z
01JZ0YGAWSHVDBPGMP67RZP8D7,01JZ0XP7D84G107KY8Y0T4X5V0,2025-06-30T17:35:07.673353549Z,true,2025-06-30T17:39:19.350948358Z,01JZ0XP7EMN72NB2RFN2ZH81CP,2025-06-30T17:35:07.673353549Z,2,2025-06-30T17:35:07.673353549Z,ButtonCheck,2025-06-30T17:35:07.673353549Z,1,2025-06-30T17:35:07.781753931Z,true,2025-06-30T17:39:09.170770127Z
01JZ10TYXRYYKGY8CZ25WDAB29,01JZ100N2HWY96Q2FTR0F0ZWE8,2025-06-30T18:15:53.016806528Z,true,2025-06-30T18:19:54.991731908Z,01JZ100N4KMAHXYJQHY2912PJS,2025-06-30T18:15:53.016806528Z,1,2025-06-30T18:15:53.016806528Z,Training,2025-06-30T18:15:53.016806528Z,3,2025-06-30T18:15:53.121254365Z,true,2025-06-30T18:16:54.380616641Z
01JZ0WT8WMMV7Z983D048DDPB1,01JZ0W7WFSG9ZE6FZ5RAYW75P8,2025-06-30T17:05:36.148386763Z,true,2025-06-30T17:06:36.774344995Z,01JZ0W7WH7YZAXNKRFQJVF1GT9,2025-06-30T17:05:36.148386763Z,0,2025-06-30T17:05:36.148386763Z,Discussion,2025-06-30T17:05:36.148386763Z,1,2025-06-30T17:05:36.182627439Z,true,2025-06-30T17:05:36.372598476Z
01JZ0X0D221JYTH4TQCNSKPS8K,01JZ0W7WFSG9ZE6FZ5RAYW75P8,2025-06-30T17:08:57.026935388Z,true,2025-06-30T17:18:18.760070159Z,01JZ0W7WH669S2GHZMF9MZZGM3,2025-06-30T17:08:57.026935388Z,4,2025-06-30T17:08:57.026935388Z,Work,2025-06-30T17:08:57.026935388Z,1,2025-06-30T17:08:57.139202602Z,true,2025-06-30T17:13:18.591600025Z
01JZ0X94VE3PZPY8EGV4P326H1,01JZ0X13W9RT32E263JAYJS0WA,2025-06-30T17:13:43.534568087Z,true,2025-06-30T17:14:44.831623137Z,01JZ0X13WYYJA1PBKDVESDJZK9,2025-06-30T17:13:43.534568087Z,0,2025-06-30T17:13:43.534568087Z,Discussion,2025-06-30T17:13:43.534568087Z,1,2025-06-30T17:13:43.605563997Z,true,2025-06-30T17:13:44.102746402Z
01JZ0YJ23KDS5S1FAB4EPJNCZW,01JZ0XP7D84G107KY8Y0T4X5V0,2025-06-30T17:36:04.211833373Z,true,2025-06-30T17:40:26.325256337Z,01JZ0XP7EG8XH2A757Q0XZSTD8,2025-06-30T17:36:04.211833373Z,3,2025-06-30T17:36:04.211833373Z,TimeToBegin,2025-06-30T17:36:04.211833373Z,1,2025-06-30T17:36:04.390767724Z,true,2025-06-30T17:40:16.124926028Z
01JZ0WG1NA88YKD1VTVSR9S45Y,01JZ0W7WFSG9ZE6FZ5RAYW75P8,2025-06-30T17:00:01.066892582Z,true,2025-06-30T17:04:03.775735836Z,01JZ0W7WHDGTV3A91VXN46A52G,2025-06-30T17:00:01.066892582Z,1,2025-06-30T17:00:01.066892582Z,Training,2025-06-30T17:00:01.066892582Z,3,2025-06-30T17:00:01.132533741Z,true,2025-06-30T17:01:02.140779282Z
01JZ0X1FPMP0H3NTRHTRZ9YX43,01JZ0W7WFSG9ZE6FZ5RAYW75P8,2025-06-30T17:09:32.500648146Z,true,2025-06-30T17:18:55.315456681Z,01JZ0W7WHAXBN0H6GS7Q677HGB,2025-06-30T17:09:32.500648146Z,4,2025-06-30T17:09:32.500648146Z,Work,2025-06-30T17:09:32.500648146Z,1,2025-06-30T17:09:32.628775997Z,true,2025-06-30T17:13:55.170693932Z
01JZ0YK8EJE652HH84785FKG0X,01JZ0XP7D84G107KY8Y0T4X5V0,2025-06-30T17:36:43.474730026Z,true,2025-06-30T17:46:05.224007504Z,01JZ0XP7EQ68N8E1T1SAYQ3MY0,2025-06-30T17:36:43.474730026Z,4,2025-06-30T17:36:43.474730026Z,Work,2025-06-30T17:36:43.474730026Z,1,2025-06-30T17:36:43.588783639Z,true,2025-06-30T17:41:04.978081132Z
01JZ137NFWPT5DBTC9G909E8ZQ,01JZ12TK2B48MQYACM0BX1FJ39,2025-06-30T18:57:46.492227284Z,true,2025-06-30T19:07:09.915997068Z,01JZ12TK4Q16V4FDC51PCA7WDR,2025-06-30T18:57:46.492227284Z,4,2025-06-30T18:57:46.492227284Z,Work,2025-06-30T18:57:46.492227284Z,1,2025-06-30T18:57:46.742448785Z,true,2025-06-30T19:02:09.594578197Z
01JZ0YK8EAX4M5FSBD0B5EMBY7,01JZ0XP7D84G107KY8Y0T4X5V0,2025-06-30T17:36:43.467064951Z,true,2025-06-30T17:40:54.702944407Z,01JZ0XP7EQ68N8E1T1SAYQ3MY0,2025-06-30T17:36:43.467064951Z,2,2025-06-30T17:36:43.467064951Z,ButtonCheck,2025-06-30T17:36:43.467064951Z,1,2025-06-30T17:36:43.550470479Z,true,2025-06-30T17:40:44.525835512Z
01JZ12EWZPCJQYJXWFY85R0MME,01JZ125JFJMC1Q6XSKNPVJH08C,2025-06-30T18:44:14.966872227Z,true,2025-06-30T18:48:28.028968202Z,01JZ125JHD5GFGZ2E2T20ACXSR,2025-06-30T18:44:14.966872227Z,2,2025-06-30T18:44:14.966872227Z,ButtonCheck,2025-06-30T18:44:14.966872227Z,1,2025-06-30T18:44:15.196252274Z,true,2025-06-30T18:48:17.730246353Z
01JZ137CNGT1NATJJ722FQF06V,01JZ12TK2B48MQYACM0BX1FJ39,2025-06-30T18:57:37.456825134Z,true,2025-06-30T19:01:50.443361209Z,01JZ12TK4A16DPH6KAMKDY8GHP,2025-06-30T18:57:37.456825134Z,2,2025-06-30T18:57:37.456825134Z,ButtonCheck,2025-06-30T18:57:37.456825134Z,1,2025-06-30T18:57:37.675959382Z,true,2025-06-30T19:01:39.922815461Z
01JZ0WMVE35K5WD19CJF3EQRFY,01JZ0W7WFSG9ZE6FZ5RAYW75P8,2025-06-30T17:02:38.531086296Z,true,2025-06-30T17:11:59.970595719Z,01JZ0W7WHE67QMEH4CJKSJPVET,2025-06-30T17:02:38.531086296Z,4,2025-06-30T17:02:38.531086296Z,Work,2025-06-30T17:02:38.531086296Z,1,2025-06-30T17:02:38.635337345Z,true,2025-06-30T17:06:59.828001465Z
01JZ0X1FPB8VEV669N0M3P4F3C,01JZ0W7WFSG9ZE6FZ5RAYW75P8,2025-06-30T17:09:32.491725993Z,true,2025-06-30T17:13:33.621789214Z,01JZ0W7WHAXBN0H6GS7Q677HGB,2025-06-30T17:09:32.491725993Z,1,2025-06-30T17:09:32.491725993Z,Training,2025-06-30T17:09:32.491725993Z,3,2025-06-30T17:09:32.565608915Z,true,2025-06-30T17:10:33.200424872Z
01JZ0X94WKCC9KYW4Z06CRWSJ2,01JZ0X13W9RT32E263JAYJS0WA,2025-06-30T17:13:43.573201233Z,true,2025-06-30T17:17:55.323820079Z,01JZ0X13WYYJA1PBKDVESDJZK9,2025-06-30T17:13:43.573201233Z,2,2025-06-30T17:13:43.573201233Z,ButtonCheck,2025-06-30T17:13:43.573201233Z,1,2025-06-30T17:13:43.715958052Z,true,2025-06-30T17:17:45.173012904Z
01JZ10DBRS6JXFXDQCGQSX4K9P,01JZ100N2HWY96Q2FTR0F0ZWE8,2025-06-30T18:08:27.417176107Z,true,2025-06-30T18:12:39.424805087Z,01JZ100N40PZGZRWRMG9G2S114,2025-06-30T18:08:27.417176107Z,2,2025-06-30T18:08:27.417176107Z,ButtonCheck,2025-06-30T18:08:27.417176107Z,1,2025-06-30T18:08:27.553527437Z,true,2025-06-30T18:12:29.148133102Z
01JZ0WJQA6G1BCFBAY0Z0QH02V,01JZ0W7WFSG9ZE6FZ5RAYW75P8,2025-06-30T17:01:28.774731683Z,true,2025-06-30T17:10:50.554158313Z,01JZ0W7WHAXBN0H6GS7ZCJVTX8,2025-06-30T17:01:28.774731683Z,4,2025-06-30T17:01:28.774731683Z,Work,2025-06-30T17:01:28.774731683Z,1,2025-06-30T17:01:28.994194228Z,true,2025-06-30T17:05:50.404002539Z
01JZ0WT8WR8GQQ3B6DQCVGXKD9,01JZ0W7WFSG9ZE6FZ5RAYW75P8,2025-06-30T17:05:36.152324312Z,true,2025-06-30T17:09:37.088539687Z,01JZ0W7WH7YZAXNKRFQJVF1GT9,2025-06-30T17:05:36.152324312Z,1,2025-06-30T17:05:36.152324312Z,Training,2025-06-30T17:05:36.152324312Z,3,2025-06-30T17:05:36.209379191Z,true,2025-06-30T17:06:36.787449539Z
01JZ0ZNAYQ28Y241WB8F253Q81,01JZ0Z7NVHZYGBR218W1AZTTTX,2025-06-30T17:55:20.15204132Z,true,2025-06-30T17:59:32.90895554Z,01JZ0Z7NWEY0R3MD8J8181F140,2025-06-30T17:55:20.15204132Z,2,2025-06-30T17:55:20.15204132Z,ButtonCheck,2025-06-30T17:55:20.15204132Z,1,2025-06-30T17:55:20.383763291Z,true,2025-06-30T17:59:22.70342676Z
01JZ0WHXBZJ9DJ6C9RH7BGK73K,01JZ0W7WFSG9ZE6FZ5RAYW75P8,2025-06-30T17:01:02.207661383Z,true,2025-06-30T17:02:03.812329447Z,01JZ0W7WH953KKVSAQ2RB19JGS,2025-06-30T17:01:02.207661383Z,0,2025-06-30T17:01:02.207661383Z,Discussion,2025-06-30T17:01:02.207661383Z,1,2025-06-30T17:01:02.268383815Z,true,2025-06-30T17:01:02.912968083Z
01JZ125KSG0SZN1R0KNRG3J6GM,01JZ11XHS287W5Q5TASNQ00G2A,2025-06-30T18:39:10.640080736Z,true,2025-06-30T18:43:24.043816067Z,01JZ11XHTNJGBK57M9Z78S7EZ8,2025-06-30T18:39:10.640080736Z,2,2025-06-30T18:39:10.640080736Z,ButtonCheck,2025-06-30T18:39:10.640080736Z,1,2025-06-30T18:39:10.947268781Z,true,2025-06-30T18:43:13.725038285Z
01JZ10C7MWYJNYTGWS886JGMNP,01JZ100N2HWY96Q2FTR0F0ZWE8,2025-06-30T18:07:50.428479929Z,true,2025-06-30T18:12:13.134544602Z,01JZ100N4SNNY9PP8QFCF7M9TY,2025-06-30T18:07:50.428479929Z,3,2025-06-30T18:07:50.428479929Z,TimeToBegin,2025-06-30T18:07:50.428479929Z,1,2025-06-30T18:07:50.678105292Z,true,2025-06-30T18:12:02.886005836Z
01JZ10DBQST28KKZ3PCXRQF7R5,01JZ100N2HWY96Q2FTR0F0ZWE8,2025-06-30T18:08:27.385811685Z,true,2025-06-30T18:12:29.121861523Z,01JZ100N40PZGZRWRMG9G2S114,2025-06-30T18:08:27.385811685Z,1,2025-06-30T18:08:27.385811685Z,Training,2025-06-30T18:08:27.385811685Z,3,2025-06-30T18:08:27.51002489Z,true,2025-06-30T18:09:28.584474539Z
01JZ137ND2ZNHTTR0ZRDG34Y85,01JZ12TK2B48MQYACM0BX1FJ39,2025-06-30T18:57:46.402519354Z,true,2025-06-30T18:58:48.182480364Z,01JZ12TK4Q16V4FDC51PCA7WDR,2025-06-30T18:57:46.402519354Z,0,2025-06-30T18:57:46.402519354Z,Discussion,2025-06-30T18:57:46.402519354Z,1,2025-06-30T18:57:46.534070258Z,true,2025-06-30T18:57:47.201011661Z
01JZ0WTTEKC7XFKM4RZ6QM2CMJ,01JZ0W7WFSG9ZE6FZ5RAYW75P8,2025-06-30T17:05:54.132027055Z,true,2025-06-30T17:10:15.565457554Z,01JZ0W7WH953KKVSAQ2B0M9V8S,2025-06-30T17:05:54.132027055Z,3,2025-06-30T17:05:54.132027055Z,TimeToBegin,2025-06-30T17:05:54.132027055Z,1,2025-06-30T17:05:54.21810062Z,true,2025-06-30T17:10:05.386667025Z
01JZ11PR7HWNKJF7SSRAGV1GP9,01JZ119YR0X0B5B35KS5ARQA66,2025-06-30T18:31:03.665471526Z,true,2025-06-30T18:40:27.9499934Z,01JZ119YW2HKPBQ3HF5AQNWR9Z,2025-06-30T18:31:03.665471526Z,4,2025-06-30T18:31:03.665471526Z,Work,2025-06-30T18:31:03.665471526Z,1,2025-06-30T18:31:04.149965901Z,true,2025-06-30T18:35:27.647669012Z
01JZ0WHXCC6CTCCFSE1KKSNSCN,01JZ0W7WFSG9ZE6FZ5RAYW75P8,2025-06-30T17:01:02.220827094Z,true,2025-06-30T17:10:24.706577971Z,01JZ0W7WH953KKVSAQ2RB19JGS,2025-06-30T17:01:02.220827094Z,4,2025-06-30T17:01:02.220827094Z,Work,2025-06-30T17:01:02.220827094Z,1,2025-06-30T17:01:02.421418713Z,true,2025-06-30T17:05:24.578462223Z
01JZ0WT8X2FE19GE71SPJ9KNTF,01JZ0W7WFSG9ZE6FZ5RAYW75P8,2025-06-30T17:05:36.162306772Z,true,2025-06-30T17:14:57.594348466Z,01JZ0W7WH7YZAXNKRFQJVF1GT9,2025-06-30T17:05:36.162306772Z,4,2025-06-30T17:05:36.162306772Z,Work,2025-06-30T17:05:36.162306772Z,1,2025-06-30T17:05:36.250080406Z,true,2025-06-30T17:09:57.452932223Z
01JZ0ZN3WK9WZTC3G19AKW9721,01JZ0Z7NVHZYGBR218W1AZTTTX,2025-06-30T17:55:12.915740684Z,true,2025-06-30T17:59:24.900878055Z,01JZ0Z7NWZE2H4FK4XXVVF91VK,2025-06-30T17:55:12.915740684Z,2,2025-06-30T17:55:12.915740684Z,ButtonCheck,2025-06-30T17:55:12.915740684Z,1,2025-06-30T17:55:13.038456485Z,true,2025-06-30T17:59:14.596232167Z
01JZ10KP23VD2A36G6JGHTHMMQ,01JZ100N2HWY96Q2FTR0F0ZWE8,2025-06-30T18:11:54.56376167Z,true,2025-06-30T18:16:16.719729899Z,01JZ100N4EZ1D1ZSMZ8BGYY8VN,2025-06-30T18:11:54.56376167Z,3,2025-06-30T18:11:54.56376167Z,TimeToBegin,2025-06-30T18:11:54.56376167Z,1,2025-06-30T18:11:54.725916777Z,true,2025-06-30T18:16:06.492033695Z
01JZ11XAFJ8MVB91K5562CQM4C,01JZ119YR0X0B5B35KS5ARQA66,2025-06-30T18:34:38.962118647Z,true,2025-06-30T18:44:02.911346338Z,01JZ119YY7H6NVYT7RKS2PMWJ6,2025-06-30T18:34:38.962118647Z,4,2025-06-30T18:34:38.962118647Z,Work,2025-06-30T18:34:38.962118647Z,1,2025-06-30T18:34:39.378421349Z,true,2025-06-30T18:39:02.425660882Z
01JZ0YGAXEGV56WCH1MR19TPMT,01JZ0XP7D84G107KY8Y0T4X5V0,2025-06-30T17:35:07.694428117Z,true,2025-06-30T17:39:09.128841469Z,01JZ0XP7EMN72NB2RFN2ZH81CP,2025-06-30T17:35:07.694428117Z,1,2025-06-30T17:35:07.694428117Z,Training,2025-06-30T17:35:07.694428117Z,3,2025-06-30T17:35:07.758666828Z,true,2025-06-30T17:36:08.521504841Z
01JZ0YGBRBSNY5AD60TW5622DY,01JZ0XP7D84G107KY8Y0T4X5V0,2025-06-30T17:35:08.55512009Z,true,2025-06-30T17:39:11.051744489Z,01JZ0XP7EJVNGB38T0GJJ3YDRG,2025-06-30T17:35:08.55512009Z,1,2025-06-30T17:35:08.55512009Z,Training,2025-06-30T17:35:08.55512009Z,3,2025-06-30T17:35:08.620250647Z,true,2025-06-30T17:36:10.437048461Z
01JZ10C7M89GRNAJQYP6PET090,01JZ100N2HWY96Q2FTR0F0ZWE8,2025-06-30T18:07:50.408891847Z,true,2025-06-30T18:08:51.916090772Z,01JZ100N4SNNY9PP8QFCF7M9TY,2025-06-30T18:07:50.408891847Z,0,2025-06-30T18:07:50.408891847Z,Discussion,2025-06-30T18:07:50.408891847Z,1,2025-06-30T18:07:50.521382069Z,true,2025-06-30T18:07:51.134465937Z
01JZ137CP8QX9GA8J0PENAMWHK,01JZ12TK2B48MQYACM0BX1FJ39,2025-06-30T18:57:37.480540941Z,true,2025-06-30T19:07:01.276215576Z,01JZ12TK4A16DPH6KAMKDY8GHP,2025-06-30T18:57:37.480540941Z,4,2025-06-30T18:57:37.480540941Z,Work,2025-06-30T18:57:37.480540941Z,1,2025-06-30T18:57:37.752648582Z,true,2025-06-30T19:02:00.812448052Z
01JZ0ZG9YQ1ENH3P7TKPY06E4R,01JZ0Z7NVHZYGBR218W1AZTTTX,2025-06-30T17:52:35.287287512Z,true,2025-06-30T18:01:58.073695617Z,01JZ0Z7NWQ9CYAGNFMNZVFE8F3,2025-06-30T17:52:35.287287512Z,4,2025-06-30T17:52:35.287287512Z,Work,2025-06-30T17:52:35.287287512Z,1,2025-06-30T17:52:35.487522454Z,true,2025-06-30T17:56:57.803888841Z
01JZ0WTTER8YKF88AWJGE0H1N4,01JZ0W7WFSG9ZE6FZ5RAYW75P8,2025-06-30T17:05:54.136722312Z,true,2025-06-30T17:09:55.176956543Z,01JZ0W7WH953KKVSAQ2B0M9V8S,2025-06-30T17:05:54.136722312Z,1,2025-06-30T17:05:54.136722312Z,Training,2025-06-30T17:05:54.136722312Z,3,2025-06-30T17:05:54.183013433Z,true,2025-06-30T17:06:54.779051026Z
01JZ11NE8YPZHW6Y2WMTPR1CGQ,01JZ119YR0X0B5B35KS5ARQA66,2025-06-30T18:30:20.702732116Z,true,2025-06-30T18:31:22.42197543Z,01JZ119YTKRCVRVA7XBM70602J,2025-06-30T18:30:20.702732116Z,0,2025-06-30T18:30:20.702732116Z,Discussion,2025-06-30T18:30:20.702732116Z,1,2025-06-30T18:30:20.815506644Z,true,2025-06-30T18:30:21.54588378Z
01JZ10KP1DRZ3PQJX0WF8G5PH8,01JZ100N2HWY96Q2FTR0F0ZWE8,2025-06-30T18:11:54.541770727Z,true,2025-06-30T18:12:55.701508448Z,01JZ100N4EZ1D1ZSMZ8BGYY8VN,2025-06-30T18:11:54.541770727Z,0,2025-06-30T18:11:54.541770727Z,Discussion,2025-06-30T18:11:54.541770727Z,1,2025-06-30T18:11:54.605661725Z,true,2025-06-30T18:11:55.114614981Z
01JZ11XAGJ3G0TNZW5E9JT4RWJ,01JZ119YR0X0B5B35KS5ARQA66,2025-06-30T18:34:38.994476521Z,true,2025-06-30T18:38:52.031070736Z,01JZ119YY7H6NVYT7RKS2PMWJ6,2025-06-30T18:34:38.994476521Z,2,2025-06-30T18:34:38.994476521Z,ButtonCheck,2025-06-30T18:34:38.994476521Z,1,2025-06-30T18:34:39.197366021Z,true,2025-06-30T18:38:41.701130962Z
01JZ0X0D1TX7JZAW1W5093THGQ,01JZ0W7WFSG9ZE6FZ5RAYW75P8,2025-06-30T17:08:57.018969863Z,true,2025-06-30T17:09:57.684107931Z,01JZ0W7WH669S2GHZMF9MZZGM3,2025-06-30T17:08:57.018969863Z,0,2025-06-30T17:08:57.018969863Z,Discussion,2025-06-30T17:08:57.018969863Z,1,2025-06-30T17:08:57.054625351Z,true,2025-06-30T17:08:57.31894331Z
01JZ0XCE4VW3TJ5TZKQXXFJFDB,01JZ0X7ZMW8Y5D7G0ZVAD2X33D,2025-06-30T17:15:31.35515033Z,true,2025-06-30T17:19:54.0042688Z,01JZ0X7ZNN0GRQQ68EJYGR423Q,2025-06-30T17:15:31.35515033Z,3,2025-06-30T17:15:31.35515033Z,TimeToBegin,2025-06-30T17:15:31.35515033Z,1,2025-06-30T17:15:31.512821014Z,true,2025-06-30T17:19:43.810349439Z
01JZ0XCE51JFHJXP0RJMS19MR8,01JZ0X7ZMW8Y5D7G0ZVAD2X33D,2025-06-30T17:15:31.361147909Z,true,2025-06-30T17:19:43.786008201Z,01JZ0X7ZNN0GRQQ68EJYGR423Q,2025-06-30T17:15:31.361147909Z,2,2025-06-30T17:15:31.361147909Z,ButtonCheck,2025-06-30T17:15:31.361147909Z,1,2025-06-30T17:15:31.490683965Z,true,2025-06-30T17:19:33.413570291Z
01JZ0ZG9Y20SDKYFVTQ1ZS0X1D,01JZ0Z7NVHZYGBR218W1AZTTTX,2025-06-30T17:52:35.266905628Z,true,2025-06-30T17:53:36.640704129Z,01JZ0Z7NWQ9CYAGNFMNZVFE8F3,2025-06-30T17:52:35.266905628Z,0,2025-06-30T17:52:35.266905628Z,Discussion,2025-06-30T17:52:35.266905628Z,1,2025-06-30T17:52:35.349782803Z,true,2025-06-30T17:52:35.76572801Z
01JZ0WDR6F1WJDXD60AZS9KZP4,01JZ0W7WFSG9ZE6FZ5RAYW75P8,2025-06-30T16:58:45.839775718Z,true,2025-06-30T17:08:07.419018762Z,01JZ0W7WH4BMT12JZKEJ46HRED,2025-06-30T16:58:45.839775718Z,4,2025-06-30T16:58:45.839775718Z,Work,2025-06-30T16:58:45.839775718Z,1,2025-06-30T16:58:45.989391985Z,true,2025-06-30T17:03:07.103965765Z
01JZ0WT8X1BAH4HYY6JBG8FFN3,01JZ0W7WFSG9ZE6FZ5RAYW75P8,2025-06-30T17:05:36.16113437Z,true,2025-06-30T17:09:57.432542418Z,01JZ0W7WH7YZAXNKRFQJVF1GT9,2025-06-30T17:05:36.16113437Z,3,2025-06-30T17:05:36.16113437Z,TimeToBegin,2025-06-30T17:05:36.16113437Z,1,2025-06-30T17:05:36.236789929Z,true,2025-06-30T17:09:47.295226003Z
01JZ0X0D1MM1FBC68A68SRT7QX,01JZ0W7WFSG9ZE6FZ5RAYW75P8,2025-06-30T17:08:57.012679201Z,true,2025-06-30T17:12:58.038893609Z,01JZ0W7WH669S2GHZMF9MZZGM3,2025-06-30T17:08:57.012679201Z,1,2025-06-30T17:08:57.012679201Z,Training,2025-06-30T17:08:57.012679201Z,3,2025-06-30T17:08:57.088765102Z,true,2025-06-30T17:09:57.70148544Z
01JZ11PR6X1RV1B06GFYQ7HH3Q,01JZ119YR0X0B5B35KS5ARQA66,2025-06-30T18:31:03.645567119Z,true,2025-06-30T18:35:17.337636125Z,01JZ119YW2HKPBQ3HF5AQNWR9Z,2025-06-30T18:31:03.645567119Z,2,2025-06-30T18:31:03.645567119Z,ButtonCheck,2025-06-30T18:31:03.645567119Z,1,2025-06-30T18:31:04.031038442Z,true,2025-06-30T18:35:07.098140799Z
01JZ125KVFXGM4X3QHYBQ7FNMN,01JZ11XHS287W5Q5TASNQ00G2A,2025-06-30T18:39:10.704025036Z,true,2025-06-30T18:43:34.436544908Z,01JZ11XHTNJGBK57M9Z78S7EZ8,2025-06-30T18:39:10.704025036Z,3,2025-06-30T18:39:10.704025036Z,TimeToBegin,2025-06-30T18:39:10.704025036Z,1,2025-06-30T18:39:10.994695019Z,true,2025-06-30T18:43:24.098236566Z
01JZ0YZF7AZNJQ4PJPHYYDFMTE,01JZ0YMAZQ8ZJWY43T1GN1DF14,2025-06-30T17:43:23.626758933Z,true,2025-06-30T17:47:36.235610666Z,01JZ0YMB0R63S66YTFBNZZK4BM,2025-06-30T17:43:23.626758933Z,2,2025-06-30T17:43:23.626758933Z,ButtonCheck,2025-06-30T17:43:23.626758933Z,1,2025-06-30T17:43:23.818120492Z,true,2025-06-30T17:47:26.054959892Z
01JZ0ZG9YFNZT58VRWXG3QT5BQ,01JZ0Z7NVHZYGBR218W1AZTTTX,2025-06-30T17:52:35.279647177Z,true,2025-06-30T17:56:37.217518752Z,01JZ0Z7NWQ9CYAGNFMNZVFE8F3,2025-06-30T17:52:35.279647177Z,1,2025-06-30T17:52:35.279647177Z,Training,2025-06-30T17:52:35.279647177Z,3,2025-06-30T17:52:35.397047456Z,true,2025-06-30T17:53:36.668764083Z
01JZ0WTTEN4KFVRC8S8Z8CDA17,01JZ0W7WFSG9ZE6FZ5RAYW75P8,2025-06-30T17:05:54.133191989Z,true,2025-06-30T17:10:05.347359119Z,01JZ0W7WH953KKVSAQ2B0M9V8S,2025-06-30T17:05:54.133191989Z,2,2025-06-30T17:05:54.133191989Z,ButtonCheck,2025-06-30T17:05:54.133191989Z,1,2025-06-30T17:05:54.199160134Z,true,2025-06-30T17:09:55.193066394Z
01JZ11PR68KJ9KRX92H1GBZV0Q,01JZ119YR0X0B5B35KS5ARQA66,2025-06-30T18:31:03.624629583Z,true,2025-06-30T18:35:07.059620574Z,01JZ119YW2HKPBQ3HF5AQNWR9Z,2025-06-30T18:31:03.624629583Z,1,2025-06-30T18:31:03.624629583Z,Training,2025-06-30T18:31:03.624629583Z,3,2025-06-30T18:31:03.919960756Z,true,2025-06-30T18:32:06.411458438Z
01JZ11X856WWJQWG2MEZC0JYTX,01JZ119YR0X0B5B35KS5ARQA66,2025-06-30T18:34:36.582494769Z,true,2025-06-30T18:38:40.278848402Z,01JZ119YX2JRQ0Y08WK2G2K83K,2025-06-30T18:34:36.582494769Z,1,2025-06-30T18:34:36.582494769Z,Training,2025-06-30T18:34:36.582494769Z,3,2025-06-30T18:34:36.809001642Z,true,2025-06-30T18:35:39.654390793Z
01JZ0YK8DVGRZRYAMWHKT16ASH,01JZ0XP7D84G107KY8Y0T4X5V0,2025-06-30T17:36:43.452014058Z,true,2025-06-30T17:37:44.123319329Z,01JZ0XP7EQ68N8E1T1SAYQ3MY0,2025-06-30T17:36:43.452014058Z,0,2025-06-30T17:36:43.452014058Z,Discussion,2025-06-30T17:36:43.452014058Z,1,2025-06-30T17:36:43.497462376Z,true,2025-06-30T17:36:43.793149745Z
01JZ0WG1NKKS39QP1N931C8X0H,01JZ0W7WFSG9ZE6FZ5RAYW75P8,2025-06-30T17:00:01.07546792Z,true,2025-06-30T17:04:13.934785416Z,01JZ0W7WHDGTV3A91VXN46A52G,2025-06-30T17:00:01.07546792Z,2,2025-06-30T17:00:01.07546792Z,ButtonCheck,2025-06-30T17:00:01.07546792Z,1,2025-06-30T17:00:01.150474138Z,true,2025-06-30T17:04:03.791444829Z
01JZ0X0D1EGJJMT4PJT4Z6WRWT,01JZ0W7WFSG9ZE6FZ5RAYW75P8,2025-06-30T17:08:57.007023877Z,true,2025-06-30T17:13:18.572405745Z,01JZ0W7WH669S2GHZMF9MZZGM3,2025-06-30T17:08:57.007023877Z,3,2025-06-30T17:08:57.007023877Z,TimeToBegin,2025-06-30T17:08:57.007023877Z,1,2025-06-30T17:08:57.123867815Z,true,2025-06-30T17:13:08.368609029Z
01JZ11HY3M9BTBRH5C7BX1BNEF,01JZ119YR0X0B5B35KS5ARQA66,2025-06-30T18:28:25.844203874Z,true,2025-06-30T18:32:27.705301826Z,01JZ119YWQTW1CNB5AYNKC679G,2025-06-30T18:28:25.844203874Z,1,2025-06-30T18:28:25.844203874Z,Training,2025-06-30T18:28:25.844203874Z,3,2025-06-30T18:28:26.005253001Z,true,2025-06-30T18:29:27.256139403Z
01JZ11MWE606HX430TA12EYGQC,01JZ119YR0X0B5B35KS5ARQA66,2025-06-30T18:30:02.438843864Z,true,2025-06-30T18:39:28.081383673Z,01JZ119YWDV104V646C65RZD3P,2025-06-30T18:30:02.438843864Z,4,2025-06-30T18:30:02.438843864Z,Work,2025-06-30T18:30:02.438843864Z,1,2025-06-30T18:30:02.945067791Z,true,2025-06-30T18:34:27.825316467Z
01JZ10DBRJ7Q8DK97HCAG5ZXQX,01JZ100N2HWY96Q2FTR0F0ZWE8,2025-06-30T18:08:27.410545666Z,true,2025-06-30T18:17:49.986957552Z,01JZ100N40PZGZRWRMG9G2S114,2025-06-30T18:08:27.410545666Z,4,2025-06-30T18:08:27.410545666Z,Work,2025-06-30T18:08:27.410545666Z,1,2025-06-30T18:08:27.60495936Z,true,2025-06-30T18:12:49.783627146Z
01JZ0YGBR824DC5QQ867N8PWG5,01JZ0XP7D84G107KY8Y0T4X5V0,2025-06-30T17:35:08.552266611Z,true,2025-06-30T17:39:21.293016181Z,01JZ0XP7EJVNGB38T0GJJ3YDRG,2025-06-30T17:35:08.552266611Z,2,2025-06-30T17:35:08.552266611Z,ButtonCheck,2025-06-30T17:35:08.552266611Z,1,2025-06-30T17:35:08.644394983Z,true,2025-06-30T17:39:11.084003599Z
01JZ0Z6T5VNT6VRJ3BZAS2BXSR,01JZ0YMAZQ8ZJWY43T1GN1DF14,2025-06-30T17:47:24.219874934Z,true,2025-06-30T17:51:46.154674351Z,01JZ0YMB0WF5ZW98DAK0M01JZW,2025-06-30T17:47:24.219874934Z,3,2025-06-30T17:47:24.219874934Z,TimeToBegin,2025-06-30T17:47:24.219874934Z,1,2025-06-30T17:47:24.344622545Z,true,2025-06-30T17:51:35.961680615Z
01JZ10KP1X152FSFF7MDZT2Y0B,01JZ100N2HWY96Q2FTR0F0ZWE8,2025-06-30T18:11:54.557787716Z,true,2025-06-30T18:15:56.205438587Z,01JZ100N4EZ1D1ZSMZ8BGYY8VN,2025-06-30T18:11:54.557787716Z,1,2025-06-30T18:11:54.557787716Z,Training,2025-06-30T18:11:54.557787716Z,3,2025-06-30T18:11:54.665207214Z,true,2025-06-30T18:12:55.735160233Z
01JZ0WDR6ANASPSKJ9F9M8CXCT,01JZ0W7WFSG9ZE6FZ5RAYW75P8,2025-06-30T16:58:45.834268226Z,true,2025-06-30T17:03:07.044609543Z,01JZ0W7WH4BMT12JZKEJ46HRED,2025-06-30T16:58:45.834268226Z,3,2025-06-30T16:58:45.834268226Z,TimeToBegin,2025-06-30T16:58:45.834268226Z,1,2025-06-30T16:58:45.97596441Z,true,2025-06-30T17:02:56.882785031Z
01JZ12EWYRQ5S00ZTP02VK1S26,01JZ125JFJMC1Q6XSKNPVJH08C,2025-06-30T18:44:14.936168188Z,true,2025-06-30T18:48:38.500718738Z,01JZ125JHD5GFGZ2E2T20ACXSR,2025-06-30T18:44:14.936168188Z,3,2025-06-30T18:44:14.936168188Z,TimeToBegin,2025-06-30T18:44:14.936168188Z,1,2025-06-30T18:44:15.238062669Z,true,2025-06-30T18:48:28.108850525Z
01JZ0Z6T660SHF634AH558SFV6,01JZ0YMAZQ8ZJWY43T1GN1DF14,2025-06-30T17:47:24.230776471Z,true,2025-06-30T17:56:46.354379268Z,01JZ0YMB0WF5ZW98DAK0M01JZW,2025-06-30T17:47:24.230776471Z,4,2025-06-30T17:47:24.230776471Z,Work,2025-06-30T17:47:24.230776471Z,1,2025-06-30T17:47:24.367344495Z,true,2025-06-30T17:51:46.181058174Z
01JZ11X84QT4YK2XBE2DR5BVB0,01JZ119YR0X0B5B35KS5ARQA66,2025-06-30T18:34:36.567857823Z,true,2025-06-30T18:38:50.596513784Z,01JZ119YX2JRQ0Y08WK2G2K83K,2025-06-30T18:34:36.567857823Z,2,2025-06-30T18:34:36.567857823Z,ButtonCheck,2025-06-30T18:34:36.567857823Z,1,2025-06-30T18:34:36.86966644Z,true,2025-06-30T18:38:40.325460948Z
01JZ12EWZ4ZXFFR2ZNAX51XFN4,01JZ125JFJMC1Q6XSKNPVJH08C,2025-06-30T18:44:14.948510195Z,true,2025-06-30T18:48:17.69065472Z,01JZ125JHD5GFGZ2E2T20ACXSR,2025-06-30T18:44:14.948510195Z,1,2025-06-30T18:44:14.948510195Z,Training,2025-06-30T18:44:14.948510195Z,3,2025-06-30T18:44:15.155178316Z,true,2025-06-30T18:45:16.681958059Z
01JZ0YJ23P67G12KGDYCXRC7HY,01JZ0XP7D84G107KY8Y0T4X5V0,2025-06-30T17:36:04.214864311Z,true,2025-06-30T17:40:16.081755398Z,01JZ0XP7EG8XH2A757Q0XZSTD8,2025-06-30T17:36:04.214864311Z,2,2025-06-30T17:36:04.214864311Z,ButtonCheck,2025-06-30T17:36:04.214864311Z,1,2025-06-30T17:36:04.365752657Z,true,2025-06-30T17:40:05.84709198Z
01JZ0ZNAXF0V77TW8GXK197WV3,01JZ0Z7NVHZYGBR218W1AZTTTX,2025-06-30T17:55:20.112030656Z,true,2025-06-30T17:59:22.666355223Z,01JZ0Z7NWEY0R3MD8J8181F140,2025-06-30T17:55:20.112030656Z,1,2025-06-30T17:55:20.112030656Z,Training,2025-06-30T17:55:20.112030656Z,3,2025-06-30T17:55:20.335476831Z,true,2025-06-30T17:56:22.202635856Z
01JZ10C7MH6PK273FNY69VTJ1Q,01JZ100N2HWY96Q2FTR0F0ZWE8,2025-06-30T18:07:50.417716068Z,true,2025-06-30T18:12:02.836455251Z,01JZ100N4SNNY9PP8QFCF7M9TY,2025-06-30T18:07:50.417716068Z,2,2025-06-30T18:07:50.417716068Z,ButtonCheck,2025-06-30T18:07:50.417716068Z,1,2025-06-30T18:07:50.641525005Z,true,2025-06-30T18:11:52.550733322Z
01JZ11NE8JAQFSGC35G9MVT61R,01JZ119YR0X0B5B35KS5ARQA66,2025-06-30T18:30:20.69016712Z,true,2025-06-30T18:34:33.379613237Z,01JZ119YTKRCVRVA7XBM70602J,2025-06-30T18:30:20.69016712Z,2,2025-06-30T18:30:20.69016712Z,ButtonCheck,2025-06-30T18:30:20.69016712Z,1,2025-06-30T18:30:20.947548253Z,true,2025-06-30T18:34:23.11241452Z
01JZ0YZF61V02X006G88CCN1N8,01JZ0YMAZQ8ZJWY43T1GN1DF14,2025-06-30T17:43:23.585103692Z,true,2025-06-30T17:44:25.508116483Z,01JZ0YMB0R63S66YTFBNZZK4BM,2025-06-30T17:43:23.585103692Z,0,2025-06-30T17:43:23.585103692Z,Discussion,2025-06-30T17:43:23.585103692Z,1,2025-06-30T17:43:23.676997132Z,true,2025-06-30T17:43:24.58318591Z
01JZ0ZN3X1H6GCGMDNW779BFF9,01JZ0Z7NVHZYGBR218W1AZTTTX,2025-06-30T17:55:12.929928712Z,true,2025-06-30T18:04:35.398423235Z,01JZ0Z7NWZE2H4FK4XXVVF91VK,2025-06-30T17:55:12.929928712Z,4,2025-06-30T17:55:12.929928712Z,Work,2025-06-30T17:55:12.929928712Z,1,2025-06-30T17:55:13.092126242Z,true,2025-06-30T17:59:35.208826573Z
01JZ11PR8RBQ2PDK7642WYVK0Y,01JZ119YR0X0B5B35KS5ARQA66,2025-06-30T18:31:03.704142646Z,true,2025-06-30T18:35:27.609612206Z,01JZ119YW2HKPBQ3HF5AQNWR9Z,2025-06-30T18:31:03.704142646Z,3,2025-06-30T18:31:03.704142646Z,TimeToBegin,2025-06-30T18:31:03.704142646Z,1,2025-06-30T18:31:04.098764491Z,true,2025-06-30T18:35:17.376971994Z
01JZ12QRG8R58TPJ33BH6TZ2DQ,01JZ12GR49VSBA1ETNY3NZB6T4,2025-06-30T18:49:05.288367465Z,true,2025-06-30T18:53:07.793942317Z,01JZ12GR6N6DKV4APDKNYMT7NT,2025-06-30T18:49:05.288367465Z,1,2025-06-30T18:49:05.288367465Z,Training,2025-06-30T18:49:05.288367465Z,3,2025-06-30T18:49:05.412035173Z,true,2025-06-30T18:50:07.093383999Z
01JZ0WJQAGDGV9E3R30526KBPY,01JZ0W7WFSG9ZE6FZ5RAYW75P8,2025-06-30T17:01:28.784206076Z,true,2025-06-30T17:05:29.959584587Z,01JZ0W7WHAXBN0H6GS7ZCJVTX8,2025-06-30T17:01:28.784206076Z,1,2025-06-30T17:01:28.784206076Z,Training,2025-06-30T17:01:28.784206076Z,3,2025-06-30T17:01:28.89591376Z,true,2025-06-30T17:02:29.584183841Z
01JZ0YZF5NKQADSCNHVDQ7T9AV,01JZ0YMAZQ8ZJWY43T1GN1DF14,2025-06-30T17:43:23.57308386Z,true,2025-06-30T17:47:26.029310967Z,01JZ0YMB0R63S66YTFBNZZK4BM,2025-06-30T17:43:23.57308386Z,1,2025-06-30T17:43:23.57308386Z,Training,2025-06-30T17:43:23.57308386Z,3,2025-06-30T17:43:23.773798667Z,true,2025-06-30T17:44:25.551983642Z
01JZ12QRDRPRRDMCK8EKP2D4SZ,01JZ12GR49VSBA1ETNY3NZB6T4,2025-06-30T18:49:05.209034779Z,true,2025-06-30T18:50:07.044254905Z,01JZ12GR6N6DKV4APDKNYMT7NT,2025-06-30T18:49:05.209034779Z,0,2025-06-30T18:49:05.209034779Z,Discussion,2025-06-30T18:49:05.209034779Z,1,2025-06-30T18:49:05.341893887Z,true,2025-06-30T18:49:06.010514367Z
01JZ117N2AEY5XG1HTCHMFDAKG,01JZ10P0MMB9VWWBD3QMCFKF4F,2025-06-30T18:22:48.906145706Z,true,2025-06-30T18:23:51.216616736Z,01JZ10P0NQF4P3BB1AAZVYSJMW,2025-06-30T18:22:48.906145706Z,0,2025-06-30T18:22:48.906145706Z,Discussion,2025-06-30T18:22:48.906145706Z,1,2025-06-30T18:22:49.051319757Z,true,2025-06-30T18:22:49.941413537Z
01JZ117N2TGV3ZG2F0D8H72DDX,01JZ10P0MMB9VWWBD3QMCFKF4F,2025-06-30T18:22:48.922244297Z,true,2025-06-30T18:26:51.861636859Z,01JZ10P0NQF4P3BB1AAZVYSJMW,2025-06-30T18:22:48.922244297Z,1,2025-06-30T18:22:48.922244297Z,Training,2025-06-30T18:22:48.922244297Z,3,2025-06-30T18:22:49.130119458Z,true,2025-06-30T18:23:51.265254435Z
01JZ11HY4SZJCYDA61FR2X94QP,01JZ119YR0X0B5B35KS5ARQA66,2025-06-30T18:28:25.881300525Z,true,2025-06-30T18:32:48.208297875Z,01JZ119YWQTW1CNB5AYNKC679G,2025-06-30T18:28:25.881300525Z,3,2025-06-30T18:28:25.881300525Z,TimeToBegin,2025-06-30T18:28:25.881300525Z,1,2025-06-30T18:28:26.088366539Z,true,2025-06-30T18:32:37.983989793Z
01JZ11HY5GTB26PNT6EZ0KBFKN,01JZ119YR0X0B5B35KS5ARQA66,2025-06-30T18:28:25.904565913Z,true,2025-06-30T18:37:48.504341252Z,01JZ119YWQTW1CNB5AYNKC679G,2025-06-30T18:28:25.904565913Z,4,2025-06-30T18:28:25.904565913Z,Work,2025-06-30T18:28:25.904565913Z,1,2025-06-30T18:28:26.127638352Z,true,2025-06-30T18:32:48.25772264Z
01JZ11XAG65ZP96FHDKNY70EFY,01JZ119YR0X0B5B35KS5ARQA66,2025-06-30T18:34:38.982623192Z,true,2025-06-30T18:39:02.367006883Z,01JZ119YY7H6NVYT7RKS2PMWJ6,2025-06-30T18:34:38.982623192Z,3,2025-06-30T18:34:38.982623192Z,TimeToBegin,2025-06-30T18:34:38.982623192Z,1,2025-06-30T18:34:39.333809713Z,true,2025-06-30T18:38:52.077056284Z
01JZ0YGAWV38VXQGG2BT4ZQEM9,01JZ0XP7D84G107KY8Y0T4X5V0,2025-06-30T17:35:07.675471854Z,true,2025-06-30T17:44:29.768807132Z,01JZ0XP7EMN72NB2RFN2ZH81CP,2025-06-30T17:35:07.675471854Z,4,2025-06-30T17:35:07.675471854Z,Work,2025-06-30T17:35:07.675471854Z,1,2025-06-30T17:35:07.826883213Z,true,2025-06-30T17:39:29.588004419Z
01JZ0YJ23FRP7FAQAPQ1AHZ980,01JZ0XP7D84G107KY8Y0T4X5V0,2025-06-30T17:36:04.207251579Z,true,2025-06-30T17:37:05.223123509Z,01JZ0XP7EG8XH2A757Q0XZSTD8,2025-06-30T17:36:04.207251579Z,0,2025-06-30T17:36:04.207251579Z,Discussion,2025-06-30T17:36:04.207251579Z,1,2025-06-30T17:36:04.290697944Z,true,2025-06-30T17:36:04.672911952Z
01JZ0YK8E58VD8SGEEYESD6KC6,01JZ0XP7D84G107KY8Y0T4X5V0,2025-06-30T17:36:43.461663019Z,true,2025-06-30T17:40:44.493310127Z,01JZ0XP7EQ68N8E1T1SAYQ3MY0,2025-06-30T17:36:43.461663019Z,1,2025-06-30T17:36:43.461663019Z,Training,2025-06-30T17:36:43.461663019Z,3,2025-06-30T17:36:43.530292654Z,true,2025-06-30T17:37:44.143183163Z
01JZ12QRFXR9PP6TVRTMETQ9J1,01JZ12GR49VSBA1ETNY3NZB6T4,2025-06-30T18:49:05.277335969Z,true,2025-06-30T18:58:29.304483525Z,01JZ12GR6N6DKV4APDKNYMT7NT,2025-06-30T18:49:05.277335969Z,4,2025-06-30T18:49:05.277335969Z,Work,2025-06-30T18:49:05.277335969Z,1,2025-06-30T18:49:05.556052171Z,true,2025-06-30T18:53:28.900622749Z
01JZ12TTX9JKTK89XPV4ZYSZGE,01JZ12GR49VSBA1ETNY3NZB6T4,2025-06-30T18:50:46.057756398Z,true,2025-06-30T18:55:01.187771526Z,01JZ12GR778SNDBX9EP3GGZZ51,2025-06-30T18:50:46.057756398Z,2,2025-06-30T18:50:46.057756398Z,ButtonCheck,2025-06-30T18:50:46.057756398Z,1,2025-06-30T18:50:46.701917824Z,true,2025-06-30T18:54:50.865077024Z
01JZ0WHXC2NAHWXYM35QR0DXW7,01JZ0W7WFSG9ZE6FZ5RAYW75P8,2025-06-30T17:01:02.210677068Z,true,2025-06-30T17:05:04.143964861Z,01JZ0W7WH953KKVSAQ2RB19JGS,2025-06-30T17:01:02.210677068Z,1,2025-06-30T17:01:02.210677068Z,Training,2025-06-30T17:01:02.210677068Z,3,2025-06-30T17:01:02.329773115Z,true,2025-06-30T17:02:03.83187425Z
01JZ0ZNAXZF6HQZHP7T6S8SP4R,01JZ0Z7NVHZYGBR218W1AZTTTX,2025-06-30T17:55:20.127950421Z,true,2025-06-30T17:56:22.172289269Z,01JZ0Z7NWEY0R3MD8J8181F140,2025-06-30T17:55:20.127950421Z,0,2025-06-30T17:55:20.127950421Z,Discussion,2025-06-30T17:55:20.127950421Z,1,2025-06-30T17:55:20.224163681Z,true,2025-06-30T17:55:21.018554344Z
01JZ11X86CMMMQ9WPSTB477GTS,01JZ119YR0X0B5B35KS5ARQA66,2025-06-30T18:34:36.620947961Z,true,2025-06-30T18:44:01.358358404Z,01JZ119YX2JRQ0Y08WK2G2K83K,2025-06-30T18:34:36.620947961Z,4,2025-06-30T18:34:36.620947961Z,Work,2025-06-30T18:34:36.620947961Z,1,2025-06-30T18:34:37.004420122Z,true,2025-06-30T18:39:00.958560155Z
01JZ12QRF88Q843X5VW39SDK84,01JZ12GR49VSBA1ETNY3NZB6T4,2025-06-30T18:49:05.256892868Z,true,2025-06-30T18:53:28.837753363Z,01JZ12GR6N6DKV4APDKNYMT7NT,2025-06-30T18:49:05.256892868Z,3,2025-06-30T18:49:05.256892868Z,TimeToBegin,2025-06-30T18:49:05.256892868Z,1,2025-06-30T18:49:05.512380346Z,true,2025-06-30T18:53:18.478037018Z
01JZ0X1FP22MSK5DRFKPK2ATM0,01JZ0W7WFSG9ZE6FZ5RAYW75P8,2025-06-30T17:09:32.482821218Z,true,2025-06-30T17:10:33.177084893Z,01JZ0W7WHAXBN0H6GS7Q677HGB,2025-06-30T17:09:32.482821218Z,0,2025-06-30T17:09:32.482821218Z,Discussion,2025-06-30T17:09:32.482821218Z,1,2025-06-30T17:09:32.530048114Z,true,2025-06-30T17:09:32.799161689Z
01JZ11NEA5KZ6NQ3C31ZQD4CDW,01JZ119YR0X0B5B35KS5ARQA66,2025-06-30T18:30:20.74162914Z,true,2025-06-30T18:39:44.058035283Z,01JZ119YTKRCVRVA7XBM70602J,2025-06-30T18:30:20.74162914Z,4,2025-06-30T18:30:20.74162914Z,Work,2025-06-30T18:30:20.74162914Z,1,2025-06-30T18:30:21.033438375Z,true,2025-06-30T18:34:43.745807853Z
01JZ11MWAFH0VDVYTS4QR2FQ42,01JZ119YR0X0B5B35KS5ARQA66,2025-06-30T18:30:02.319454014Z,true,2025-06-30T18:34:07.255624146Z,01JZ119YWDV104V646C65RZD3P,2025-06-30T18:30:02.319454014Z,1,2025-06-30T18:30:02.319454014Z,Training,2025-06-30T18:30:02.319454014Z,3,2025-06-30T18:30:02.665974148Z,true,2025-06-30T18:31:06.388971164Z
01JZ11X86YE0T5V4H5YMR2Z3VE,01JZ119YR0X0B5B35KS5ARQA66,2025-06-30T18:34:36.638517852Z,true,2025-06-30T18:39:00.907328916Z,01JZ119YX2JRQ0Y08WK2G2K83K,2025-06-30T18:34:36.638517852Z,3,2025-06-30T18:34:36.638517852Z,TimeToBegin,2025-06-30T18:34:36.638517852Z,1,2025-06-30T18:34:36.941236314Z,true,2025-06-30T18:38:50.636304718Z
01JZ12EWZZKRH298JXPNFB7RHB,01JZ125JFJMC1Q6XSKNPVJH08C,2025-06-30T18:44:14.975327532Z,true,2025-06-30T18:53:38.809590035Z,01JZ125JHD5GFGZ2E2T20ACXSR,2025-06-30T18:44:14.975327532Z,4,2025-06-30T18:44:14.975327532Z,Work,2025-06-30T18:44:14.975327532Z,1,2025-06-30T18:44:15.281610882Z,true,2025-06-30T18:48:38.539471036Z
01JZ0X94WB76H8GZ1J3E0APZ5N,01JZ0X13W9RT32E263JAYJS0WA,2025-06-30T17:13:43.564360109Z,true,2025-06-30T17:23:05.721789208Z,01JZ0X13WYYJA1PBKDVESDJZK9,2025-06-30T17:13:43.564360109Z,4,2025-06-30T17:13:43.564360109Z,Work,2025-06-30T17:13:43.564360109Z,1,2025-06-30T17:13:43.789459406Z,true,2025-06-30T17:18:05.520310047Z
01JZ10KP1Q82VDRFTGBXZQAHX0,01JZ100N2HWY96Q2FTR0F0ZWE8,2025-06-30T18:11:54.55171654Z,true,2025-06-30T18:16:06.456548607Z,01JZ100N4EZ1D1ZSMZ8BGYY8VN,2025-06-30T18:11:54.55171654Z,2,2025-06-30T18:11:54.55171654Z,ButtonCheck,2025-06-30T18:11:54.55171654Z,1,2025-06-30T18:11:54.695419024Z,true,2025-06-30T18:15:56.240150443Z
01JZ10TYWPF2TZHNA9CJQ295HE,01JZ100N2HWY96Q2FTR0F0ZWE8,2025-06-30T18:15:52.982456364Z,true,2025-06-30T18:16:54.343129237Z,01JZ100N4KMAHXYJQHY2912PJS,2025-06-30T18:15:52.982456364Z,0,2025-06-30T18:15:52.982456364Z,Discussion,2025-06-30T18:15:52.982456364Z,1,2025-06-30T18:15:53.04940228Z,true,2025-06-30T18:15:53.585118628Z
01JZ11NEAPA0XRPSWMP18G6H2B,01JZ119YR0X0B5B35KS5ARQA66,2025-06-30T18:30:20.758143569Z,true,2025-06-30T18:34:43.711315452Z,01JZ119YTKRCVRVA7XBM70602J,2025-06-30T18:30:20.758143569Z,3,2025-06-30T18:30:20.758143569Z,TimeToBegin,2025-06-30T18:30:20.758143569Z,1,2025-06-30T18:30:20.989495005Z,true,2025-06-30T18:34:33.420252328Z
01JZ11XAH235S2EXW84Y3V3EVX,01JZ119YR0X0B5B35KS5ARQA66,2025-06-30T18:34:39.010517735Z,true,2025-06-30T18:35:41.008718775Z,01JZ119YY7H6NVYT7RKS2PMWJ6,2025-06-30T18:34:39.010517735Z,0,2025-06-30T18:34:39.010517735Z,Discussion,2025-06-30T18:34:39.010517735Z,1,2025-06-30T18:34:39.058151703Z,true,2025-06-30T18:34:40.094217442Z
01JZ11NE9N3C99RSSTYD6TKYXD,01JZ119YR0X0B5B35KS5ARQA66,2025-06-30T18:30:20.725121081Z,true,2025-06-30T18:34:23.079677539Z,01JZ119YTKRCVRVA7XBM70602J,2025-06-30T18:30:20.725121081Z,1,2025-06-30T18:30:20.725121081Z,Training,2025-06-30T18:30:20.725121081Z,3,2025-06-30T18:30:20.90073812Z,true,2025-06-30T18:31:22.472001344Z
01JZ11PR4KYZSBEP30FJJW9BWS,01JZ119YR0X0B5B35KS5ARQA66,2025-06-30T18:31:03.571124132Z,true,2025-06-30T18:32:06.380141434Z,01JZ119YW2HKPBQ3HF5AQNWR9Z,2025-06-30T18:31:03.571124132Z,0,2025-06-30T18:31:03.571124132Z,Discussion,2025-06-30T18:31:03.571124132Z,1,2025-06-30T18:31:03.778697029Z,true,2025-06-30T18:31:05.013780262Z
01JZ0WDR6MCTHHDKMX7YEF98AR,01JZ0W7WFSG9ZE6FZ5RAYW75P8,2025-06-30T16:58:45.844342409Z,true,2025-06-30T17:02:56.858789037Z,01JZ0W7WH4BMT12JZKEJ46HRED,2025-06-30T16:58:45.844342409Z,2,2025-06-30T16:58:45.844342409Z,ButtonCheck,2025-06-30T16:58:45.844342409Z,1,2025-06-30T16:58:45.960757059Z,true,2025-06-30T17:02:46.713908495Z
01JZ0YJ23Y4NPAXZGFFEBH0840,01JZ0XP7D84G107KY8Y0T4X5V0,2025-06-30T17:36:04.222478881Z,true,2025-06-30T17:40:05.803734381Z,01JZ0XP7EG8XH2A757Q0XZSTD8,2025-06-30T17:36:04.222478881Z,1,2025-06-30T17:36:04.222478881Z,Training,2025-06-30T17:36:04.222478881Z,3,2025-06-30T17:36:04.342165599Z,true,2025-06-30T17:37:05.262719476Z
