id,batchID,batchIDLastChangedAt,gameID,gameIDLastChangedAt,playerID,playerIDLastChangedAt,roundID,roundIDLastChangedAt
01JZX6AQGPZ68W73CJAZ47BDPY,01JZX5STVY1F7CAZYKG5BECKW8,2025-07-11T16:50:36.694053071Z,01JZX5STWADQ8CYJNDQ2G9CNB7,2025-07-11T16:50:36.694053071Z,01JZX5X3QE1YW3RZR0HHPCAFV5,2025-07-11T16:50:36.694053071Z,01JZX63CEVF8HEMWD4S0VFNDBJ,2025-07-11T16:50:36.694053071Z
01JZX520TG2JVJRE7Q32N8EE8G,01JZX4S3EXJE2M7E4TBAZ5RTWQ,2025-07-11T16:28:22.736713833Z,01JZX4S3FN9H50JA94G1BSG96H,2025-07-11T16:28:22.736713833Z,01JZX4YAXGTK2QSXTQDJ669X12,2025-07-11T16:28:22.736713833Z,01JZX520MSXXD126QAD2RF3BWM,2025-07-11T16:28:22.736713833Z
01JZX59NENVDM8MMGT0JC6SPX4,01JZX4S3EXJE2M7E4TBAZ5RTWQ,2025-07-11T16:32:33.237655645Z,01JZX4S3FN9H50JA94G1BSG96H,2025-07-11T16:32:33.237655645Z,01JZX4YAXGTK2QSXTQDJ669X12,2025-07-11T16:32:33.237655645Z,01JZX520MX765WXQVQTRDR755Q,2025-07-11T16:32:33.237655645Z
01JZX5GH5TTZEWNA0TP3XZ6WQR,01JZX55B7YX41DGKXNZE2X3KHG,2025-07-11T16:36:18.234208173Z,01JZX55B8D0RPM6RMM8CARWSAF,2025-07-11T16:36:18.234208173Z,01JZX56NVVGE062Y3CWZ473TZF,2025-07-11T16:36:18.234208173Z,01JZX5GGY3PSQQQ05W1ZHT94ZY,2025-07-11T16:36:18.234208173Z
01JZX5JBXA836QGS0RRRFV3YMG,01JZX55B7YX41DGKXNZE2X3KHG,2025-07-11T16:37:18.378165846Z,01JZX55B8D0RPM6RMM8CARWSAF,2025-07-11T16:37:18.378165846Z,01JZX592VNP1AJMXRGKZPG9R0R,2025-07-11T16:37:18.378165846Z,01JZX5GGY1WA0DFS6DAWAPA3YP,2025-07-11T16:37:18.378165846Z
01JZX5QVY08B78PEH5ZWHDMD4E,01JZX55B7YX41DGKXNZE2X3KHG,2025-07-11T16:40:18.624028212Z,01JZX55B8D0RPM6RMM8CARWSAF,2025-07-11T16:40:18.624028212Z,01JZX56NVVGE062Y3CWZ473TZF,2025-07-11T16:40:18.624028212Z,01JZX5GGY23WNVJNR08N918HJ1,2025-07-11T16:40:18.624028212Z
01JZX5CJCN7G6T2NKNDNKQ4AG1,01JZX4S3EXJE2M7E4TBAZ5RTWQ,2025-07-11T16:34:08.405845245Z,01JZX4S3FP1QK5FFC8A5DESS2D,2025-07-11T16:34:08.405845245Z,01JZX4ZWYT0GPBPGXSV338YBAC,2025-07-11T16:34:08.405845245Z,01JZX54XHWVW6MTRHQMQ39E725,2025-07-11T16:34:08.405845245Z
01JZX5GH5VYC4R2MXM06S8C7RX,01JZX55B7YX41DGKXNZE2X3KHG,2025-07-11T16:36:18.235529671Z,01JZX55B8D0RPM6RMM8CARWSAF,2025-07-11T16:36:18.235529671Z,01JZX58Z8XP1FW5H0FRYHKYW4Y,2025-07-11T16:36:18.235529671Z,01JZX5GGY3PSQQQ05W1ZHT94ZY,2025-07-11T16:36:18.235529671Z
01JZX63CSBJB1ATY3S1ESYBAE4,01JZX5STVY1F7CAZYKG5BECKW8,2025-07-11T16:46:36.331816467Z,01JZX5STWADQ8CYJNDQ2G9CNB7,2025-07-11T16:46:36.331816467Z,01JZX5X3QE1YW3RZR0HHPCAFV5,2025-07-11T16:46:36.331816467Z,01JZX63CEMBT804J281SWBT69P,2025-07-11T16:46:36.331816467Z
01JZX56DBPH334NC0JFZJYN8TR,01JZX4S3EXJE2M7E4TBAZ5RTWQ,2025-07-11T16:30:46.646771357Z,01JZX4S3FQS6Z6X7D9NR3BPYND,2025-07-11T16:30:46.646771357Z,01JZX4VT9SNVZVSMNC1BN0YWE2,2025-07-11T16:30:46.646771357Z,01JZX4Z2EHV5TDBBCP3NMAWGBV,2025-07-11T16:30:46.646771357Z
01JZX59BK42TQA9TKM739W28ZT,01JZX4S3EXJE2M7E4TBAZ5RTWQ,2025-07-11T16:32:23.14081855Z,01JZX4S3FN9H50JA94G1BSG96H,2025-07-11T16:32:23.14081855Z,01JZX4YAXGTK2QSXTQDJ669X12,2025-07-11T16:32:23.14081855Z,01JZX520MZNBC7FW2EC9ZMCNVA,2025-07-11T16:32:23.14081855Z
01JZX6AQGYD523E9P3WCZ36Z87,01JZX5STVY1F7CAZYKG5BECKW8,2025-07-11T16:50:36.702097362Z,01JZX5STWADQ8CYJNDQ2G9CNB7,2025-07-11T16:50:36.702097362Z,01JZX612X8NQW8TW73EJ6ZGVH5,2025-07-11T16:50:36.702097362Z,01JZX63CEVF8HEMWD4S0VFNDBJ,2025-07-11T16:50:36.702097362Z
01JZX6B1E38B5RJTHZPPZ693QV,01JZX5STVY1F7CAZYKG5BECKW8,2025-07-11T16:50:46.851702128Z,01JZX5STWADQ8CYJNDQ2G9CNB7,2025-07-11T16:50:46.851702128Z,01JZX60X4E8B8BEB6EGNVGAN21,2025-07-11T16:50:46.851702128Z,01JZX63CEXTNTQ51XJN9SMNE39,2025-07-11T16:50:46.851702128Z
01JZX53VK9V35Y0YYZRKHXKF02,01JZX4S3EXJE2M7E4TBAZ5RTWQ,2025-07-11T16:29:22.921586142Z,01JZX4S3FN9H50JA94G1BSG96H,2025-07-11T16:29:22.921586142Z,01JZX4YAXGTK2QSXTQDJ669X12,2025-07-11T16:29:22.921586142Z,01JZX520MWCHZXX6NASTH9VED3,2025-07-11T16:29:22.921586142Z
01JZX5CW8EVZVFZFTXSW5M7Z7H,01JZX4S3EXJE2M7E4TBAZ5RTWQ,2025-07-11T16:34:18.510239587Z,01JZX4S3FP1QK5FFC8A5DESS2D,2025-07-11T16:34:18.510239587Z,01JZX4XSXC74NEBQ2VV115CTVF,2025-07-11T16:34:18.510239587Z,01JZX54XHXPS3SRGH9C1XC85ZF,2025-07-11T16:34:18.510239587Z
01JZX5JBXCNQNEH92M8HTMQKA8,01JZX55B7YX41DGKXNZE2X3KHG,2025-07-11T16:37:18.380218299Z,01JZX55B8D0RPM6RMM8CARWSAF,2025-07-11T16:37:18.380218299Z,01JZX58Z8XP1FW5H0FRYHKYW4Y,2025-07-11T16:37:18.380218299Z,01JZX5GGY1WA0DFS6DAWAPA3YP,2025-07-11T16:37:18.380218299Z
01JZX6BBA6W5CK143NF88BW22R,01JZX5STVY1F7CAZYKG5BECKW8,2025-07-11T16:50:56.966869763Z,01JZX5STWADQ8CYJNDQ2G9CNB7,2025-07-11T16:50:56.966869763Z,01JZX60X4E8B8BEB6EGNVGAN21,2025-07-11T16:50:56.966869763Z,01JZX63CEYT5SRGGDDJMNHWJSD,2025-07-11T16:50:56.966869763Z
01JZX50XD9XP6F6K6SKGX82G8B,01JZX4S3EXJE2M7E4TBAZ5RTWQ,2025-07-11T16:27:46.473751499Z,01JZX4S3FQS6Z6X7D9NR3BPYND,2025-07-11T16:27:46.473751499Z,01JZX4TQKG14MDK99CWWHY0HWZ,2025-07-11T16:27:46.473751499Z,01JZX4Z2EDV6PKMQV96WM8931B,2025-07-11T16:27:46.473751499Z
01JZX5712DE2GKTHNKZFXSYKMP,01JZX4S3EXJE2M7E4TBAZ5RTWQ,2025-07-11T16:31:06.830024553Z,01JZX4S3FQS6Z6X7D9NR3BPYND,2025-07-11T16:31:06.830024553Z,01JZX4TQKG14MDK99CWWHY0HWZ,2025-07-11T16:31:06.830024553Z,01JZX4Z2EKHDW6509278ZWH1X6,2025-07-11T16:31:06.830024553Z
01JZX5RFP3DT7J5JWRSFYJHWZD,01JZX55B7YX41DGKXNZE2X3KHG,2025-07-11T16:40:38.851125407Z,01JZX55B8D0RPM6RMM8CARWSAF,2025-07-11T16:40:38.851125407Z,01JZX56NVVGE062Y3CWZ473TZF,2025-07-11T16:40:38.851125407Z,01JZX5GGY42XD3YYMQ49W7S8KJ,2025-07-11T16:40:38.851125407Z
01JZX56RFYJPCFE8G81GS93PX4,01JZX4S3EXJE2M7E4TBAZ5RTWQ,2025-07-11T16:30:58.046196778Z,01JZX4S3FP1QK5FFC8A5DESS2D,2025-07-11T16:30:58.046196778Z,01JZX4TCAQR5ABZVYZ3VQBZDS9,2025-07-11T16:30:58.046196778Z,01JZX54XHWVW6MTRHQN36VZ51T,2025-07-11T16:30:58.046196778Z
01JZX5CJCQK15Q6RPGJ24M9RNN,01JZX4S3EXJE2M7E4TBAZ5RTWQ,2025-07-11T16:34:08.407538734Z,01JZX4S3FP1QK5FFC8A5DESS2D,2025-07-11T16:34:08.407538734Z,01JZX4TCAQR5ABZVYZ3VQBZDS9,2025-07-11T16:34:08.407538734Z,01JZX54XHWVW6MTRHQMQ39E725,2025-07-11T16:34:08.407538734Z
01JZX53VK7FKWKXM7S56V74M89,01JZX4S3EXJE2M7E4TBAZ5RTWQ,2025-07-11T16:29:22.919809615Z,01JZX4S3FN9H50JA94G1BSG96H,2025-07-11T16:29:22.919809615Z,01JZX4V08B88XVKRF1KXXHZQS8,2025-07-11T16:29:22.919809615Z,01JZX520MWCHZXX6NASTH9VED3,2025-07-11T16:29:22.919809615Z
01JZX56RFXJJE758B49G07P622,01JZX4S3EXJE2M7E4TBAZ5RTWQ,2025-07-11T16:30:58.045636169Z,01JZX4S3FP1QK5FFC8A5DESS2D,2025-07-11T16:30:58.045636169Z,01JZX4XSXC74NEBQ2VV115CTVF,2025-07-11T16:30:58.045636169Z,01JZX54XHWVW6MTRHQN36VZ51T,2025-07-11T16:30:58.045636169Z
01JZX63CS82RFMW7NZXN7YTSNZ,01JZX5STVY1F7CAZYKG5BECKW8,2025-07-11T16:46:36.328497119Z,01JZX5STWADQ8CYJNDQ2G9CNB7,2025-07-11T16:46:36.328497119Z,01JZX5VRBPYY63F0M3XRK2VJJD,2025-07-11T16:46:36.328497119Z,01JZX63CEMBT804J281SWBT69P,2025-07-11T16:46:36.328497119Z
01JZX50XD9XP6F6K6SK07C9CAQ,01JZX4S3EXJE2M7E4TBAZ5RTWQ,2025-07-11T16:27:46.473088023Z,01JZX4S3FQS6Z6X7D9NR3BPYND,2025-07-11T16:27:46.473088023Z,01JZX4VT9SNVZVSMNC1BN0YWE2,2025-07-11T16:27:46.473088023Z,01JZX4Z2EDV6PKMQV96WM8931B,2025-07-11T16:27:46.473088023Z
01JZX5QVXYMXYPTZWQHDCRH1QZ,01JZX55B7YX41DGKXNZE2X3KHG,2025-07-11T16:40:18.622688338Z,01JZX55B8D0RPM6RMM8CARWSAF,2025-07-11T16:40:18.622688338Z,01JZX58Z8XP1FW5H0FRYHKYW4Y,2025-07-11T16:40:18.622688338Z,01JZX5GGY23WNVJNR08N918HJ1,2025-07-11T16:40:18.622688338Z
01JZX5R5T69N1P99N9BJRZKZCJ,01JZX55B7YX41DGKXNZE2X3KHG,2025-07-11T16:40:28.742402622Z,01JZX55B8D0RPM6RMM8CARWSAF,2025-07-11T16:40:28.742402622Z,01JZX56NVVGE062Y3CWZ473TZF,2025-07-11T16:40:28.742402622Z,01JZX5GGY5M9DZYHRS82FDZW9H,2025-07-11T16:40:28.742402622Z
01JZX6B1E018KAJ7FMNEB1GG57,01JZX5STVY1F7CAZYKG5BECKW8,2025-07-11T16:50:46.848968994Z,01JZX5STWADQ8CYJNDQ2G9CNB7,2025-07-11T16:50:46.848968994Z,01JZX5Y2KCW7HM7ZEZ3CW6WA4W,2025-07-11T16:50:46.848968994Z,01JZX63CEXTNTQ51XJN9SMNE39,2025-07-11T16:50:46.848968994Z
01JZX54XRP9MW33THQ9YNGHNSS,01JZX4S3EXJE2M7E4TBAZ5RTWQ,2025-07-11T16:29:57.910596058Z,01JZX4S3FP1QK5FFC8A5DESS2D,2025-07-11T16:29:57.910596058Z,01JZX4ZWYT0GPBPGXSV338YBAC,2025-07-11T16:29:57.910596058Z,01JZX54XHSKBYVQHD82V0TNBH1,2025-07-11T16:29:57.910596058Z
01JZX59NEPKX318F4VCJJ8SHP3,01JZX4S3EXJE2M7E4TBAZ5RTWQ,2025-07-11T16:32:33.238752595Z,01JZX4S3FN9H50JA94G1BSG96H,2025-07-11T16:32:33.238752595Z,01JZX4TVM6F71M9P5J40Q0A919,2025-07-11T16:32:33.238752595Z,01JZX520MX765WXQVQTRDR755Q,2025-07-11T16:32:33.238752595Z
01JZX5CW8GF4292ZDXS2E099BG,01JZX4S3EXJE2M7E4TBAZ5RTWQ,2025-07-11T16:34:18.512524263Z,01JZX4S3FP1QK5FFC8A5DESS2D,2025-07-11T16:34:18.512524263Z,01JZX4TCAQR5ABZVYZ3VQBZDS9,2025-07-11T16:34:18.512524263Z,01JZX54XHXPS3SRGH9C1XC85ZF,2025-07-11T16:34:18.512524263Z
01JZX5GH5SAND5ZYFX92A82S39,01JZX55B7YX41DGKXNZE2X3KHG,2025-07-11T16:36:18.233140486Z,01JZX55B8D0RPM6RMM8CARWSAF,2025-07-11T16:36:18.233140486Z,01JZX592VNP1AJMXRGKZPG9R0R,2025-07-11T16:36:18.233140486Z,01JZX5GGY3PSQQQ05W1ZHT94ZY,2025-07-11T16:36:18.233140486Z
01JZX5JBX8KSQXKVX6HXG7983Y,01JZX55B7YX41DGKXNZE2X3KHG,2025-07-11T16:37:18.376632629Z,01JZX55B8D0RPM6RMM8CARWSAF,2025-07-11T16:37:18.376632629Z,01JZX55HWSXV4N257F6N220CMA,2025-07-11T16:37:18.376632629Z,01JZX5GGY1WA0DFS6DAWAPA3YP,2025-07-11T16:37:18.376632629Z
01JZX6BBA42ZN8T4587YXN57MS,01JZX5STVY1F7CAZYKG5BECKW8,2025-07-11T16:50:56.964087135Z,01JZX5STWADQ8CYJNDQ2G9CNB7,2025-07-11T16:50:56.964087135Z,01JZX5Y2KCW7HM7ZEZ3CW6WA4W,2025-07-11T16:50:56.964087135Z,01JZX63CEYT5SRGGDDJMNHWJSD,2025-07-11T16:50:56.964087135Z
01JZX6BBA42ZN8T4588BPJAFZW,01JZX5STVY1F7CAZYKG5BECKW8,2025-07-11T16:50:56.964771238Z,01JZX5STWADQ8CYJNDQ2G9CNB7,2025-07-11T16:50:56.964771238Z,01JZX5VRBPYY63F0M3XRK2VJJD,2025-07-11T16:50:56.964771238Z,01JZX63CEYT5SRGGDDJMNHWJSD,2025-07-11T16:50:56.964771238Z
01JZX59ZAC0HYEME9356V800BM,01JZX4S3EXJE2M7E4TBAZ5RTWQ,2025-07-11T16:32:43.340947619Z,01JZX4S3FN9H50JA94G1BSG96H,2025-07-11T16:32:43.340947619Z,01JZX4YAXGTK2QSXTQDJ669X12,2025-07-11T16:32:43.340947619Z,01JZX520MYH3CB9DVR6DGJ5NFY,2025-07-11T16:32:43.340947619Z
01JZX63CSA3DR2R6K55H1YB2E9,01JZX5STVY1F7CAZYKG5BECKW8,2025-07-11T16:46:36.330727381Z,01JZX5STWADQ8CYJNDQ2G9CNB7,2025-07-11T16:46:36.330727381Z,01JZX5Y2KCW7HM7ZEZ3CW6WA4W,2025-07-11T16:46:36.330727381Z,01JZX63CEMBT804J281SWBT69P,2025-07-11T16:46:36.330727381Z
01JZX657G5QDWRQTS0RG1RWFVS,01JZX5STVY1F7CAZYKG5BECKW8,2025-07-11T16:47:36.453120153Z,01JZX5STWADQ8CYJNDQ2G9CNB7,2025-07-11T16:47:36.453120153Z,01JZX60X4E8B8BEB6EGNVGAN21,2025-07-11T16:47:36.453120153Z,01JZX63CEQ2H8V0DZA5XW0Z1K1,2025-07-11T16:47:36.453120153Z
01JZX6BBA5127EZZWET6EBW8SA,01JZX5STVY1F7CAZYKG5BECKW8,2025-07-11T16:50:56.965492667Z,01JZX5STWADQ8CYJNDQ2G9CNB7,2025-07-11T16:50:56.965492667Z,01JZX612X8NQW8TW73EJ6ZGVH5,2025-07-11T16:50:56.965492667Z,01JZX63CEYT5SRGGDDJMNHWJSD,2025-07-11T16:50:56.965492667Z
01JZX59ZAD9WZQ9M90MQC01G42,01JZX4S3EXJE2M7E4TBAZ5RTWQ,2025-07-11T16:32:43.341832281Z,01JZX4S3FN9H50JA94G1BSG96H,2025-07-11T16:32:43.341832281Z,01JZX4V08B88XVKRF1KXXHZQS8,2025-07-11T16:32:43.341832281Z,01JZX520MYH3CB9DVR6DGJ5NFY,2025-07-11T16:32:43.341832281Z
01JZX5RFP1PS7F0T98M15JESEM,01JZX55B7YX41DGKXNZE2X3KHG,2025-07-11T16:40:38.849587012Z,01JZX55B8D0RPM6RMM8CARWSAF,2025-07-11T16:40:38.849587012Z,01JZX55HWSXV4N257F6N220CMA,2025-07-11T16:40:38.849587012Z,01JZX5GGY42XD3YYMQ49W7S8KJ,2025-07-11T16:40:38.849587012Z
01JZX4Z2PDQ1FJMA1B0GC54B5G,01JZX4S3EXJE2M7E4TBAZ5RTWQ,2025-07-11T16:26:46.349257389Z,01JZX4S3FQS6Z6X7D9NR3BPYND,2025-07-11T16:26:46.349257389Z,01JZX4TQKG14MDK99CWWHY0HWZ,2025-07-11T16:26:46.349257389Z,01JZX4Z2EDV6PKMQV96DK6WHM0,2025-07-11T16:26:46.349257389Z
01JZX53VKA9TXK8860KQVZ3A0V,01JZX4S3EXJE2M7E4TBAZ5RTWQ,2025-07-11T16:29:22.922249053Z,01JZX4S3FN9H50JA94G1BSG96H,2025-07-11T16:29:22.922249053Z,01JZX4ZTE0KHHWKSZDF5F45JQT,2025-07-11T16:29:22.922249053Z,01JZX520MWCHZXX6NASTH9VED3,2025-07-11T16:29:22.922249053Z
01JZX56RFXJJE758B494XKS1P6,01JZX4S3EXJE2M7E4TBAZ5RTWQ,2025-07-11T16:30:58.045047896Z,01JZX4S3FP1QK5FFC8A5DESS2D,2025-07-11T16:30:58.045047896Z,01JZX4ZMA42SMHG9X39R6A9GZY,2025-07-11T16:30:58.045047896Z,01JZX54XHWVW6MTRHQN36VZ51T,2025-07-11T16:30:58.045047896Z
01JZX6BBA25Y7F7K30THFXX37A,01JZX5STVY1F7CAZYKG5BECKW8,2025-07-11T16:50:56.962223959Z,01JZX5STWADQ8CYJNDQ2G9CNB7,2025-07-11T16:50:56.962223959Z,01JZX5X3QE1YW3RZR0HHPCAFV5,2025-07-11T16:50:56.962223959Z,01JZX63CEYT5SRGGDDJMNHWJSD,2025-07-11T16:50:56.962223959Z
01JZX56RFYJPCFE8G81XSY04F4,01JZX4S3EXJE2M7E4TBAZ5RTWQ,2025-07-11T16:30:58.046894708Z,01JZX4S3FP1QK5FFC8A5DESS2D,2025-07-11T16:30:58.046894708Z,01JZX4ZWYT0GPBPGXSV338YBAC,2025-07-11T16:30:58.046894708Z,01JZX54XHWVW6MTRHQN36VZ51T,2025-07-11T16:30:58.046894708Z
01JZX5C8G0GK2EB3GZRN6G6SKV,01JZX4S3EXJE2M7E4TBAZ5RTWQ,2025-07-11T16:33:58.2724246Z,01JZX4S3FP1QK5FFC8A5DESS2D,2025-07-11T16:33:58.2724246Z,01JZX4ZMA42SMHG9X39R6A9GZY,2025-07-11T16:33:58.2724246Z,01JZX54XHVZW37KBC9S7H7E6P3,2025-07-11T16:33:58.2724246Z
01JZX5CW8EVZVFZFTXT2K0GFE8,01JZX4S3EXJE2M7E4TBAZ5RTWQ,2025-07-11T16:34:18.510797645Z,01JZX4S3FP1QK5FFC8A5DESS2D,2025-07-11T16:34:18.510797645Z,01JZX4ZMA42SMHG9X39R6A9GZY,2025-07-11T16:34:18.510797645Z,01JZX54XHXPS3SRGH9C1XC85ZF,2025-07-11T16:34:18.510797645Z
01JZX657G058XPAQ1G21STC4QV,01JZX5STVY1F7CAZYKG5BECKW8,2025-07-11T16:47:36.448033551Z,01JZX5STWADQ8CYJNDQ2G9CNB7,2025-07-11T16:47:36.448033551Z,01JZX612X8NQW8TW73EJ6ZGVH5,2025-07-11T16:47:36.448033551Z,01JZX63CEQ2H8V0DZA5XW0Z1K1,2025-07-11T16:47:36.448033551Z
01JZX657G3D8S940NDN1ABR07D,01JZX5STVY1F7CAZYKG5BECKW8,2025-07-11T16:47:36.451215548Z,01JZX5STWADQ8CYJNDQ2G9CNB7,2025-07-11T16:47:36.451215548Z,01JZX5Y2KCW7HM7ZEZ3CW6WA4W,2025-07-11T16:47:36.451215548Z,01JZX63CEQ2H8V0DZA5XW0Z1K1,2025-07-11T16:47:36.451215548Z
01JZX53VK8D9WTWM6C2319J51C,01JZX4S3EXJE2M7E4TBAZ5RTWQ,2025-07-11T16:29:22.92049143Z,01JZX4S3FN9H50JA94G1BSG96H,2025-07-11T16:29:22.92049143Z,01JZX4TVM6F71M9P5J40Q0A919,2025-07-11T16:29:22.92049143Z,01JZX520MWCHZXX6NASTH9VED3,2025-07-11T16:29:22.92049143Z
01JZX59ZAC0HYEME934VQDHCVC,01JZX4S3EXJE2M7E4TBAZ5RTWQ,2025-07-11T16:32:43.340576123Z,01JZX4S3FN9H50JA94G1BSG96H,2025-07-11T16:32:43.340576123Z,01JZX4ZTE0KHHWKSZDF5F45JQT,2025-07-11T16:32:43.340576123Z,01JZX520MYH3CB9DVR6DGJ5NFY,2025-07-11T16:32:43.340576123Z
01JZX6B1DYH3F5G3PWYGBEXCGG,01JZX5STVY1F7CAZYKG5BECKW8,2025-07-11T16:50:46.846368282Z,01JZX5STWADQ8CYJNDQ2G9CNB7,2025-07-11T16:50:46.846368282Z,01JZX5VRBPYY63F0M3XRK2VJJD,2025-07-11T16:50:46.846368282Z,01JZX63CEXTNTQ51XJN9SMNE39,2025-07-11T16:50:46.846368282Z
01JZX4Z2PFCC0Z5N2C0CQD97DT,01JZX4S3EXJE2M7E4TBAZ5RTWQ,2025-07-11T16:26:46.351250251Z,01JZX4S3FQS6Z6X7D9NR3BPYND,2025-07-11T16:26:46.351250251Z,01JZX4W24DV4B1Y953F8EAD6JD,2025-07-11T16:26:46.351250251Z,01JZX4Z2EDV6PKMQV96DK6WHM0,2025-07-11T16:26:46.351250251Z
01JZX5712CHT6MNA1CQY3N0FEQ,01JZX4S3EXJE2M7E4TBAZ5RTWQ,2025-07-11T16:31:06.828895147Z,01JZX4S3FQS6Z6X7D9NR3BPYND,2025-07-11T16:31:06.828895147Z,01JZX4W24DV4B1Y953F8EAD6JD,2025-07-11T16:31:06.828895147Z,01JZX4Z2EKHDW6509278ZWH1X6,2025-07-11T16:31:06.828895147Z
01JZX5C8FZRDKDRPTX1TKJ5K5W,01JZX4S3EXJE2M7E4TBAZ5RTWQ,2025-07-11T16:33:58.271084756Z,01JZX4S3FP1QK5FFC8A5DESS2D,2025-07-11T16:33:58.271084756Z,01JZX4TCAQR5ABZVYZ3VQBZDS9,2025-07-11T16:33:58.271084756Z,01JZX54XHVZW37KBC9S7H7E6P3,2025-07-11T16:33:58.271084756Z
01JZX5CJCRH2QZM1ZFGPG9AMW9,01JZX4S3EXJE2M7E4TBAZ5RTWQ,2025-07-11T16:34:08.408165277Z,01JZX4S3FP1QK5FFC8A5DESS2D,2025-07-11T16:34:08.408165277Z,01JZX4XSXC74NEBQ2VV115CTVF,2025-07-11T16:34:08.408165277Z,01JZX54XHWVW6MTRHQMQ39E725,2025-07-11T16:34:08.408165277Z
01JZX5QVY08B78PEH60CZK9K54,01JZX55B7YX41DGKXNZE2X3KHG,2025-07-11T16:40:18.624863651Z,01JZX55B8D0RPM6RMM8CARWSAF,2025-07-11T16:40:18.624863651Z,01JZX55HWSXV4N257F6N220CMA,2025-07-11T16:40:18.624863651Z,01JZX5GGY23WNVJNR08N918HJ1,2025-07-11T16:40:18.624863651Z
01JZX63CS9WY7C8P5V98RVTE6G,01JZX5STVY1F7CAZYKG5BECKW8,2025-07-11T16:46:36.329475498Z,01JZX5STWADQ8CYJNDQ2G9CNB7,2025-07-11T16:46:36.329475498Z,01JZX612X8NQW8TW73EJ6ZGVH5,2025-07-11T16:46:36.329475498Z,01JZX63CEMBT804J281SWBT69P,2025-07-11T16:46:36.329475498Z
01JZX6B1E018KAJ7FMN52Y8KWQ,01JZX5STVY1F7CAZYKG5BECKW8,2025-07-11T16:50:46.848242976Z,01JZX5STWADQ8CYJNDQ2G9CNB7,2025-07-11T16:50:46.848242976Z,01JZX5X3QE1YW3RZR0HHPCAFV5,2025-07-11T16:50:46.848242976Z,01JZX63CEXTNTQ51XJN9SMNE39,2025-07-11T16:50:46.848242976Z
01JZX54XRQAA43TQQFN3DNE17R,01JZX4S3EXJE2M7E4TBAZ5RTWQ,2025-07-11T16:29:57.911737435Z,01JZX4S3FP1QK5FFC8A5DESS2D,2025-07-11T16:29:57.911737435Z,01JZX4TCAQR5ABZVYZ3VQBZDS9,2025-07-11T16:29:57.911737435Z,01JZX54XHSKBYVQHD82V0TNBH1,2025-07-11T16:29:57.911737435Z
01JZX56Q6W4KR9PDW1AECEWVBW,01JZX4S3EXJE2M7E4TBAZ5RTWQ,2025-07-11T16:30:56.732320315Z,01JZX4S3FQS6Z6X7D9NR3BPYND,2025-07-11T16:30:56.732320315Z,01JZX4VT9SNVZVSMNC1BN0YWE2,2025-07-11T16:30:56.732320315Z,01JZX4Z2EKHDW650927PT5SY46,2025-07-11T16:30:56.732320315Z
01JZX520TH46H655SYP1DRG7ZJ,01JZX4S3EXJE2M7E4TBAZ5RTWQ,2025-07-11T16:28:22.737357979Z,01JZX4S3FN9H50JA94G1BSG96H,2025-07-11T16:28:22.737357979Z,01JZX4V08B88XVKRF1KXXHZQS8,2025-07-11T16:28:22.737357979Z,01JZX520MSXXD126QAD2RF3BWM,2025-07-11T16:28:22.737357979Z
01JZX5RFP2K0F64GH64BB9HNPX,01JZX55B7YX41DGKXNZE2X3KHG,2025-07-11T16:40:38.850346665Z,01JZX55B8D0RPM6RMM8CARWSAF,2025-07-11T16:40:38.850346665Z,01JZX58Z8XP1FW5H0FRYHKYW4Y,2025-07-11T16:40:38.850346665Z,01JZX5GGY42XD3YYMQ49W7S8KJ,2025-07-11T16:40:38.850346665Z
01JZX4Z2PKFQ914VHHDAE6K52Q,01JZX4S3EXJE2M7E4TBAZ5RTWQ,2025-07-11T16:26:46.355817839Z,01JZX4S3FQS6Z6X7D9NR3BPYND,2025-07-11T16:26:46.355817839Z,01JZX4VT9SNVZVSMNC1BN0YWE2,2025-07-11T16:26:46.355817839Z,01JZX4Z2EDV6PKMQV96DK6WHM0,2025-07-11T16:26:46.355817839Z
01JZX5GH5SAND5ZYFX9D5RTZS6,01JZX55B7YX41DGKXNZE2X3KHG,2025-07-11T16:36:18.233797599Z,01JZX55B8D0RPM6RMM8CARWSAF,2025-07-11T16:36:18.233797599Z,01JZX55HWSXV4N257F6N220CMA,2025-07-11T16:36:18.233797599Z,01JZX5GGY3PSQQQ05W1ZHT94ZY,2025-07-11T16:36:18.233797599Z
01JZX657G24KDZC9BBKXD6NMZK,01JZX5STVY1F7CAZYKG5BECKW8,2025-07-11T16:47:36.450147975Z,01JZX5STWADQ8CYJNDQ2G9CNB7,2025-07-11T16:47:36.450147975Z,01JZX5X3QE1YW3RZR0HHPCAFV5,2025-07-11T16:47:36.450147975Z,01JZX63CEQ2H8V0DZA5XW0Z1K1,2025-07-11T16:47:36.450147975Z
01JZX6AQGVNS6W8D3E05XC3VE6,01JZX5STVY1F7CAZYKG5BECKW8,2025-07-11T16:50:36.699103246Z,01JZX5STWADQ8CYJNDQ2G9CNB7,2025-07-11T16:50:36.699103246Z,01JZX60X4E8B8BEB6EGNVGAN21,2025-07-11T16:50:36.699103246Z,01JZX63CEVF8HEMWD4S0VFNDBJ,2025-07-11T16:50:36.699103246Z
01JZX6BBA6W5CK143NEYG8K4DJ,01JZX5STVY1F7CAZYKG5BECKW8,2025-07-11T16:50:56.966075528Z,01JZX5STWADQ8CYJNDQ2G9CNB7,2025-07-11T16:50:56.966075528Z,01JZX604233QRC2NQ8D3YWWRR7,2025-07-11T16:50:56.966075528Z,01JZX63CEYT5SRGGDDJMNHWJSD,2025-07-11T16:50:56.966075528Z
01JZX54XRRF07X3PRHFFQVYKN2,01JZX4S3EXJE2M7E4TBAZ5RTWQ,2025-07-11T16:29:57.912227999Z,01JZX4S3FP1QK5FFC8A5DESS2D,2025-07-11T16:29:57.912227999Z,01JZX4XSXC74NEBQ2VV115CTVF,2025-07-11T16:29:57.912227999Z,01JZX54XHSKBYVQHD82V0TNBH1,2025-07-11T16:29:57.912227999Z
01JZX5RFP465B8XMPEBHGY0YEA,01JZX55B7YX41DGKXNZE2X3KHG,2025-07-11T16:40:38.852099066Z,01JZX55B8D0RPM6RMM8CARWSAF,2025-07-11T16:40:38.852099066Z,01JZX592VNP1AJMXRGKZPG9R0R,2025-07-11T16:40:38.852099066Z,01JZX5GGY42XD3YYMQ49W7S8KJ,2025-07-11T16:40:38.852099066Z
01JZX6B1DZGVKEBDN5FN32T66W,01JZX5STVY1F7CAZYKG5BECKW8,2025-07-11T16:50:46.84740648Z,01JZX5STWADQ8CYJNDQ2G9CNB7,2025-07-11T16:50:46.84740648Z,01JZX612X8NQW8TW73EJ6ZGVH5,2025-07-11T16:50:46.84740648Z,01JZX63CEXTNTQ51XJN9SMNE39,2025-07-11T16:50:46.84740648Z
01JZX6B1E2599J113V3WR9M3K8,01JZX5STVY1F7CAZYKG5BECKW8,2025-07-11T16:50:46.850774426Z,01JZX5STWADQ8CYJNDQ2G9CNB7,2025-07-11T16:50:46.850774426Z,01JZX604233QRC2NQ8D3YWWRR7,2025-07-11T16:50:46.850774426Z,01JZX63CEXTNTQ51XJN9SMNE39,2025-07-11T16:50:46.850774426Z
01JZX56Q6VQ9BAAJ3ZHFV2H7X2,01JZX4S3EXJE2M7E4TBAZ5RTWQ,2025-07-11T16:30:56.731901944Z,01JZX4S3FQS6Z6X7D9NR3BPYND,2025-07-11T16:30:56.731901944Z,01JZX4W24DV4B1Y953F8EAD6JD,2025-07-11T16:30:56.731901944Z,01JZX4Z2EKHDW650927PT5SY46,2025-07-11T16:30:56.731901944Z
01JZX59NEPKX318F4VCCERHMSZ,01JZX4S3EXJE2M7E4TBAZ5RTWQ,2025-07-11T16:32:33.238463327Z,01JZX4S3FN9H50JA94G1BSG96H,2025-07-11T16:32:33.238463327Z,01JZX4V08B88XVKRF1KXXHZQS8,2025-07-11T16:32:33.238463327Z,01JZX520MX765WXQVQTRDR755Q,2025-07-11T16:32:33.238463327Z
01JZX520TEPGHRVJR3MDXV8Z6S,01JZX4S3EXJE2M7E4TBAZ5RTWQ,2025-07-11T16:28:22.734204222Z,01JZX4S3FN9H50JA94G1BSG96H,2025-07-11T16:28:22.734204222Z,01JZX4ZTE0KHHWKSZDF5F45JQT,2025-07-11T16:28:22.734204222Z,01JZX520MSXXD126QAD2RF3BWM,2025-07-11T16:28:22.734204222Z
01JZX5C8G3M5XWKBHVAJPPBB7P,01JZX4S3EXJE2M7E4TBAZ5RTWQ,2025-07-11T16:33:58.275095877Z,01JZX4S3FP1QK5FFC8A5DESS2D,2025-07-11T16:33:58.275095877Z,01JZX4ZWYT0GPBPGXSV338YBAC,2025-07-11T16:33:58.275095877Z,01JZX54XHVZW37KBC9S7H7E6P3,2025-07-11T16:33:58.275095877Z
01JZX5CW8H0SD1BD5TB12D62SY,01JZX4S3EXJE2M7E4TBAZ5RTWQ,2025-07-11T16:34:18.513083445Z,01JZX4S3FP1QK5FFC8A5DESS2D,2025-07-11T16:34:18.513083445Z,01JZX4ZWYT0GPBPGXSV338YBAC,2025-07-11T16:34:18.513083445Z,01JZX54XHXPS3SRGH9C1XC85ZF,2025-07-11T16:34:18.513083445Z
01JZX5R5T1Y2Q59QV5AXR3P2HE,01JZX55B7YX41DGKXNZE2X3KHG,2025-07-11T16:40:28.737571959Z,01JZX55B8D0RPM6RMM8CARWSAF,2025-07-11T16:40:28.737571959Z,01JZX592VNP1AJMXRGKZPG9R0R,2025-07-11T16:40:28.737571959Z,01JZX5GGY5M9DZYHRS82FDZW9H,2025-07-11T16:40:28.737571959Z
01JZX50XDAMPGP67CH8S4GDPXW,01JZX4S3EXJE2M7E4TBAZ5RTWQ,2025-07-11T16:27:46.474684458Z,01JZX4S3FQS6Z6X7D9NR3BPYND,2025-07-11T16:27:46.474684458Z,01JZX4W24DV4B1Y953F8EAD6JD,2025-07-11T16:27:46.474684458Z,01JZX4Z2EDV6PKMQV96WM8931B,2025-07-11T16:27:46.474684458Z
01JZX59BK6DQPNZAH3W82DN56E,01JZX4S3EXJE2M7E4TBAZ5RTWQ,2025-07-11T16:32:23.142609603Z,01JZX4S3FN9H50JA94G1BSG96H,2025-07-11T16:32:23.142609603Z,01JZX4TVM6F71M9P5J40Q0A919,2025-07-11T16:32:23.142609603Z,01JZX520MZNBC7FW2EC9ZMCNVA,2025-07-11T16:32:23.142609603Z
01JZX63CSE2PZX6YGRFEH2KN7Z,01JZX5STVY1F7CAZYKG5BECKW8,2025-07-11T16:46:36.334930377Z,01JZX5STWADQ8CYJNDQ2G9CNB7,2025-07-11T16:46:36.334930377Z,01JZX604233QRC2NQ8D3YWWRR7,2025-07-11T16:46:36.334930377Z,01JZX63CEMBT804J281SWBT69P,2025-07-11T16:46:36.334930377Z
01JZX5712FJJHJQXWRQK1CWW19,01JZX4S3EXJE2M7E4TBAZ5RTWQ,2025-07-11T16:31:06.831796967Z,01JZX4S3FQS6Z6X7D9NR3BPYND,2025-07-11T16:31:06.831796967Z,01JZX4VT9SNVZVSMNC1BN0YWE2,2025-07-11T16:31:06.831796967Z,01JZX4Z2EKHDW6509278ZWH1X6,2025-07-11T16:31:06.831796967Z
01JZX6AQGQ3CQAPGE45AWY47TH,01JZX5STVY1F7CAZYKG5BECKW8,2025-07-11T16:50:36.695830963Z,01JZX5STWADQ8CYJNDQ2G9CNB7,2025-07-11T16:50:36.695830963Z,01JZX5VRBPYY63F0M3XRK2VJJD,2025-07-11T16:50:36.695830963Z,01JZX63CEVF8HEMWD4S0VFNDBJ,2025-07-11T16:50:36.695830963Z
01JZX520TH46H655SYPAXEVJY4,01JZX4S3EXJE2M7E4TBAZ5RTWQ,2025-07-11T16:28:22.737666738Z,01JZX4S3FN9H50JA94G1BSG96H,2025-07-11T16:28:22.737666738Z,01JZX4TVM6F71M9P5J40Q0A919,2025-07-11T16:28:22.737666738Z,01JZX520MSXXD126QAD2RF3BWM,2025-07-11T16:28:22.737666738Z
01JZX56DBQFA1JJX8YDEWXW593,01JZX4S3EXJE2M7E4TBAZ5RTWQ,2025-07-11T16:30:46.647698958Z,01JZX4S3FQS6Z6X7D9NR3BPYND,2025-07-11T16:30:46.647698958Z,01JZX4TQKG14MDK99CWWHY0HWZ,2025-07-11T16:30:46.647698958Z,01JZX4Z2EHV5TDBBCP3NMAWGBV,2025-07-11T16:30:46.647698958Z
01JZX5QVXZMC4XW0SBH48B2K5A,01JZX55B7YX41DGKXNZE2X3KHG,2025-07-11T16:40:18.62325617Z,01JZX55B8D0RPM6RMM8CARWSAF,2025-07-11T16:40:18.62325617Z,01JZX592VNP1AJMXRGKZPG9R0R,2025-07-11T16:40:18.62325617Z,01JZX5GGY23WNVJNR08N918HJ1,2025-07-11T16:40:18.62325617Z
01JZX657FY4WY9PHA3DN39JPPM,01JZX5STVY1F7CAZYKG5BECKW8,2025-07-11T16:47:36.446745917Z,01JZX5STWADQ8CYJNDQ2G9CNB7,2025-07-11T16:47:36.446745917Z,01JZX5VRBPYY63F0M3XRK2VJJD,2025-07-11T16:47:36.446745917Z,01JZX63CEQ2H8V0DZA5XW0Z1K1,2025-07-11T16:47:36.446745917Z
01JZX6AQGWNBGPARQBCCG05NY1,01JZX5STVY1F7CAZYKG5BECKW8,2025-07-11T16:50:36.70004429Z,01JZX5STWADQ8CYJNDQ2G9CNB7,2025-07-11T16:50:36.70004429Z,01JZX5Y2KCW7HM7ZEZ3CW6WA4W,2025-07-11T16:50:36.70004429Z,01JZX63CEVF8HEMWD4S0VFNDBJ,2025-07-11T16:50:36.70004429Z
01JZX59ZABH7153PA78MKKYP89,01JZX4S3EXJE2M7E4TBAZ5RTWQ,2025-07-11T16:32:43.33918569Z,01JZX4S3FN9H50JA94G1BSG96H,2025-07-11T16:32:43.33918569Z,01JZX4TVM6F71M9P5J40Q0A919,2025-07-11T16:32:43.33918569Z,01JZX520MYH3CB9DVR6DGJ5NFY,2025-07-11T16:32:43.33918569Z
01JZX5CJCMSK06V7MR5Z84XREE,01JZX4S3EXJE2M7E4TBAZ5RTWQ,2025-07-11T16:34:08.404733448Z,01JZX4S3FP1QK5FFC8A5DESS2D,2025-07-11T16:34:08.404733448Z,01JZX4ZMA42SMHG9X39R6A9GZY,2025-07-11T16:34:08.404733448Z,01JZX54XHWVW6MTRHQMQ39E725,2025-07-11T16:34:08.404733448Z
01JZX5JBXB418T94KJWKDZSGYN,01JZX55B7YX41DGKXNZE2X3KHG,2025-07-11T16:37:18.379116129Z,01JZX55B8D0RPM6RMM8CARWSAF,2025-07-11T16:37:18.379116129Z,01JZX56NVVGE062Y3CWZ473TZF,2025-07-11T16:37:18.379116129Z,01JZX5GGY1WA0DFS6DAWAPA3YP,2025-07-11T16:37:18.379116129Z
01JZX5R5T3A4N4RKA4XJXY54N5,01JZX55B7YX41DGKXNZE2X3KHG,2025-07-11T16:40:28.739689009Z,01JZX55B8D0RPM6RMM8CARWSAF,2025-07-11T16:40:28.739689009Z,01JZX58Z8XP1FW5H0FRYHKYW4Y,2025-07-11T16:40:28.739689009Z,01JZX5GGY5M9DZYHRS82FDZW9H,2025-07-11T16:40:28.739689009Z
01JZX63CSE2PZX6YGRF7X306KZ,01JZX5STVY1F7CAZYKG5BECKW8,2025-07-11T16:46:36.334517528Z,01JZX5STWADQ8CYJNDQ2G9CNB7,2025-07-11T16:46:36.334517528Z,01JZX60X4E8B8BEB6EGNVGAN21,2025-07-11T16:46:36.334517528Z,01JZX63CEMBT804J281SWBT69P,2025-07-11T16:46:36.334517528Z
01JZX54XRQAA43TQQFMWX7QWHS,01JZX4S3EXJE2M7E4TBAZ5RTWQ,2025-07-11T16:29:57.911254166Z,01JZX4S3FP1QK5FFC8A5DESS2D,2025-07-11T16:29:57.911254166Z,01JZX4ZMA42SMHG9X39R6A9GZY,2025-07-11T16:29:57.911254166Z,01JZX54XHSKBYVQHD82V0TNBH1,2025-07-11T16:29:57.911254166Z
01JZX56DBSV1MB6BWC8S1GEFKX,01JZX4S3EXJE2M7E4TBAZ5RTWQ,2025-07-11T16:30:46.649606392Z,01JZX4S3FQS6Z6X7D9NR3BPYND,2025-07-11T16:30:46.649606392Z,01JZX4W24DV4B1Y953F8EAD6JD,2025-07-11T16:30:46.649606392Z,01JZX4Z2EHV5TDBBCP3NMAWGBV,2025-07-11T16:30:46.649606392Z
01JZX59BK58E0RY8SB3529XHG4,01JZX4S3EXJE2M7E4TBAZ5RTWQ,2025-07-11T16:32:23.141553143Z,01JZX4S3FN9H50JA94G1BSG96H,2025-07-11T16:32:23.141553143Z,01JZX4ZTE0KHHWKSZDF5F45JQT,2025-07-11T16:32:23.141553143Z,01JZX520MZNBC7FW2EC9ZMCNVA,2025-07-11T16:32:23.141553143Z
01JZX59BK7HQZ7CJSBZZ04QYC2,01JZX4S3EXJE2M7E4TBAZ5RTWQ,2025-07-11T16:32:23.143565464Z,01JZX4S3FN9H50JA94G1BSG96H,2025-07-11T16:32:23.143565464Z,01JZX4V08B88XVKRF1KXXHZQS8,2025-07-11T16:32:23.143565464Z,01JZX520MZNBC7FW2EC9ZMCNVA,2025-07-11T16:32:23.143565464Z
01JZX5C8FYWV80E48SZG0PFX57,01JZX4S3EXJE2M7E4TBAZ5RTWQ,2025-07-11T16:33:58.270413731Z,01JZX4S3FP1QK5FFC8A5DESS2D,2025-07-11T16:33:58.270413731Z,01JZX4XSXC74NEBQ2VV115CTVF,2025-07-11T16:33:58.270413731Z,01JZX54XHVZW37KBC9S7H7E6P3,2025-07-11T16:33:58.270413731Z
01JZX56Q6VQ9BAAJ3ZH5HTWESH,01JZX4S3EXJE2M7E4TBAZ5RTWQ,2025-07-11T16:30:56.731496224Z,01JZX4S3FQS6Z6X7D9NR3BPYND,2025-07-11T16:30:56.731496224Z,01JZX4TQKG14MDK99CWWHY0HWZ,2025-07-11T16:30:56.731496224Z,01JZX4Z2EKHDW650927PT5SY46,2025-07-11T16:30:56.731496224Z
01JZX59NERMPX2PENMPBH4A61S,01JZX4S3EXJE2M7E4TBAZ5RTWQ,2025-07-11T16:32:33.240062321Z,01JZX4S3FN9H50JA94G1BSG96H,2025-07-11T16:32:33.240062321Z,01JZX4ZTE0KHHWKSZDF5F45JQT,2025-07-11T16:32:33.240062321Z,01JZX520MX765WXQVQTRDR755Q,2025-07-11T16:32:33.240062321Z
01JZX5R5T0PRH8692DJFTVE9F1,01JZX55B7YX41DGKXNZE2X3KHG,2025-07-11T16:40:28.736805905Z,01JZX55B8D0RPM6RMM8CARWSAF,2025-07-11T16:40:28.736805905Z,01JZX55HWSXV4N257F6N220CMA,2025-07-11T16:40:28.736805905Z,01JZX5GGY5M9DZYHRS82FDZW9H,2025-07-11T16:40:28.736805905Z
01JZX657G424FY8ACF93WY3EYG,01JZX5STVY1F7CAZYKG5BECKW8,2025-07-11T16:47:36.452265702Z,01JZX5STWADQ8CYJNDQ2G9CNB7,2025-07-11T16:47:36.452265702Z,01JZX604233QRC2NQ8D3YWWRR7,2025-07-11T16:47:36.452265702Z,01JZX63CEQ2H8V0DZA5XW0Z1K1,2025-07-11T16:47:36.452265702Z
01JZX6AQGXCBTPE4PZBH0V64JH,01JZX5STVY1F7CAZYKG5BECKW8,2025-07-11T16:50:36.701250942Z,01JZX5STWADQ8CYJNDQ2G9CNB7,2025-07-11T16:50:36.701250942Z,01JZX604233QRC2NQ8D3YWWRR7,2025-07-11T16:50:36.701250942Z,01JZX63CEVF8HEMWD4S0VFNDBJ,2025-07-11T16:50:36.701250942Z
