id,batchID,batchIDLastChangedAt,gameID,gameIDLastChangedAt,playerID,playerIDLastChangedAt,roundID,roundIDLastChangedAt,stageID,stageIDLastChangedAt
01JZX50XE87GHQGBXDKB27DV3K,01JZX4S3EXJE2M7E4TBAZ5RTWQ,2025-07-11T16:27:46.504602868Z,01JZX4S3FQS6Z6X7D9NR3BPYND,2025-07-11T16:27:46.504602868Z,01JZX4W24DV4B1Y953F8EAD6JD,2025-07-11T16:27:46.504602868Z,01JZX4Z2EDV6PKMQV96WM8931B,2025-07-11T16:27:46.504602868Z,01JZX4Z2FGGW4VGS7VA15SW3A1,2025-07-11T16:27:46.504602868Z
01JZX54JPW3JWMW0W78W4TFDPQ,01JZX4S3EXJE2M7E4TBAZ5RTWQ,2025-07-11T16:29:46.588362425Z,01JZX4S3FQS6Z6X7D9NR3BPYND,2025-07-11T16:29:46.588362425Z,01JZX4TQKG14MDK99CWWHY0HWZ,2025-07-11T16:29:46.588362425Z,01JZX4Z2EDV6PKMQV96WM8931B,2025-07-11T16:29:46.588362425Z,01JZX4Z2FGGW4VGS7VBGS0GD7G,2025-07-11T16:29:46.588362425Z
01JZX67261YKPJSF6ABPEM4PH4,01JZX5STVY1F7CAZYKG5BECKW8,2025-07-11T16:48:36.545841028Z,01JZX5STWADQ8CYJNDQ2G9CNB7,2025-07-11T16:48:36.545841028Z,01JZX5Y2KCW7HM7ZEZ3CW6WA4W,2025-07-11T16:48:36.545841028Z,01JZX63CEQ2H8V0DZA5XW0Z1K1,2025-07-11T16:48:36.545841028Z,01JZX63CFTM7WPMSDDGFE0P01M,2025-07-11T16:48:36.545841028Z
01JZX6BBBK9GF3BK98CGQSM1YM,01JZX5STVY1F7CAZYKG5BECKW8,2025-07-11T16:50:57.011160391Z,01JZX5STWADQ8CYJNDQ2G9CNB7,2025-07-11T16:50:57.011160391Z,01JZX612X8NQW8TW73EJ6ZGVH5,2025-07-11T16:50:57.011160391Z,01JZX63CEYT5SRGGDDJMNHWJSD,2025-07-11T16:50:57.011160391Z,01JZX63CH1B62Z1YKFJN38NE9R,2025-07-11T16:50:57.011160391Z
01JZX6BBBK9GF3BK98CX0W0ZTK,01JZX5STVY1F7CAZYKG5BECKW8,2025-07-11T16:50:57.011937905Z,01JZX5STWADQ8CYJNDQ2G9CNB7,2025-07-11T16:50:57.011937905Z,01JZX60X4E8B8BEB6EGNVGAN21,2025-07-11T16:50:57.011937905Z,01JZX63CEYT5SRGGDDJMNHWJSD,2025-07-11T16:50:57.011937905Z,01JZX63CH1B62Z1YKFJN38NE9R,2025-07-11T16:50:57.011937905Z
01JZX6BBBM1DXA1BT89282YC28,01JZX5STVY1F7CAZYKG5BECKW8,2025-07-11T16:50:57.012445135Z,01JZX5STWADQ8CYJNDQ2G9CNB7,2025-07-11T16:50:57.012445135Z,01JZX5Y2KCW7HM7ZEZ3CW6WA4W,2025-07-11T16:50:57.012445135Z,01JZX63CEYT5SRGGDDJMNHWJSD,2025-07-11T16:50:57.012445135Z,01JZX63CH1B62Z1YKFJN38NE9R,2025-07-11T16:50:57.012445135Z
01JZX5P18F7EC4B7BBNAWFEJT1,01JZX55B7YX41DGKXNZE2X3KHG,2025-07-11T16:39:18.543330887Z,01JZX55B8D0RPM6RMM8CARWSAF,2025-07-11T16:39:18.543330887Z,01JZX55HWSXV4N257F6N220CMA,2025-07-11T16:39:18.543330887Z,01JZX5GGY1WA0DFS6DAWAPA3YP,2025-07-11T16:39:18.543330887Z,01JZX5GGZA7K3FQNK8770JJ31E,2025-07-11T16:39:18.543330887Z
01JZX5JBY8X8K1H9E97RW88ZBS,01JZX55B7YX41DGKXNZE2X3KHG,2025-07-11T16:37:18.408628602Z,01JZX55B8D0RPM6RMM8CARWSAF,2025-07-11T16:37:18.408628602Z,01JZX55HWSXV4N257F6N220CMA,2025-07-11T16:37:18.408628602Z,01JZX5GGY1WA0DFS6DAWAPA3YP,2025-07-11T16:37:18.408628602Z,01JZX5GGZ725834YK89JHNTNQ3,2025-07-11T16:37:18.408628602Z
01JZX67264S5ZA5X72F1DJXSQ5,01JZX5STVY1F7CAZYKG5BECKW8,2025-07-11T16:48:36.54831076Z,01JZX5STWADQ8CYJNDQ2G9CNB7,2025-07-11T16:48:36.54831076Z,01JZX5VRBPYY63F0M3XRK2VJJD,2025-07-11T16:48:36.54831076Z,01JZX63CEQ2H8V0DZA5XW0Z1K1,2025-07-11T16:48:36.54831076Z,01JZX63CFTM7WPMSDDGFE0P01M,2025-07-11T16:48:36.54831076Z
01JZX52R2JNY61BPFSQ5QJZFAT,01JZX4S3EXJE2M7E4TBAZ5RTWQ,2025-07-11T16:28:46.546839121Z,01JZX4S3FQS6Z6X7D9NR3BPYND,2025-07-11T16:28:46.546839121Z,01JZX4VT9SNVZVSMNC1BN0YWE2,2025-07-11T16:28:46.546839121Z,01JZX4Z2EDV6PKMQV96WM8931B,2025-07-11T16:28:46.546839121Z,01JZX4Z2FGGW4VGS7VAV2B3559,2025-07-11T16:28:46.546839121Z
01JZX54XTGFSRWE67JBRKZYMV2,01JZX4S3EXJE2M7E4TBAZ5RTWQ,2025-07-11T16:29:57.968879043Z,01JZX4S3FP1QK5FFC8A5DESS2D,2025-07-11T16:29:57.968879043Z,01JZX4ZWYT0GPBPGXSV338YBAC,2025-07-11T16:29:57.968879043Z,01JZX54XHSKBYVQHD82V0TNBH1,2025-07-11T16:29:57.968879043Z,01JZX54XJAP1KX5C4V85JRGM8M,2025-07-11T16:29:57.968879043Z
01JZX55P99S7N4NWBS8MKK7ZZ8,01JZX4S3EXJE2M7E4TBAZ5RTWQ,2025-07-11T16:30:23.017658556Z,01JZX4S3FN9H50JA94G1BSG96H,2025-07-11T16:30:23.017658556Z,01JZX4TVM6F71M9P5J40Q0A919,2025-07-11T16:30:23.017658556Z,01JZX520MWCHZXX6NASTH9VED3,2025-07-11T16:30:23.017658556Z,01JZX520NWX1JW6C4NF5305ST5,2025-07-11T16:30:23.017658556Z
01JZX5CW9TS052HMGSQY306S75,01JZX4S3EXJE2M7E4TBAZ5RTWQ,2025-07-11T16:34:18.554058509Z,01JZX4S3FP1QK5FFC8A5DESS2D,2025-07-11T16:34:18.554058509Z,01JZX4ZMA42SMHG9X39R6A9GZY,2025-07-11T16:34:18.554058509Z,01JZX54XHXPS3SRGH9C1XC85ZF,2025-07-11T16:34:18.554058509Z,01JZX54XM091JJEMG7550QJKPX,2025-07-11T16:34:18.554058509Z
01JZX5GH7XW6YHGCD7EKJ7TA7M,01JZX55B7YX41DGKXNZE2X3KHG,2025-07-11T16:36:18.301827893Z,01JZX55B8D0RPM6RMM8CARWSAF,2025-07-11T16:36:18.301827893Z,01JZX56NVVGE062Y3CWZ473TZF,2025-07-11T16:36:18.301827893Z,01JZX5GGY3PSQQQ05W1ZHT94ZY,2025-07-11T16:36:18.301827893Z,01JZX5GGYPGZH10C6N4HSH5252,2025-07-11T16:36:18.301827893Z
01JZX68WVPGS8GJQ9SH1TM3YBN,01JZX5STVY1F7CAZYKG5BECKW8,2025-07-11T16:49:36.630562009Z,01JZX5STWADQ8CYJNDQ2G9CNB7,2025-07-11T16:49:36.630562009Z,01JZX5Y2KCW7HM7ZEZ3CW6WA4W,2025-07-11T16:49:36.630562009Z,01JZX63CEQ2H8V0DZA5XW0Z1K1,2025-07-11T16:49:36.630562009Z,01JZX63CFTM7WPMSDDH3K754R5,2025-07-11T16:49:36.630562009Z
01JZX56RH1MBJ8E7XNRAAHS58M,01JZX4S3EXJE2M7E4TBAZ5RTWQ,2025-07-11T16:30:58.081069116Z,01JZX4S3FP1QK5FFC8A5DESS2D,2025-07-11T16:30:58.081069116Z,01JZX4TCAQR5ABZVYZ3VQBZDS9,2025-07-11T16:30:58.081069116Z,01JZX54XHWVW6MTRHQN36VZ51T,2025-07-11T16:30:58.081069116Z,01JZX54XJZQXE59KJ9NW4WX7DA,2025-07-11T16:30:58.081069116Z
01JZX5QVYYWHVC5Q8YN5HCNHSX,01JZX55B7YX41DGKXNZE2X3KHG,2025-07-11T16:40:18.654882281Z,01JZX55B8D0RPM6RMM8CARWSAF,2025-07-11T16:40:18.654882281Z,01JZX56NVVGE062Y3CWZ473TZF,2025-07-11T16:40:18.654882281Z,01JZX5GGY23WNVJNR08N918HJ1,2025-07-11T16:40:18.654882281Z,01JZX5GGZMHZF1J77CQKFBW8JJ,2025-07-11T16:40:18.654882281Z
01JZX53VMH49QCP80FDD0XCP26,01JZX4S3EXJE2M7E4TBAZ5RTWQ,2025-07-11T16:29:22.961345626Z,01JZX4S3FN9H50JA94G1BSG96H,2025-07-11T16:29:22.961345626Z,01JZX4YAXGTK2QSXTQDJ669X12,2025-07-11T16:29:22.961345626Z,01JZX520MWCHZXX6NASTH9VED3,2025-07-11T16:29:22.961345626Z,01JZX520NWX1JW6C4NEJ7F1GHQ,2025-07-11T16:29:22.961345626Z
01JZX5ADTH11G2PBDKQ30F736Z,01JZX4S3EXJE2M7E4TBAZ5RTWQ,2025-07-11T16:32:58.193171796Z,01JZX4S3FP1QK5FFC8A5DESS2D,2025-07-11T16:32:58.193171796Z,01JZX4ZWYT0GPBPGXSV338YBAC,2025-07-11T16:32:58.193171796Z,01JZX54XHWVW6MTRHQN36VZ51T,2025-07-11T16:32:58.193171796Z,01JZX54XK0NBDJJ9ZE5WJ14GBN,2025-07-11T16:32:58.193171796Z
01JZX5GH7W9JSQ1W0SF9JRWFN0,01JZX55B7YX41DGKXNZE2X3KHG,2025-07-11T16:36:18.300899885Z,01JZX55B8D0RPM6RMM8CARWSAF,2025-07-11T16:36:18.300899885Z,01JZX592VNP1AJMXRGKZPG9R0R,2025-07-11T16:36:18.300899885Z,01JZX5GGY3PSQQQ05W1ZHT94ZY,2025-07-11T16:36:18.300899885Z,01JZX5GGYPGZH10C6N4HSH5252,2025-07-11T16:36:18.300899885Z
01JZX5GH7YDVMBKB35GKCZSJ59,01JZX55B7YX41DGKXNZE2X3KHG,2025-07-11T16:36:18.302536942Z,01JZX55B8D0RPM6RMM8CARWSAF,2025-07-11T16:36:18.302536942Z,01JZX55HWSXV4N257F6N220CMA,2025-07-11T16:36:18.302536942Z,01JZX5GGY3PSQQQ05W1ZHT94ZY,2025-07-11T16:36:18.302536942Z,01JZX5GGYPGZH10C6N4HSH5252,2025-07-11T16:36:18.302536942Z
01JZX6AQJPHJ9S4KANAYQ84TMW,01JZX5STVY1F7CAZYKG5BECKW8,2025-07-11T16:50:36.758563298Z,01JZX5STWADQ8CYJNDQ2G9CNB7,2025-07-11T16:50:36.758563298Z,01JZX5Y2KCW7HM7ZEZ3CW6WA4W,2025-07-11T16:50:36.758563298Z,01JZX63CEVF8HEMWD4S0VFNDBJ,2025-07-11T16:50:36.758563298Z,01JZX63CG8SF55Q41Y5M275PXF,2025-07-11T16:50:36.758563298Z
01JZX59BM5PK6P6BS9JK6PVNDV,01JZX4S3EXJE2M7E4TBAZ5RTWQ,2025-07-11T16:32:23.173350805Z,01JZX4S3FN9H50JA94G1BSG96H,2025-07-11T16:32:23.173350805Z,01JZX4YAXGTK2QSXTQDJ669X12,2025-07-11T16:32:23.173350805Z,01JZX520MZNBC7FW2EC9ZMCNVA,2025-07-11T16:32:23.173350805Z,01JZX520PE5ARCNB0SMY9XZ2HM,2025-07-11T16:32:23.173350805Z
01JZX5P189HCGKYGP9ZA475NW4,01JZX55B7YX41DGKXNZE2X3KHG,2025-07-11T16:39:18.537538966Z,01JZX55B8D0RPM6RMM8CARWSAF,2025-07-11T16:39:18.537538966Z,01JZX56NVVGE062Y3CWZ473TZF,2025-07-11T16:39:18.537538966Z,01JZX5GGY1WA0DFS6DAWAPA3YP,2025-07-11T16:39:18.537538966Z,01JZX5GGZA7K3FQNK8770JJ31E,2025-07-11T16:39:18.537538966Z
01JZX63CTH5EQXN68KSAD5NEMZ,01JZX5STVY1F7CAZYKG5BECKW8,2025-07-11T16:46:36.369510512Z,01JZX5STWADQ8CYJNDQ2G9CNB7,2025-07-11T16:46:36.369510512Z,01JZX5X3QE1YW3RZR0HHPCAFV5,2025-07-11T16:46:36.369510512Z,01JZX63CEMBT804J281SWBT69P,2025-07-11T16:46:36.369510512Z,01JZX63CF78KR14V5G30BAEXYT,2025-07-11T16:46:36.369510512Z
01JZX5R5VB98YBQHJWCA0QSCD5,01JZX55B7YX41DGKXNZE2X3KHG,2025-07-11T16:40:28.779210813Z,01JZX55B8D0RPM6RMM8CARWSAF,2025-07-11T16:40:28.779210813Z,01JZX58Z8XP1FW5H0FRYHKYW4Y,2025-07-11T16:40:28.779210813Z,01JZX5GGY5M9DZYHRS82FDZW9H,2025-07-11T16:40:28.779210813Z,01JZX5GGZXBF30MW9ZDYE89ZNR,2025-07-11T16:40:28.779210813Z
01JZX6BBBNSB9AGBGE4B16SYDV,01JZX5STVY1F7CAZYKG5BECKW8,2025-07-11T16:50:57.013103476Z,01JZX5STWADQ8CYJNDQ2G9CNB7,2025-07-11T16:50:57.013103476Z,01JZX5X3QE1YW3RZR0HHPCAFV5,2025-07-11T16:50:57.013103476Z,01JZX63CEYT5SRGGDDJMNHWJSD,2025-07-11T16:50:57.013103476Z,01JZX63CH1B62Z1YKFJN38NE9R,2025-07-11T16:50:57.013103476Z
01JZX5M6JYGPNWC8XTJHJ53KKM,01JZX55B7YX41DGKXNZE2X3KHG,2025-07-11T16:38:18.462101997Z,01JZX55B8D0RPM6RMM8CARWSAF,2025-07-11T16:38:18.462101997Z,01JZX56NVVGE062Y3CWZ473TZF,2025-07-11T16:38:18.462101997Z,01JZX5GGY1WA0DFS6DAWAPA3YP,2025-07-11T16:38:18.462101997Z,01JZX5GGZ9FVSCQMT3G9FM5RD7,2025-07-11T16:38:18.462101997Z
01JZX657H7M3688CHDJMG3SA6H,01JZX5STVY1F7CAZYKG5BECKW8,2025-07-11T16:47:36.48754032Z,01JZX5STWADQ8CYJNDQ2G9CNB7,2025-07-11T16:47:36.48754032Z,01JZX60X4E8B8BEB6EGNVGAN21,2025-07-11T16:47:36.48754032Z,01JZX63CEQ2H8V0DZA5XW0Z1K1,2025-07-11T16:47:36.48754032Z,01JZX63CFS0QVVEZ2FR38RHFRQ,2025-07-11T16:47:36.48754032Z
01JZX520XVKD57A6PGD80H8HST,01JZX4S3EXJE2M7E4TBAZ5RTWQ,2025-07-11T16:28:22.843106719Z,01JZX4S3FN9H50JA94G1BSG96H,2025-07-11T16:28:22.843106719Z,01JZX4V08B88XVKRF1KXXHZQS8,2025-07-11T16:28:22.843106719Z,01JZX520MSXXD126QAD2RF3BWM,2025-07-11T16:28:22.843106719Z,01JZX520NCG8SYZMR4XW3H7Y2S,2025-07-11T16:28:22.843106719Z
01JZX58K5SMMXFDYPCTQ53GX17,01JZX4S3EXJE2M7E4TBAZ5RTWQ,2025-07-11T16:31:58.137558743Z,01JZX4S3FP1QK5FFC8A5DESS2D,2025-07-11T16:31:58.137558743Z,01JZX4XSXC74NEBQ2VV115CTVF,2025-07-11T16:31:58.137558743Z,01JZX54XHWVW6MTRHQN36VZ51T,2025-07-11T16:31:58.137558743Z,01JZX54XK0NBDJJ9ZE57827D4Y,2025-07-11T16:31:58.137558743Z
01JZX59ZBM1FESWXV4DQ6GB3XM,01JZX4S3EXJE2M7E4TBAZ5RTWQ,2025-07-11T16:32:43.380890174Z,01JZX4S3FN9H50JA94G1BSG96H,2025-07-11T16:32:43.380890174Z,01JZX4ZTE0KHHWKSZDF5F45JQT,2025-07-11T16:32:43.380890174Z,01JZX520MYH3CB9DVR6DGJ5NFY,2025-07-11T16:32:43.380890174Z,01JZX520Q11806265FTCDMGG1Z,2025-07-11T16:32:43.380890174Z
01JZX5QVYYWHVC5Q8YMX3J00BV,01JZX55B7YX41DGKXNZE2X3KHG,2025-07-11T16:40:18.654121727Z,01JZX55B8D0RPM6RMM8CARWSAF,2025-07-11T16:40:18.654121727Z,01JZX58Z8XP1FW5H0FRYHKYW4Y,2025-07-11T16:40:18.654121727Z,01JZX5GGY23WNVJNR08N918HJ1,2025-07-11T16:40:18.654121727Z,01JZX5GGZMHZF1J77CQKFBW8JJ,2025-07-11T16:40:18.654121727Z
01JZX67263SMM6JRS9BAPM21JH,01JZX5STVY1F7CAZYKG5BECKW8,2025-07-11T16:48:36.54799139Z,01JZX5STWADQ8CYJNDQ2G9CNB7,2025-07-11T16:48:36.54799139Z,01JZX5X3QE1YW3RZR0HHPCAFV5,2025-07-11T16:48:36.54799139Z,01JZX63CEQ2H8V0DZA5XW0Z1K1,2025-07-11T16:48:36.54799139Z,01JZX63CFTM7WPMSDDGFE0P01M,2025-07-11T16:48:36.54799139Z
01JZX6B1F95DWSG147GVFJ2S6T,01JZX5STVY1F7CAZYKG5BECKW8,2025-07-11T16:50:46.889402126Z,01JZX5STWADQ8CYJNDQ2G9CNB7,2025-07-11T16:50:46.889402126Z,01JZX612X8NQW8TW73EJ6ZGVH5,2025-07-11T16:50:46.889402126Z,01JZX63CEXTNTQ51XJN9SMNE39,2025-07-11T16:50:46.889402126Z,01JZX63CGJW7A98ZPZ61Z6P432,2025-07-11T16:50:46.889402126Z
01JZX6BBBGZ9XRDS1HBC5YREH8,01JZX5STVY1F7CAZYKG5BECKW8,2025-07-11T16:50:57.008767444Z,01JZX5STWADQ8CYJNDQ2G9CNB7,2025-07-11T16:50:57.008767444Z,01JZX5VRBPYY63F0M3XRK2VJJD,2025-07-11T16:50:57.008767444Z,01JZX63CEYT5SRGGDDJMNHWJSD,2025-07-11T16:50:57.008767444Z,01JZX63CH1B62Z1YKFJN38NE9R,2025-07-11T16:50:57.008767444Z
01JZX54XTJSYH5TKNSDGQ6CNN4,01JZX4S3EXJE2M7E4TBAZ5RTWQ,2025-07-11T16:29:57.970521892Z,01JZX4S3FP1QK5FFC8A5DESS2D,2025-07-11T16:29:57.970521892Z,01JZX4XSXC74NEBQ2VV115CTVF,2025-07-11T16:29:57.970521892Z,01JZX54XHSKBYVQHD82V0TNBH1,2025-07-11T16:29:57.970521892Z,01JZX54XJAP1KX5C4V85JRGM8M,2025-07-11T16:29:57.970521892Z
01JZX5C8HKNCZZ3680YK4MYYDZ,01JZX4S3EXJE2M7E4TBAZ5RTWQ,2025-07-11T16:33:58.323306193Z,01JZX4S3FP1QK5FFC8A5DESS2D,2025-07-11T16:33:58.323306193Z,01JZX4XSXC74NEBQ2VV115CTVF,2025-07-11T16:33:58.323306193Z,01JZX54XHVZW37KBC9S7H7E6P3,2025-07-11T16:33:58.323306193Z,01JZX54XKCYR9F8N891VHWYJXF,2025-07-11T16:33:58.323306193Z
01JZX5C8HMEMJTVRJ6V8QYP67C,01JZX4S3EXJE2M7E4TBAZ5RTWQ,2025-07-11T16:33:58.324148281Z,01JZX4S3FP1QK5FFC8A5DESS2D,2025-07-11T16:33:58.324148281Z,01JZX4TCAQR5ABZVYZ3VQBZDS9,2025-07-11T16:33:58.324148281Z,01JZX54XHVZW37KBC9S7H7E6P3,2025-07-11T16:33:58.324148281Z,01JZX54XKCYR9F8N891VHWYJXF,2025-07-11T16:33:58.324148281Z
01JZX5R5V5CDT93X2D8PG1D80R,01JZX55B7YX41DGKXNZE2X3KHG,2025-07-11T16:40:28.773833323Z,01JZX55B8D0RPM6RMM8CARWSAF,2025-07-11T16:40:28.773833323Z,01JZX55HWSXV4N257F6N220CMA,2025-07-11T16:40:28.773833323Z,01JZX5GGY5M9DZYHRS82FDZW9H,2025-07-11T16:40:28.773833323Z,01JZX5GGZXBF30MW9ZDYE89ZNR,2025-07-11T16:40:28.773833323Z
01JZX520XT823FMZT4G1JA8ZJZ,01JZX4S3EXJE2M7E4TBAZ5RTWQ,2025-07-11T16:28:22.842549054Z,01JZX4S3FN9H50JA94G1BSG96H,2025-07-11T16:28:22.842549054Z,01JZX4ZTE0KHHWKSZDF5F45JQT,2025-07-11T16:28:22.842549054Z,01JZX520MSXXD126QAD2RF3BWM,2025-07-11T16:28:22.842549054Z,01JZX520NCG8SYZMR4XW3H7Y2S,2025-07-11T16:28:22.842549054Z
01JZX56DCFNXHNS3S5V3MQXQ51,01JZX4S3EXJE2M7E4TBAZ5RTWQ,2025-07-11T16:30:46.671889927Z,01JZX4S3FQS6Z6X7D9NR3BPYND,2025-07-11T16:30:46.671889927Z,01JZX4W24DV4B1Y953F8EAD6JD,2025-07-11T16:30:46.671889927Z,01JZX4Z2EHV5TDBBCP3NMAWGBV,2025-07-11T16:30:46.671889927Z,01JZX4Z2FX78QMXW9PQQ33KVY8,2025-07-11T16:30:46.671889927Z
01JZX57GY6Y8F0Y2XP5JYJVXBD,01JZX4S3EXJE2M7E4TBAZ5RTWQ,2025-07-11T16:31:23.07881393Z,01JZX4S3FN9H50JA94G1BSG96H,2025-07-11T16:31:23.07881393Z,01JZX4YAXGTK2QSXTQDJ669X12,2025-07-11T16:31:23.07881393Z,01JZX520MWCHZXX6NASTH9VED3,2025-07-11T16:31:23.07881393Z,01JZX520NWX1JW6C4NFP4S1VD9,2025-07-11T16:31:23.07881393Z
01JZX657H8H9RYCQNJZXB8EQJ5,01JZX5STVY1F7CAZYKG5BECKW8,2025-07-11T16:47:36.488199598Z,01JZX5STWADQ8CYJNDQ2G9CNB7,2025-07-11T16:47:36.488199598Z,01JZX612X8NQW8TW73EJ6ZGVH5,2025-07-11T16:47:36.488199598Z,01JZX63CEQ2H8V0DZA5XW0Z1K1,2025-07-11T16:47:36.488199598Z,01JZX63CFS0QVVEZ2FR38RHFRQ,2025-07-11T16:47:36.488199598Z
01JZX6B1F95DWSG147H7ATPYFH,01JZX5STVY1F7CAZYKG5BECKW8,2025-07-11T16:50:46.889699345Z,01JZX5STWADQ8CYJNDQ2G9CNB7,2025-07-11T16:50:46.889699345Z,01JZX60X4E8B8BEB6EGNVGAN21,2025-07-11T16:50:46.889699345Z,01JZX63CEXTNTQ51XJN9SMNE39,2025-07-11T16:50:46.889699345Z,01JZX63CGJW7A98ZPZ61Z6P432,2025-07-11T16:50:46.889699345Z
01JZX50XE87GHQGBXDJPZXS0K1,01JZX4S3EXJE2M7E4TBAZ5RTWQ,2025-07-11T16:27:46.504160389Z,01JZX4S3FQS6Z6X7D9NR3BPYND,2025-07-11T16:27:46.504160389Z,01JZX4VT9SNVZVSMNC1BN0YWE2,2025-07-11T16:27:46.504160389Z,01JZX4Z2EDV6PKMQV96WM8931B,2025-07-11T16:27:46.504160389Z,01JZX4Z2FGGW4VGS7VA15SW3A1,2025-07-11T16:27:46.504160389Z
01JZX55P9BD5B4AQATT3NGWK3F,01JZX4S3EXJE2M7E4TBAZ5RTWQ,2025-07-11T16:30:23.019123245Z,01JZX4S3FN9H50JA94G1BSG96H,2025-07-11T16:30:23.019123245Z,01JZX4V08B88XVKRF1KXXHZQS8,2025-07-11T16:30:23.019123245Z,01JZX520MWCHZXX6NASTH9VED3,2025-07-11T16:30:23.019123245Z,01JZX520NWX1JW6C4NF5305ST5,2025-07-11T16:30:23.019123245Z
01JZX56DCFNXHNS3S5TM6ZB0GN,01JZX4S3EXJE2M7E4TBAZ5RTWQ,2025-07-11T16:30:46.671345815Z,01JZX4S3FQS6Z6X7D9NR3BPYND,2025-07-11T16:30:46.671345815Z,01JZX4VT9SNVZVSMNC1BN0YWE2,2025-07-11T16:30:46.671345815Z,01JZX4Z2EHV5TDBBCP3NMAWGBV,2025-07-11T16:30:46.671345815Z,01JZX4Z2FX78QMXW9PQQ33KVY8,2025-07-11T16:30:46.671345815Z
01JZX56Q7YQNA3WE6T4Z9A4GWZ,01JZX4S3EXJE2M7E4TBAZ5RTWQ,2025-07-11T16:30:56.766690198Z,01JZX4S3FQS6Z6X7D9NR3BPYND,2025-07-11T16:30:56.766690198Z,01JZX4TQKG14MDK99CWWHY0HWZ,2025-07-11T16:30:56.766690198Z,01JZX4Z2EKHDW650927PT5SY46,2025-07-11T16:30:56.766690198Z,01JZX4Z2G90QE44RXBVG1QJ952,2025-07-11T16:30:56.766690198Z
01JZX56RH1MBJ8E7XNRR1E135G,01JZX4S3EXJE2M7E4TBAZ5RTWQ,2025-07-11T16:30:58.081982773Z,01JZX4S3FP1QK5FFC8A5DESS2D,2025-07-11T16:30:58.081982773Z,01JZX4ZMA42SMHG9X39R6A9GZY,2025-07-11T16:30:58.081982773Z,01JZX54XHWVW6MTRHQN36VZ51T,2025-07-11T16:30:58.081982773Z,01JZX54XJZQXE59KJ9NW4WX7DA,2025-07-11T16:30:58.081982773Z
01JZX5ADTBZ9K2A8GHMJBHS2K9,01JZX4S3EXJE2M7E4TBAZ5RTWQ,2025-07-11T16:32:58.187851885Z,01JZX4S3FP1QK5FFC8A5DESS2D,2025-07-11T16:32:58.187851885Z,01JZX4TCAQR5ABZVYZ3VQBZDS9,2025-07-11T16:32:58.187851885Z,01JZX54XHWVW6MTRHQN36VZ51T,2025-07-11T16:32:58.187851885Z,01JZX54XK0NBDJJ9ZE5WJ14GBN,2025-07-11T16:32:58.187851885Z
01JZX5C8HJMJKSTCMQ3S2XN06H,01JZX4S3EXJE2M7E4TBAZ5RTWQ,2025-07-11T16:33:58.322831025Z,01JZX4S3FP1QK5FFC8A5DESS2D,2025-07-11T16:33:58.322831025Z,01JZX4ZMA42SMHG9X39R6A9GZY,2025-07-11T16:33:58.322831025Z,01JZX54XHVZW37KBC9S7H7E6P3,2025-07-11T16:33:58.322831025Z,01JZX54XKCYR9F8N891VHWYJXF,2025-07-11T16:33:58.322831025Z
01JZX5CJDT04YKTN8Q4CF1FDE0,01JZX4S3EXJE2M7E4TBAZ5RTWQ,2025-07-11T16:34:08.442475323Z,01JZX4S3FP1QK5FFC8A5DESS2D,2025-07-11T16:34:08.442475323Z,01JZX4XSXC74NEBQ2VV115CTVF,2025-07-11T16:34:08.442475323Z,01JZX54XHWVW6MTRHQMQ39E725,2025-07-11T16:34:08.442475323Z,01JZX54XKQXBMVS13FPFPJ3XZ9,2025-07-11T16:34:08.442475323Z
01JZX5M6JW90G240TKKQFSD0FJ,01JZX55B7YX41DGKXNZE2X3KHG,2025-07-11T16:38:18.46078154Z,01JZX55B8D0RPM6RMM8CARWSAF,2025-07-11T16:38:18.46078154Z,01JZX592VNP1AJMXRGKZPG9R0R,2025-07-11T16:38:18.46078154Z,01JZX5GGY1WA0DFS6DAWAPA3YP,2025-07-11T16:38:18.46078154Z,01JZX5GGZ9FVSCQMT3G9FM5RD7,2025-07-11T16:38:18.46078154Z
01JZX63CTC8HH6XRKDQZP3JGN8,01JZX5STVY1F7CAZYKG5BECKW8,2025-07-11T16:46:36.364678706Z,01JZX5STWADQ8CYJNDQ2G9CNB7,2025-07-11T16:46:36.364678706Z,01JZX5VRBPYY63F0M3XRK2VJJD,2025-07-11T16:46:36.364678706Z,01JZX63CEMBT804J281SWBT69P,2025-07-11T16:46:36.364678706Z,01JZX63CF78KR14V5G30BAEXYT,2025-07-11T16:46:36.364678706Z
01JZX67263SMM6JRS9AKKQ15MW,01JZX5STVY1F7CAZYKG5BECKW8,2025-07-11T16:48:36.547208402Z,01JZX5STWADQ8CYJNDQ2G9CNB7,2025-07-11T16:48:36.547208402Z,01JZX60X4E8B8BEB6EGNVGAN21,2025-07-11T16:48:36.547208402Z,01JZX63CEQ2H8V0DZA5XW0Z1K1,2025-07-11T16:48:36.547208402Z,01JZX63CFTM7WPMSDDGFE0P01M,2025-07-11T16:48:36.547208402Z
01JZX68WVNGRY6DNB876QM6M51,01JZX5STVY1F7CAZYKG5BECKW8,2025-07-11T16:49:36.62965995Z,01JZX5STWADQ8CYJNDQ2G9CNB7,2025-07-11T16:49:36.62965995Z,01JZX604233QRC2NQ8D3YWWRR7,2025-07-11T16:49:36.62965995Z,01JZX63CEQ2H8V0DZA5XW0Z1K1,2025-07-11T16:49:36.62965995Z,01JZX63CFTM7WPMSDDH3K754R5,2025-07-11T16:49:36.62965995Z
01JZX4Z2RPE6PJDDY54PK2HTQD,01JZX4S3EXJE2M7E4TBAZ5RTWQ,2025-07-11T16:26:46.422320387Z,01JZX4S3FQS6Z6X7D9NR3BPYND,2025-07-11T16:26:46.422320387Z,01JZX4TQKG14MDK99CWWHY0HWZ,2025-07-11T16:26:46.422320387Z,01JZX4Z2EDV6PKMQV96DK6WHM0,2025-07-11T16:26:46.422320387Z,01JZX4Z2EZ7BND6EB7KFP3HE2C,2025-07-11T16:26:46.422320387Z
01JZX50XE7M8AAFCEN67Q80DEZ,01JZX4S3EXJE2M7E4TBAZ5RTWQ,2025-07-11T16:27:46.503844217Z,01JZX4S3FQS6Z6X7D9NR3BPYND,2025-07-11T16:27:46.503844217Z,01JZX4TQKG14MDK99CWWHY0HWZ,2025-07-11T16:27:46.503844217Z,01JZX4Z2EDV6PKMQV96WM8931B,2025-07-11T16:27:46.503844217Z,01JZX4Z2FGGW4VGS7VA15SW3A1,2025-07-11T16:27:46.503844217Z
01JZX5CJDSN8CAAW72HEXF1RPW,01JZX4S3EXJE2M7E4TBAZ5RTWQ,2025-07-11T16:34:08.441527443Z,01JZX4S3FP1QK5FFC8A5DESS2D,2025-07-11T16:34:08.441527443Z,01JZX4ZMA42SMHG9X39R6A9GZY,2025-07-11T16:34:08.441527443Z,01JZX54XHWVW6MTRHQMQ39E725,2025-07-11T16:34:08.441527443Z,01JZX54XKQXBMVS13FPFPJ3XZ9,2025-07-11T16:34:08.441527443Z
01JZX5CJDW8CGWFY39DJDSHXN5,01JZX4S3EXJE2M7E4TBAZ5RTWQ,2025-07-11T16:34:08.44411625Z,01JZX4S3FP1QK5FFC8A5DESS2D,2025-07-11T16:34:08.44411625Z,01JZX4TCAQR5ABZVYZ3VQBZDS9,2025-07-11T16:34:08.44411625Z,01JZX54XHWVW6MTRHQMQ39E725,2025-07-11T16:34:08.44411625Z,01JZX54XKQXBMVS13FPFPJ3XZ9,2025-07-11T16:34:08.44411625Z
01JZX4Z2RPE6PJDDY55FK95YR7,01JZX4S3EXJE2M7E4TBAZ5RTWQ,2025-07-11T16:26:46.422969389Z,01JZX4S3FQS6Z6X7D9NR3BPYND,2025-07-11T16:26:46.422969389Z,01JZX4W24DV4B1Y953F8EAD6JD,2025-07-11T16:26:46.422969389Z,01JZX4Z2EDV6PKMQV96DK6WHM0,2025-07-11T16:26:46.422969389Z,01JZX4Z2EZ7BND6EB7KFP3HE2C,2025-07-11T16:26:46.422969389Z
01JZX52R2KM7GAS175ZMT7T1FD,01JZX4S3EXJE2M7E4TBAZ5RTWQ,2025-07-11T16:28:46.547184939Z,01JZX4S3FQS6Z6X7D9NR3BPYND,2025-07-11T16:28:46.547184939Z,01JZX4W24DV4B1Y953F8EAD6JD,2025-07-11T16:28:46.547184939Z,01JZX4Z2EDV6PKMQV96WM8931B,2025-07-11T16:28:46.547184939Z,01JZX4Z2FGGW4VGS7VAV2B3559,2025-07-11T16:28:46.547184939Z
01JZX54XTH65Y6DJ1XVVJ3Y7G3,01JZX4S3EXJE2M7E4TBAZ5RTWQ,2025-07-11T16:29:57.969971737Z,01JZX4S3FP1QK5FFC8A5DESS2D,2025-07-11T16:29:57.969971737Z,01JZX4ZMA42SMHG9X39R6A9GZY,2025-07-11T16:29:57.969971737Z,01JZX54XHSKBYVQHD82V0TNBH1,2025-07-11T16:29:57.969971737Z,01JZX54XJAP1KX5C4V85JRGM8M,2025-07-11T16:29:57.969971737Z
01JZX5GH80N44QPEW47HCDDYRA,01JZX55B7YX41DGKXNZE2X3KHG,2025-07-11T16:36:18.304492581Z,01JZX55B8D0RPM6RMM8CARWSAF,2025-07-11T16:36:18.304492581Z,01JZX58Z8XP1FW5H0FRYHKYW4Y,2025-07-11T16:36:18.304492581Z,01JZX5GGY3PSQQQ05W1ZHT94ZY,2025-07-11T16:36:18.304492581Z,01JZX5GGYPGZH10C6N4HSH5252,2025-07-11T16:36:18.304492581Z
01JZX5RFQ0XF1081JNRKAQH2GH,01JZX55B7YX41DGKXNZE2X3KHG,2025-07-11T16:40:38.880635651Z,01JZX55B8D0RPM6RMM8CARWSAF,2025-07-11T16:40:38.880635651Z,01JZX55HWSXV4N257F6N220CMA,2025-07-11T16:40:38.880635651Z,01JZX5GGY42XD3YYMQ49W7S8KJ,2025-07-11T16:40:38.880635651Z,01JZX5GH07J56QKV61WCPPTYXQ,2025-07-11T16:40:38.880635651Z
01JZX59ZBDXNJJ95SN3VJ5A7Q1,01JZX4S3EXJE2M7E4TBAZ5RTWQ,2025-07-11T16:32:43.373950579Z,01JZX4S3FN9H50JA94G1BSG96H,2025-07-11T16:32:43.373950579Z,01JZX4YAXGTK2QSXTQDJ669X12,2025-07-11T16:32:43.373950579Z,01JZX520MYH3CB9DVR6DGJ5NFY,2025-07-11T16:32:43.373950579Z,01JZX520Q11806265FTCDMGG1Z,2025-07-11T16:32:43.373950579Z
01JZX5P18AVS45JB1EK9JQ1ZZJ,01JZX55B7YX41DGKXNZE2X3KHG,2025-07-11T16:39:18.538612629Z,01JZX55B8D0RPM6RMM8CARWSAF,2025-07-11T16:39:18.538612629Z,01JZX592VNP1AJMXRGKZPG9R0R,2025-07-11T16:39:18.538612629Z,01JZX5GGY1WA0DFS6DAWAPA3YP,2025-07-11T16:39:18.538612629Z,01JZX5GGZA7K3FQNK8770JJ31E,2025-07-11T16:39:18.538612629Z
01JZX63CTE3P3V0S1XNDTMBJEK,01JZX5STVY1F7CAZYKG5BECKW8,2025-07-11T16:46:36.366088379Z,01JZX5STWADQ8CYJNDQ2G9CNB7,2025-07-11T16:46:36.366088379Z,01JZX612X8NQW8TW73EJ6ZGVH5,2025-07-11T16:46:36.366088379Z,01JZX63CEMBT804J281SWBT69P,2025-07-11T16:46:36.366088379Z,01JZX63CF78KR14V5G30BAEXYT,2025-07-11T16:46:36.366088379Z
01JZX6B1F73CN3EB8CZX9DT4QF,01JZX5STVY1F7CAZYKG5BECKW8,2025-07-11T16:50:46.887719892Z,01JZX5STWADQ8CYJNDQ2G9CNB7,2025-07-11T16:50:46.887719892Z,01JZX5X3QE1YW3RZR0HHPCAFV5,2025-07-11T16:50:46.887719892Z,01JZX63CEXTNTQ51XJN9SMNE39,2025-07-11T16:50:46.887719892Z,01JZX63CGJW7A98ZPZ61Z6P432,2025-07-11T16:50:46.887719892Z
01JZX5CW9RJXK0SY8CSJ8WM8XS,01JZX4S3EXJE2M7E4TBAZ5RTWQ,2025-07-11T16:34:18.552536485Z,01JZX4S3FP1QK5FFC8A5DESS2D,2025-07-11T16:34:18.552536485Z,01JZX4TCAQR5ABZVYZ3VQBZDS9,2025-07-11T16:34:18.552536485Z,01JZX54XHXPS3SRGH9C1XC85ZF,2025-07-11T16:34:18.552536485Z,01JZX54XM091JJEMG7550QJKPX,2025-07-11T16:34:18.552536485Z
01JZX63CTE3P3V0S1XNMSCKA78,01JZX5STVY1F7CAZYKG5BECKW8,2025-07-11T16:46:36.366818574Z,01JZX5STWADQ8CYJNDQ2G9CNB7,2025-07-11T16:46:36.366818574Z,01JZX60X4E8B8BEB6EGNVGAN21,2025-07-11T16:46:36.366818574Z,01JZX63CEMBT804J281SWBT69P,2025-07-11T16:46:36.366818574Z,01JZX63CF78KR14V5G30BAEXYT,2025-07-11T16:46:36.366818574Z
01JZX63CTG0QW43XDVPQ6WRDT1,01JZX5STVY1F7CAZYKG5BECKW8,2025-07-11T16:46:36.368999728Z,01JZX5STWADQ8CYJNDQ2G9CNB7,2025-07-11T16:46:36.368999728Z,01JZX5Y2KCW7HM7ZEZ3CW6WA4W,2025-07-11T16:46:36.368999728Z,01JZX63CEMBT804J281SWBT69P,2025-07-11T16:46:36.368999728Z,01JZX63CF78KR14V5G30BAEXYT,2025-07-11T16:46:36.368999728Z
01JZX4Z2RPE6PJDDY5546TWMMG,01JZX4S3EXJE2M7E4TBAZ5RTWQ,2025-07-11T16:26:46.422657409Z,01JZX4S3FQS6Z6X7D9NR3BPYND,2025-07-11T16:26:46.422657409Z,01JZX4VT9SNVZVSMNC1BN0YWE2,2025-07-11T16:26:46.422657409Z,01JZX4Z2EDV6PKMQV96DK6WHM0,2025-07-11T16:26:46.422657409Z,01JZX4Z2EZ7BND6EB7KFP3HE2C,2025-07-11T16:26:46.422657409Z
01JZX54JPXH2MR4946EHY80X0T,01JZX4S3EXJE2M7E4TBAZ5RTWQ,2025-07-11T16:29:46.589660616Z,01JZX4S3FQS6Z6X7D9NR3BPYND,2025-07-11T16:29:46.589660616Z,01JZX4W24DV4B1Y953F8EAD6JD,2025-07-11T16:29:46.589660616Z,01JZX4Z2EDV6PKMQV96WM8931B,2025-07-11T16:29:46.589660616Z,01JZX4Z2FGGW4VGS7VBGS0GD7G,2025-07-11T16:29:46.589660616Z
01JZX5713JKYC4633R7D4EYABF,01JZX4S3EXJE2M7E4TBAZ5RTWQ,2025-07-11T16:31:06.866319557Z,01JZX4S3FQS6Z6X7D9NR3BPYND,2025-07-11T16:31:06.866319557Z,01JZX4VT9SNVZVSMNC1BN0YWE2,2025-07-11T16:31:06.866319557Z,01JZX4Z2EKHDW6509278ZWH1X6,2025-07-11T16:31:06.866319557Z,01JZX4Z2GNYHJ15J0DX5CAZ5GQ,2025-07-11T16:31:06.866319557Z
01JZX5JBYBCM30SB533NVG1WTP,01JZX55B7YX41DGKXNZE2X3KHG,2025-07-11T16:37:18.411680004Z,01JZX55B8D0RPM6RMM8CARWSAF,2025-07-11T16:37:18.411680004Z,01JZX56NVVGE062Y3CWZ473TZF,2025-07-11T16:37:18.411680004Z,01JZX5GGY1WA0DFS6DAWAPA3YP,2025-07-11T16:37:18.411680004Z,01JZX5GGZ725834YK89JHNTNQ3,2025-07-11T16:37:18.411680004Z
01JZX56RH0AQYDC1CZN6H20ZZP,01JZX4S3EXJE2M7E4TBAZ5RTWQ,2025-07-11T16:30:58.080503006Z,01JZX4S3FP1QK5FFC8A5DESS2D,2025-07-11T16:30:58.080503006Z,01JZX4ZWYT0GPBPGXSV338YBAC,2025-07-11T16:30:58.080503006Z,01JZX54XHWVW6MTRHQN36VZ51T,2025-07-11T16:30:58.080503006Z,01JZX54XJZQXE59KJ9NW4WX7DA,2025-07-11T16:30:58.080503006Z
01JZX59BM4Y9SZWPGCMKXGFABV,01JZX4S3EXJE2M7E4TBAZ5RTWQ,2025-07-11T16:32:23.172646223Z,01JZX4S3FN9H50JA94G1BSG96H,2025-07-11T16:32:23.172646223Z,01JZX4V08B88XVKRF1KXXHZQS8,2025-07-11T16:32:23.172646223Z,01JZX520MZNBC7FW2EC9ZMCNVA,2025-07-11T16:32:23.172646223Z,01JZX520PE5ARCNB0SMY9XZ2HM,2025-07-11T16:32:23.172646223Z
01JZX5ADTBZ9K2A8GHM8HS3KRC,01JZX4S3EXJE2M7E4TBAZ5RTWQ,2025-07-11T16:32:58.187117535Z,01JZX4S3FP1QK5FFC8A5DESS2D,2025-07-11T16:32:58.187117535Z,01JZX4XSXC74NEBQ2VV115CTVF,2025-07-11T16:32:58.187117535Z,01JZX54XHWVW6MTRHQN36VZ51T,2025-07-11T16:32:58.187117535Z,01JZX54XK0NBDJJ9ZE5WJ14GBN,2025-07-11T16:32:58.187117535Z
01JZX5ADTCFGA0DXXW3YPSBSK6,01JZX4S3EXJE2M7E4TBAZ5RTWQ,2025-07-11T16:32:58.188804717Z,01JZX4S3FP1QK5FFC8A5DESS2D,2025-07-11T16:32:58.188804717Z,01JZX4ZMA42SMHG9X39R6A9GZY,2025-07-11T16:32:58.188804717Z,01JZX54XHWVW6MTRHQN36VZ51T,2025-07-11T16:32:58.188804717Z,01JZX54XK0NBDJJ9ZE5WJ14GBN,2025-07-11T16:32:58.188804717Z
01JZX657H9SBNT5S61QGH0WG3R,01JZX5STVY1F7CAZYKG5BECKW8,2025-07-11T16:47:36.489843352Z,01JZX5STWADQ8CYJNDQ2G9CNB7,2025-07-11T16:47:36.489843352Z,01JZX5X3QE1YW3RZR0HHPCAFV5,2025-07-11T16:47:36.489843352Z,01JZX63CEQ2H8V0DZA5XW0Z1K1,2025-07-11T16:47:36.489843352Z,01JZX63CFS0QVVEZ2FR38RHFRQ,2025-07-11T16:47:36.489843352Z
01JZX67264S5ZA5X72FG5EP0GP,01JZX5STVY1F7CAZYKG5BECKW8,2025-07-11T16:48:36.54878281Z,01JZX5STWADQ8CYJNDQ2G9CNB7,2025-07-11T16:48:36.54878281Z,01JZX604233QRC2NQ8D3YWWRR7,2025-07-11T16:48:36.54878281Z,01JZX63CEQ2H8V0DZA5XW0Z1K1,2025-07-11T16:48:36.54878281Z,01JZX63CFTM7WPMSDDGFE0P01M,2025-07-11T16:48:36.54878281Z
01JZX68WVFMKGCQYD7VN0A5DTC,01JZX5STVY1F7CAZYKG5BECKW8,2025-07-11T16:49:36.623809532Z,01JZX5STWADQ8CYJNDQ2G9CNB7,2025-07-11T16:49:36.623809532Z,01JZX5VRBPYY63F0M3XRK2VJJD,2025-07-11T16:49:36.623809532Z,01JZX63CEQ2H8V0DZA5XW0Z1K1,2025-07-11T16:49:36.623809532Z,01JZX63CFTM7WPMSDDH3K754R5,2025-07-11T16:49:36.623809532Z
01JZX6B1F6T3S22P61APYNR2V3,01JZX5STVY1F7CAZYKG5BECKW8,2025-07-11T16:50:46.886886341Z,01JZX5STWADQ8CYJNDQ2G9CNB7,2025-07-11T16:50:46.886886341Z,01JZX604233QRC2NQ8D3YWWRR7,2025-07-11T16:50:46.886886341Z,01JZX63CEXTNTQ51XJN9SMNE39,2025-07-11T16:50:46.886886341Z,01JZX63CGJW7A98ZPZ61Z6P432,2025-07-11T16:50:46.886886341Z
01JZX53VMGC08C6RGCQG5AV3V7,01JZX4S3EXJE2M7E4TBAZ5RTWQ,2025-07-11T16:29:22.960678994Z,01JZX4S3FN9H50JA94G1BSG96H,2025-07-11T16:29:22.960678994Z,01JZX4TVM6F71M9P5J40Q0A919,2025-07-11T16:29:22.960678994Z,01JZX520MWCHZXX6NASTH9VED3,2025-07-11T16:29:22.960678994Z,01JZX520NWX1JW6C4NEJ7F1GHQ,2025-07-11T16:29:22.960678994Z
01JZX54JPYMF31WKE613FGER6S,01JZX4S3EXJE2M7E4TBAZ5RTWQ,2025-07-11T16:29:46.590315367Z,01JZX4S3FQS6Z6X7D9NR3BPYND,2025-07-11T16:29:46.590315367Z,01JZX4VT9SNVZVSMNC1BN0YWE2,2025-07-11T16:29:46.590315367Z,01JZX4Z2EDV6PKMQV96WM8931B,2025-07-11T16:29:46.590315367Z,01JZX4Z2FGGW4VGS7VBGS0GD7G,2025-07-11T16:29:46.590315367Z
01JZX5CW9SKCFN63NECAZ3VEWJ,01JZX4S3EXJE2M7E4TBAZ5RTWQ,2025-07-11T16:34:18.553658574Z,01JZX4S3FP1QK5FFC8A5DESS2D,2025-07-11T16:34:18.553658574Z,01JZX4ZWYT0GPBPGXSV338YBAC,2025-07-11T16:34:18.553658574Z,01JZX54XHXPS3SRGH9C1XC85ZF,2025-07-11T16:34:18.553658574Z,01JZX54XM091JJEMG7550QJKPX,2025-07-11T16:34:18.553658574Z
01JZX56Q7YQNA3WE6T5CGEH6H2,01JZX4S3EXJE2M7E4TBAZ5RTWQ,2025-07-11T16:30:56.766999035Z,01JZX4S3FQS6Z6X7D9NR3BPYND,2025-07-11T16:30:56.766999035Z,01JZX4VT9SNVZVSMNC1BN0YWE2,2025-07-11T16:30:56.766999035Z,01JZX4Z2EKHDW650927PT5SY46,2025-07-11T16:30:56.766999035Z,01JZX4Z2G90QE44RXBVG1QJ952,2025-07-11T16:30:56.766999035Z
01JZX58K5PM9M9BF4YNVMYA0C5,01JZX4S3EXJE2M7E4TBAZ5RTWQ,2025-07-11T16:31:58.134861181Z,01JZX4S3FP1QK5FFC8A5DESS2D,2025-07-11T16:31:58.134861181Z,01JZX4TCAQR5ABZVYZ3VQBZDS9,2025-07-11T16:31:58.134861181Z,01JZX54XHWVW6MTRHQN36VZ51T,2025-07-11T16:31:58.134861181Z,01JZX54XK0NBDJJ9ZE57827D4Y,2025-07-11T16:31:58.134861181Z
01JZX59ZBF012J5NC18TKQZR36,01JZX4S3EXJE2M7E4TBAZ5RTWQ,2025-07-11T16:32:43.375291219Z,01JZX4S3FN9H50JA94G1BSG96H,2025-07-11T16:32:43.375291219Z,01JZX4V08B88XVKRF1KXXHZQS8,2025-07-11T16:32:43.375291219Z,01JZX520MYH3CB9DVR6DGJ5NFY,2025-07-11T16:32:43.375291219Z,01JZX520Q11806265FTCDMGG1Z,2025-07-11T16:32:43.375291219Z
01JZX5M6JXZ9G9G10ZRBS3A9Y4,01JZX55B7YX41DGKXNZE2X3KHG,2025-07-11T16:38:18.461539762Z,01JZX55B8D0RPM6RMM8CARWSAF,2025-07-11T16:38:18.461539762Z,01JZX58Z8XP1FW5H0FRYHKYW4Y,2025-07-11T16:38:18.461539762Z,01JZX5GGY1WA0DFS6DAWAPA3YP,2025-07-11T16:38:18.461539762Z,01JZX5GGZ9FVSCQMT3G9FM5RD7,2025-07-11T16:38:18.461539762Z
01JZX5R5V6GN7SJ64XE9V748Q6,01JZX55B7YX41DGKXNZE2X3KHG,2025-07-11T16:40:28.774460741Z,01JZX55B8D0RPM6RMM8CARWSAF,2025-07-11T16:40:28.774460741Z,01JZX592VNP1AJMXRGKZPG9R0R,2025-07-11T16:40:28.774460741Z,01JZX5GGY5M9DZYHRS82FDZW9H,2025-07-11T16:40:28.774460741Z,01JZX5GGZXBF30MW9ZDYE89ZNR,2025-07-11T16:40:28.774460741Z
01JZX5R5V9GTE0EQ57CC0XYPGT,01JZX55B7YX41DGKXNZE2X3KHG,2025-07-11T16:40:28.777325338Z,01JZX55B8D0RPM6RMM8CARWSAF,2025-07-11T16:40:28.777325338Z,01JZX56NVVGE062Y3CWZ473TZF,2025-07-11T16:40:28.777325338Z,01JZX5GGY5M9DZYHRS82FDZW9H,2025-07-11T16:40:28.777325338Z,01JZX5GGZXBF30MW9ZDYE89ZNR,2025-07-11T16:40:28.777325338Z
01JZX54XTK0BZ1Q8R8B27AFYVM,01JZX4S3EXJE2M7E4TBAZ5RTWQ,2025-07-11T16:29:57.971026551Z,01JZX4S3FP1QK5FFC8A5DESS2D,2025-07-11T16:29:57.971026551Z,01JZX4TCAQR5ABZVYZ3VQBZDS9,2025-07-11T16:29:57.971026551Z,01JZX54XHSKBYVQHD82V0TNBH1,2025-07-11T16:29:57.971026551Z,01JZX54XJAP1KX5C4V85JRGM8M,2025-07-11T16:29:57.971026551Z
01JZX56DCE4MA6HQSB9168G185,01JZX4S3EXJE2M7E4TBAZ5RTWQ,2025-07-11T16:30:46.670927939Z,01JZX4S3FQS6Z6X7D9NR3BPYND,2025-07-11T16:30:46.670927939Z,01JZX4TQKG14MDK99CWWHY0HWZ,2025-07-11T16:30:46.670927939Z,01JZX4Z2EHV5TDBBCP3NMAWGBV,2025-07-11T16:30:46.670927939Z,01JZX4Z2FX78QMXW9PQQ33KVY8,2025-07-11T16:30:46.670927939Z
01JZX57GY5XYM3JTBRBTN1Z1PB,01JZX4S3EXJE2M7E4TBAZ5RTWQ,2025-07-11T16:31:23.077141354Z,01JZX4S3FN9H50JA94G1BSG96H,2025-07-11T16:31:23.077141354Z,01JZX4TVM6F71M9P5J40Q0A919,2025-07-11T16:31:23.077141354Z,01JZX520MWCHZXX6NASTH9VED3,2025-07-11T16:31:23.077141354Z,01JZX520NWX1JW6C4NFP4S1VD9,2025-07-11T16:31:23.077141354Z
01JZX59BM3A989PZT28MT55QN8,01JZX4S3EXJE2M7E4TBAZ5RTWQ,2025-07-11T16:32:23.171683187Z,01JZX4S3FN9H50JA94G1BSG96H,2025-07-11T16:32:23.171683187Z,01JZX4TVM6F71M9P5J40Q0A919,2025-07-11T16:32:23.171683187Z,01JZX520MZNBC7FW2EC9ZMCNVA,2025-07-11T16:32:23.171683187Z,01JZX520PE5ARCNB0SMY9XZ2HM,2025-07-11T16:32:23.171683187Z
01JZX5JBYBCM30SB53364Q3FKZ,01JZX55B7YX41DGKXNZE2X3KHG,2025-07-11T16:37:18.411065812Z,01JZX55B8D0RPM6RMM8CARWSAF,2025-07-11T16:37:18.411065812Z,01JZX58Z8XP1FW5H0FRYHKYW4Y,2025-07-11T16:37:18.411065812Z,01JZX5GGY1WA0DFS6DAWAPA3YP,2025-07-11T16:37:18.411065812Z,01JZX5GGZ725834YK89JHNTNQ3,2025-07-11T16:37:18.411065812Z
01JZX5RFQ2ASWW0JD1G48EK92K,01JZX55B7YX41DGKXNZE2X3KHG,2025-07-11T16:40:38.882067286Z,01JZX55B8D0RPM6RMM8CARWSAF,2025-07-11T16:40:38.882067286Z,01JZX592VNP1AJMXRGKZPG9R0R,2025-07-11T16:40:38.882067286Z,01JZX5GGY42XD3YYMQ49W7S8KJ,2025-07-11T16:40:38.882067286Z,01JZX5GH07J56QKV61WCPPTYXQ,2025-07-11T16:40:38.882067286Z
01JZX6AQJM8MR3JZJYN0BSXKXE,01JZX5STVY1F7CAZYKG5BECKW8,2025-07-11T16:50:36.756985053Z,01JZX5STWADQ8CYJNDQ2G9CNB7,2025-07-11T16:50:36.756985053Z,01JZX5VRBPYY63F0M3XRK2VJJD,2025-07-11T16:50:36.756985053Z,01JZX63CEVF8HEMWD4S0VFNDBJ,2025-07-11T16:50:36.756985053Z,01JZX63CG8SF55Q41Y5M275PXF,2025-07-11T16:50:36.756985053Z
01JZX520XVKD57A6PGDNGC25G5,01JZX4S3EXJE2M7E4TBAZ5RTWQ,2025-07-11T16:28:22.843624532Z,01JZX4S3FN9H50JA94G1BSG96H,2025-07-11T16:28:22.843624532Z,01JZX4YAXGTK2QSXTQDJ669X12,2025-07-11T16:28:22.843624532Z,01JZX520MSXXD126QAD2RF3BWM,2025-07-11T16:28:22.843624532Z,01JZX520NCG8SYZMR4XW3H7Y2S,2025-07-11T16:28:22.843624532Z
01JZX56Q7XVFR0807F3ZRNNG3K,01JZX4S3EXJE2M7E4TBAZ5RTWQ,2025-07-11T16:30:56.765931995Z,01JZX4S3FQS6Z6X7D9NR3BPYND,2025-07-11T16:30:56.765931995Z,01JZX4W24DV4B1Y953F8EAD6JD,2025-07-11T16:30:56.765931995Z,01JZX4Z2EKHDW650927PT5SY46,2025-07-11T16:30:56.765931995Z,01JZX4Z2G90QE44RXBVG1QJ952,2025-07-11T16:30:56.765931995Z
01JZX59NFPR6TPNZJDTFMZ38JT,01JZX4S3EXJE2M7E4TBAZ5RTWQ,2025-07-11T16:32:33.270203197Z,01JZX4S3FN9H50JA94G1BSG96H,2025-07-11T16:32:33.270203197Z,01JZX4YAXGTK2QSXTQDJ669X12,2025-07-11T16:32:33.270203197Z,01JZX520MX765WXQVQTRDR755Q,2025-07-11T16:32:33.270203197Z,01JZX520PQVPKR013TFXFGABFR,2025-07-11T16:32:33.270203197Z
01JZX5713KXP7TQMWRW2JM82YM,01JZX4S3EXJE2M7E4TBAZ5RTWQ,2025-07-11T16:31:06.867514612Z,01JZX4S3FQS6Z6X7D9NR3BPYND,2025-07-11T16:31:06.867514612Z,01JZX4W24DV4B1Y953F8EAD6JD,2025-07-11T16:31:06.867514612Z,01JZX4Z2EKHDW6509278ZWH1X6,2025-07-11T16:31:06.867514612Z,01JZX4Z2GNYHJ15J0DX5CAZ5GQ,2025-07-11T16:31:06.867514612Z
01JZX57GY77ZW50RPQ1VT75GW0,01JZX4S3EXJE2M7E4TBAZ5RTWQ,2025-07-11T16:31:23.079227766Z,01JZX4S3FN9H50JA94G1BSG96H,2025-07-11T16:31:23.079227766Z,01JZX4V08B88XVKRF1KXXHZQS8,2025-07-11T16:31:23.079227766Z,01JZX520MWCHZXX6NASTH9VED3,2025-07-11T16:31:23.079227766Z,01JZX520NWX1JW6C4NFP4S1VD9,2025-07-11T16:31:23.079227766Z
01JZX59NFQPZS5HJ4ZAZ2H1H9W,01JZX4S3EXJE2M7E4TBAZ5RTWQ,2025-07-11T16:32:33.271496961Z,01JZX4S3FN9H50JA94G1BSG96H,2025-07-11T16:32:33.271496961Z,01JZX4V08B88XVKRF1KXXHZQS8,2025-07-11T16:32:33.271496961Z,01JZX520MX765WXQVQTRDR755Q,2025-07-11T16:32:33.271496961Z,01JZX520PQVPKR013TFXFGABFR,2025-07-11T16:32:33.271496961Z
01JZX5M6JTKXWWFT9Q0BC4RV5C,01JZX55B7YX41DGKXNZE2X3KHG,2025-07-11T16:38:18.45902549Z,01JZX55B8D0RPM6RMM8CARWSAF,2025-07-11T16:38:18.45902549Z,01JZX55HWSXV4N257F6N220CMA,2025-07-11T16:38:18.45902549Z,01JZX5GGY1WA0DFS6DAWAPA3YP,2025-07-11T16:38:18.45902549Z,01JZX5GGZ9FVSCQMT3G9FM5RD7,2025-07-11T16:38:18.45902549Z
01JZX5P18BRGCB7C69SD56KZGE,01JZX55B7YX41DGKXNZE2X3KHG,2025-07-11T16:39:18.539125377Z,01JZX55B8D0RPM6RMM8CARWSAF,2025-07-11T16:39:18.539125377Z,01JZX58Z8XP1FW5H0FRYHKYW4Y,2025-07-11T16:39:18.539125377Z,01JZX5GGY1WA0DFS6DAWAPA3YP,2025-07-11T16:39:18.539125377Z,01JZX5GGZA7K3FQNK8770JJ31E,2025-07-11T16:39:18.539125377Z
01JZX5RFQ3MX0SQZH9V2P1Q65X,01JZX55B7YX41DGKXNZE2X3KHG,2025-07-11T16:40:38.883082617Z,01JZX55B8D0RPM6RMM8CARWSAF,2025-07-11T16:40:38.883082617Z,01JZX56NVVGE062Y3CWZ473TZF,2025-07-11T16:40:38.883082617Z,01JZX5GGY42XD3YYMQ49W7S8KJ,2025-07-11T16:40:38.883082617Z,01JZX5GH07J56QKV61WCPPTYXQ,2025-07-11T16:40:38.883082617Z
01JZX55P9BD5B4AQATTFBGZ0JK,01JZX4S3EXJE2M7E4TBAZ5RTWQ,2025-07-11T16:30:23.0199702Z,01JZX4S3FN9H50JA94G1BSG96H,2025-07-11T16:30:23.0199702Z,01JZX4YAXGTK2QSXTQDJ669X12,2025-07-11T16:30:23.0199702Z,01JZX520MWCHZXX6NASTH9VED3,2025-07-11T16:30:23.0199702Z,01JZX520NWX1JW6C4NF5305ST5,2025-07-11T16:30:23.0199702Z
01JZX57GY6Y8F0Y2XP57ATZ1N1,01JZX4S3EXJE2M7E4TBAZ5RTWQ,2025-07-11T16:31:23.078235958Z,01JZX4S3FN9H50JA94G1BSG96H,2025-07-11T16:31:23.078235958Z,01JZX4ZTE0KHHWKSZDF5F45JQT,2025-07-11T16:31:23.078235958Z,01JZX520MWCHZXX6NASTH9VED3,2025-07-11T16:31:23.078235958Z,01JZX520NWX1JW6C4NFP4S1VD9,2025-07-11T16:31:23.078235958Z
01JZX5RFQ3MX0SQZH9VHZ84QH3,01JZX55B7YX41DGKXNZE2X3KHG,2025-07-11T16:40:38.883749395Z,01JZX55B8D0RPM6RMM8CARWSAF,2025-07-11T16:40:38.883749395Z,01JZX58Z8XP1FW5H0FRYHKYW4Y,2025-07-11T16:40:38.883749395Z,01JZX5GGY42XD3YYMQ49W7S8KJ,2025-07-11T16:40:38.883749395Z,01JZX5GH07J56QKV61WCPPTYXQ,2025-07-11T16:40:38.883749395Z
01JZX59BM3A989PZT285W1GY6X,01JZX4S3EXJE2M7E4TBAZ5RTWQ,2025-07-11T16:32:23.171157659Z,01JZX4S3FN9H50JA94G1BSG96H,2025-07-11T16:32:23.171157659Z,01JZX4ZTE0KHHWKSZDF5F45JQT,2025-07-11T16:32:23.171157659Z,01JZX520MZNBC7FW2EC9ZMCNVA,2025-07-11T16:32:23.171157659Z,01JZX520PE5ARCNB0SMY9XZ2HM,2025-07-11T16:32:23.171157659Z
01JZX59NFRN7AZAXZRK768ERXQ,01JZX4S3EXJE2M7E4TBAZ5RTWQ,2025-07-11T16:32:33.2720875Z,01JZX4S3FN9H50JA94G1BSG96H,2025-07-11T16:32:33.2720875Z,01JZX4TVM6F71M9P5J40Q0A919,2025-07-11T16:32:33.2720875Z,01JZX520MX765WXQVQTRDR755Q,2025-07-11T16:32:33.2720875Z,01JZX520PQVPKR013TFXFGABFR,2025-07-11T16:32:33.2720875Z
01JZX5QVYZ6KSS1Y0WECYK3NAF,01JZX55B7YX41DGKXNZE2X3KHG,2025-07-11T16:40:18.655721424Z,01JZX55B8D0RPM6RMM8CARWSAF,2025-07-11T16:40:18.655721424Z,01JZX55HWSXV4N257F6N220CMA,2025-07-11T16:40:18.655721424Z,01JZX5GGY23WNVJNR08N918HJ1,2025-07-11T16:40:18.655721424Z,01JZX5GGZMHZF1J77CQKFBW8JJ,2025-07-11T16:40:18.655721424Z
01JZX657HB1P8MN9BREDPJKQ97,01JZX5STVY1F7CAZYKG5BECKW8,2025-07-11T16:47:36.491661704Z,01JZX5STWADQ8CYJNDQ2G9CNB7,2025-07-11T16:47:36.491661704Z,01JZX604233QRC2NQ8D3YWWRR7,2025-07-11T16:47:36.491661704Z,01JZX63CEQ2H8V0DZA5XW0Z1K1,2025-07-11T16:47:36.491661704Z,01JZX63CFS0QVVEZ2FR38RHFRQ,2025-07-11T16:47:36.491661704Z
01JZX6AQJEZ43T6NBG7DW0R1ET,01JZX5STVY1F7CAZYKG5BECKW8,2025-07-11T16:50:36.750598725Z,01JZX5STWADQ8CYJNDQ2G9CNB7,2025-07-11T16:50:36.750598725Z,01JZX604233QRC2NQ8D3YWWRR7,2025-07-11T16:50:36.750598725Z,01JZX63CEVF8HEMWD4S0VFNDBJ,2025-07-11T16:50:36.750598725Z,01JZX63CG8SF55Q41Y5M275PXF,2025-07-11T16:50:36.750598725Z
01JZX6B1F95DWSG147GG00N6WF,01JZX5STVY1F7CAZYKG5BECKW8,2025-07-11T16:50:46.889049732Z,01JZX5STWADQ8CYJNDQ2G9CNB7,2025-07-11T16:50:46.889049732Z,01JZX5Y2KCW7HM7ZEZ3CW6WA4W,2025-07-11T16:50:46.889049732Z,01JZX63CEXTNTQ51XJN9SMNE39,2025-07-11T16:50:46.889049732Z,01JZX63CGJW7A98ZPZ61Z6P432,2025-07-11T16:50:46.889049732Z
01JZX520XWQB31XETR2XA27BN7,01JZX4S3EXJE2M7E4TBAZ5RTWQ,2025-07-11T16:28:22.844360394Z,01JZX4S3FN9H50JA94G1BSG96H,2025-07-11T16:28:22.844360394Z,01JZX4TVM6F71M9P5J40Q0A919,2025-07-11T16:28:22.844360394Z,01JZX520MSXXD126QAD2RF3BWM,2025-07-11T16:28:22.844360394Z,01JZX520NCG8SYZMR4XW3H7Y2S,2025-07-11T16:28:22.844360394Z
01JZX5713GRTZJDAZS3X9SAPV5,01JZX4S3EXJE2M7E4TBAZ5RTWQ,2025-07-11T16:31:06.864650763Z,01JZX4S3FQS6Z6X7D9NR3BPYND,2025-07-11T16:31:06.864650763Z,01JZX4TQKG14MDK99CWWHY0HWZ,2025-07-11T16:31:06.864650763Z,01JZX4Z2EKHDW6509278ZWH1X6,2025-07-11T16:31:06.864650763Z,01JZX4Z2GNYHJ15J0DX5CAZ5GQ,2025-07-11T16:31:06.864650763Z
01JZX5C8HJMJKSTCMQ38JFSECB,01JZX4S3EXJE2M7E4TBAZ5RTWQ,2025-07-11T16:33:58.322128158Z,01JZX4S3FP1QK5FFC8A5DESS2D,2025-07-11T16:33:58.322128158Z,01JZX4ZWYT0GPBPGXSV338YBAC,2025-07-11T16:33:58.322128158Z,01JZX54XHVZW37KBC9S7H7E6P3,2025-07-11T16:33:58.322128158Z,01JZX54XKCYR9F8N891VHWYJXF,2025-07-11T16:33:58.322128158Z
01JZX63CTFEJPFNEX1T35MRF3R,01JZX5STVY1F7CAZYKG5BECKW8,2025-07-11T16:46:36.367824622Z,01JZX5STWADQ8CYJNDQ2G9CNB7,2025-07-11T16:46:36.367824622Z,01JZX604233QRC2NQ8D3YWWRR7,2025-07-11T16:46:36.367824622Z,01JZX63CEMBT804J281SWBT69P,2025-07-11T16:46:36.367824622Z,01JZX63CF78KR14V5G30BAEXYT,2025-07-11T16:46:36.367824622Z
01JZX657H8H9RYCQNK03BQ5GJ2,01JZX5STVY1F7CAZYKG5BECKW8,2025-07-11T16:47:36.488946785Z,01JZX5STWADQ8CYJNDQ2G9CNB7,2025-07-11T16:47:36.488946785Z,01JZX5Y2KCW7HM7ZEZ3CW6WA4W,2025-07-11T16:47:36.488946785Z,01JZX63CEQ2H8V0DZA5XW0Z1K1,2025-07-11T16:47:36.488946785Z,01JZX63CFS0QVVEZ2FR38RHFRQ,2025-07-11T16:47:36.488946785Z
01JZX58K5VDWDXZQ6TK8JYB3S3,01JZX4S3EXJE2M7E4TBAZ5RTWQ,2025-07-11T16:31:58.13938589Z,01JZX4S3FP1QK5FFC8A5DESS2D,2025-07-11T16:31:58.13938589Z,01JZX4ZWYT0GPBPGXSV338YBAC,2025-07-11T16:31:58.13938589Z,01JZX54XHWVW6MTRHQN36VZ51T,2025-07-11T16:31:58.13938589Z,01JZX54XK0NBDJJ9ZE57827D4Y,2025-07-11T16:31:58.13938589Z
01JZX5CJDT04YKTN8Q4Y8WAZD6,01JZX4S3EXJE2M7E4TBAZ5RTWQ,2025-07-11T16:34:08.442939275Z,01JZX4S3FP1QK5FFC8A5DESS2D,2025-07-11T16:34:08.442939275Z,01JZX4ZWYT0GPBPGXSV338YBAC,2025-07-11T16:34:08.442939275Z,01JZX54XHWVW6MTRHQMQ39E725,2025-07-11T16:34:08.442939275Z,01JZX54XKQXBMVS13FPFPJ3XZ9,2025-07-11T16:34:08.442939275Z
01JZX6AQJAYPJK83BYFK30FN2S,01JZX5STVY1F7CAZYKG5BECKW8,2025-07-11T16:50:36.746119513Z,01JZX5STWADQ8CYJNDQ2G9CNB7,2025-07-11T16:50:36.746119513Z,01JZX5X3QE1YW3RZR0HHPCAFV5,2025-07-11T16:50:36.746119513Z,01JZX63CEVF8HEMWD4S0VFNDBJ,2025-07-11T16:50:36.746119513Z,01JZX63CG8SF55Q41Y5M275PXF,2025-07-11T16:50:36.746119513Z
01JZX6B1FA2179JT9WPSYB5Z2Q,01JZX5STVY1F7CAZYKG5BECKW8,2025-07-11T16:50:46.890073935Z,01JZX5STWADQ8CYJNDQ2G9CNB7,2025-07-11T16:50:46.890073935Z,01JZX5VRBPYY63F0M3XRK2VJJD,2025-07-11T16:50:46.890073935Z,01JZX63CEXTNTQ51XJN9SMNE39,2025-07-11T16:50:46.890073935Z,01JZX63CGJW7A98ZPZ61Z6P432,2025-07-11T16:50:46.890073935Z
01JZX6BBBH307H7Q710H8BSDGC,01JZX5STVY1F7CAZYKG5BECKW8,2025-07-11T16:50:57.009544414Z,01JZX5STWADQ8CYJNDQ2G9CNB7,2025-07-11T16:50:57.009544414Z,01JZX604233QRC2NQ8D3YWWRR7,2025-07-11T16:50:57.009544414Z,01JZX63CEYT5SRGGDDJMNHWJSD,2025-07-11T16:50:57.009544414Z,01JZX63CH1B62Z1YKFJN38NE9R,2025-07-11T16:50:57.009544414Z
01JZX52R2KM7GAS175ZYVNGG89,01JZX4S3EXJE2M7E4TBAZ5RTWQ,2025-07-11T16:28:46.547647107Z,01JZX4S3FQS6Z6X7D9NR3BPYND,2025-07-11T16:28:46.547647107Z,01JZX4TQKG14MDK99CWWHY0HWZ,2025-07-11T16:28:46.547647107Z,01JZX4Z2EDV6PKMQV96WM8931B,2025-07-11T16:28:46.547647107Z,01JZX4Z2FGGW4VGS7VAV2B3559,2025-07-11T16:28:46.547647107Z
01JZX53VMJVJT49YWHQB85GDTN,01JZX4S3EXJE2M7E4TBAZ5RTWQ,2025-07-11T16:29:22.962190018Z,01JZX4S3FN9H50JA94G1BSG96H,2025-07-11T16:29:22.962190018Z,01JZX4ZTE0KHHWKSZDF5F45JQT,2025-07-11T16:29:22.962190018Z,01JZX520MWCHZXX6NASTH9VED3,2025-07-11T16:29:22.962190018Z,01JZX520NWX1JW6C4NEJ7F1GHQ,2025-07-11T16:29:22.962190018Z
01JZX58K5T8SAMMHMZ6HXVYBZW,01JZX4S3EXJE2M7E4TBAZ5RTWQ,2025-07-11T16:31:58.138385782Z,01JZX4S3FP1QK5FFC8A5DESS2D,2025-07-11T16:31:58.138385782Z,01JZX4ZMA42SMHG9X39R6A9GZY,2025-07-11T16:31:58.138385782Z,01JZX54XHWVW6MTRHQN36VZ51T,2025-07-11T16:31:58.138385782Z,01JZX54XK0NBDJJ9ZE57827D4Y,2025-07-11T16:31:58.138385782Z
01JZX5QVZ0QPQDJ54KAKAY7GM2,01JZX55B7YX41DGKXNZE2X3KHG,2025-07-11T16:40:18.656266446Z,01JZX55B8D0RPM6RMM8CARWSAF,2025-07-11T16:40:18.656266446Z,01JZX592VNP1AJMXRGKZPG9R0R,2025-07-11T16:40:18.656266446Z,01JZX5GGY23WNVJNR08N918HJ1,2025-07-11T16:40:18.656266446Z,01JZX5GGZMHZF1J77CQKFBW8JJ,2025-07-11T16:40:18.656266446Z
01JZX68WVH0DNARWHJ4XCTPH4Z,01JZX5STVY1F7CAZYKG5BECKW8,2025-07-11T16:49:36.625681178Z,01JZX5STWADQ8CYJNDQ2G9CNB7,2025-07-11T16:49:36.625681178Z,01JZX5X3QE1YW3RZR0HHPCAFV5,2025-07-11T16:49:36.625681178Z,01JZX63CEQ2H8V0DZA5XW0Z1K1,2025-07-11T16:49:36.625681178Z,01JZX63CFTM7WPMSDDH3K754R5,2025-07-11T16:49:36.625681178Z
01JZX53VMJVJT49YWHQQK6E1N8,01JZX4S3EXJE2M7E4TBAZ5RTWQ,2025-07-11T16:29:22.962688773Z,01JZX4S3FN9H50JA94G1BSG96H,2025-07-11T16:29:22.962688773Z,01JZX4V08B88XVKRF1KXXHZQS8,2025-07-11T16:29:22.962688773Z,01JZX520MWCHZXX6NASTH9VED3,2025-07-11T16:29:22.962688773Z,01JZX520NWX1JW6C4NEJ7F1GHQ,2025-07-11T16:29:22.962688773Z
01JZX55P9HQ9G6AKPD6TSPSRMN,01JZX4S3EXJE2M7E4TBAZ5RTWQ,2025-07-11T16:30:23.025399934Z,01JZX4S3FN9H50JA94G1BSG96H,2025-07-11T16:30:23.025399934Z,01JZX4ZTE0KHHWKSZDF5F45JQT,2025-07-11T16:30:23.025399934Z,01JZX520MWCHZXX6NASTH9VED3,2025-07-11T16:30:23.025399934Z,01JZX520NWX1JW6C4NF5305ST5,2025-07-11T16:30:23.025399934Z
01JZX5CW9SKCFN63NEBW6WK4ES,01JZX4S3EXJE2M7E4TBAZ5RTWQ,2025-07-11T16:34:18.553067755Z,01JZX4S3FP1QK5FFC8A5DESS2D,2025-07-11T16:34:18.553067755Z,01JZX4XSXC74NEBQ2VV115CTVF,2025-07-11T16:34:18.553067755Z,01JZX54XHXPS3SRGH9C1XC85ZF,2025-07-11T16:34:18.553067755Z,01JZX54XM091JJEMG7550QJKPX,2025-07-11T16:34:18.553067755Z
01JZX68WVQF4GT1Z1QET2BR39J,01JZX5STVY1F7CAZYKG5BECKW8,2025-07-11T16:49:36.631238105Z,01JZX5STWADQ8CYJNDQ2G9CNB7,2025-07-11T16:49:36.631238105Z,01JZX60X4E8B8BEB6EGNVGAN21,2025-07-11T16:49:36.631238105Z,01JZX63CEQ2H8V0DZA5XW0Z1K1,2025-07-11T16:49:36.631238105Z,01JZX63CFTM7WPMSDDH3K754R5,2025-07-11T16:49:36.631238105Z
01JZX59NFPR6TPNZJDTTSX1TT3,01JZX4S3EXJE2M7E4TBAZ5RTWQ,2025-07-11T16:32:33.270732225Z,01JZX4S3FN9H50JA94G1BSG96H,2025-07-11T16:32:33.270732225Z,01JZX4ZTE0KHHWKSZDF5F45JQT,2025-07-11T16:32:33.270732225Z,01JZX520MX765WXQVQTRDR755Q,2025-07-11T16:32:33.270732225Z,01JZX520PQVPKR013TFXFGABFR,2025-07-11T16:32:33.270732225Z
01JZX5JBYAGYMBCH6YPAPY08YS,01JZX55B7YX41DGKXNZE2X3KHG,2025-07-11T16:37:18.410494053Z,01JZX55B8D0RPM6RMM8CARWSAF,2025-07-11T16:37:18.410494053Z,01JZX592VNP1AJMXRGKZPG9R0R,2025-07-11T16:37:18.410494053Z,01JZX5GGY1WA0DFS6DAWAPA3YP,2025-07-11T16:37:18.410494053Z,01JZX5GGZ725834YK89JHNTNQ3,2025-07-11T16:37:18.410494053Z
01JZX657HA3684ED5GF6TB7FR9,01JZX5STVY1F7CAZYKG5BECKW8,2025-07-11T16:47:36.490576979Z,01JZX5STWADQ8CYJNDQ2G9CNB7,2025-07-11T16:47:36.490576979Z,01JZX5VRBPYY63F0M3XRK2VJJD,2025-07-11T16:47:36.490576979Z,01JZX63CEQ2H8V0DZA5XW0Z1K1,2025-07-11T16:47:36.490576979Z,01JZX63CFS0QVVEZ2FR38RHFRQ,2025-07-11T16:47:36.490576979Z
01JZX68WVKG1KRT9B4KW4F39X5,01JZX5STVY1F7CAZYKG5BECKW8,2025-07-11T16:49:36.628377373Z,01JZX5STWADQ8CYJNDQ2G9CNB7,2025-07-11T16:49:36.628377373Z,01JZX612X8NQW8TW73EJ6ZGVH5,2025-07-11T16:49:36.628377373Z,01JZX63CEQ2H8V0DZA5XW0Z1K1,2025-07-11T16:49:36.628377373Z,01JZX63CFTM7WPMSDDH3K754R5,2025-07-11T16:49:36.628377373Z
01JZX56RH27H7AEJ0BRN1XZXSD,01JZX4S3EXJE2M7E4TBAZ5RTWQ,2025-07-11T16:30:58.082402744Z,01JZX4S3FP1QK5FFC8A5DESS2D,2025-07-11T16:30:58.082402744Z,01JZX4XSXC74NEBQ2VV115CTVF,2025-07-11T16:30:58.082402744Z,01JZX54XHWVW6MTRHQN36VZ51T,2025-07-11T16:30:58.082402744Z,01JZX54XJZQXE59KJ9NW4WX7DA,2025-07-11T16:30:58.082402744Z
01JZX59ZBE38RAQFB0DJQ99PKW,01JZX4S3EXJE2M7E4TBAZ5RTWQ,2025-07-11T16:32:43.374591094Z,01JZX4S3FN9H50JA94G1BSG96H,2025-07-11T16:32:43.374591094Z,01JZX4TVM6F71M9P5J40Q0A919,2025-07-11T16:32:43.374591094Z,01JZX520MYH3CB9DVR6DGJ5NFY,2025-07-11T16:32:43.374591094Z,01JZX520Q11806265FTCDMGG1Z,2025-07-11T16:32:43.374591094Z
01JZX67263SMM6JRS9AZXZRRJB,01JZX5STVY1F7CAZYKG5BECKW8,2025-07-11T16:48:36.547693349Z,01JZX5STWADQ8CYJNDQ2G9CNB7,2025-07-11T16:48:36.547693349Z,01JZX612X8NQW8TW73EJ6ZGVH5,2025-07-11T16:48:36.547693349Z,01JZX63CEQ2H8V0DZA5XW0Z1K1,2025-07-11T16:48:36.547693349Z,01JZX63CFTM7WPMSDDGFE0P01M,2025-07-11T16:48:36.547693349Z
01JZX6AQJCQN0KE9TWA0Y6Z6ZJ,01JZX5STVY1F7CAZYKG5BECKW8,2025-07-11T16:50:36.748909047Z,01JZX5STWADQ8CYJNDQ2G9CNB7,2025-07-11T16:50:36.748909047Z,01JZX612X8NQW8TW73EJ6ZGVH5,2025-07-11T16:50:36.748909047Z,01JZX63CEVF8HEMWD4S0VFNDBJ,2025-07-11T16:50:36.748909047Z,01JZX63CG8SF55Q41Y5M275PXF,2025-07-11T16:50:36.748909047Z
01JZX6AQJFS62MM0AE4AAQPFAY,01JZX5STVY1F7CAZYKG5BECKW8,2025-07-11T16:50:36.75203192Z,01JZX5STWADQ8CYJNDQ2G9CNB7,2025-07-11T16:50:36.75203192Z,01JZX60X4E8B8BEB6EGNVGAN21,2025-07-11T16:50:36.75203192Z,01JZX63CEVF8HEMWD4S0VFNDBJ,2025-07-11T16:50:36.75203192Z,01JZX63CG8SF55Q41Y5M275PXF,2025-07-11T16:50:36.75203192Z
