id,activePlayersCount,activePlayersCountLastChangedAt,actualPlayerCount,actualPlayerCountLastChangedAt,batchID,batchIDLastChangedAt,ended,endedLastChangedAt,endedReason,endedReasonLastChangedAt,groupID,groupIDLastChangedAt,lobbyTimerID,lobbyTimerIDLastChangedAt,plannedFaults,plannedFaultsLastChangedAt,roundIndex,roundIndexLastChangedAt,stageID,stageIDLastChangedAt,start,startLastChangedAt,starting,startingLastChangedAt,status,statusLastChangedAt,treatment,treatmentLastChangedAt,treatmentName,treatmentNameLastChangedAt
01JZ0F67Z228X9RHKVM8F1277D,5,2025-06-30T13:18:12.859120691Z,6,2025-06-30T13:14:00.173570774Z,01JZ0F67X5J6SBR3095JZ2KKHQ,2025-06-30T13:07:28.354122507Z,true,2025-06-30T13:23:23.823832599Z,end of game,2025-06-30T13:23:23.855632883Z,01JZ0F681D164F4GHWY4W2QZF3,2025-06-30T13:07:28.431871448Z,01JZ0FECE0JD74RNMWVK764D1H,2025-06-30T13:11:55.078610045Z,"[{""playerId"":""01JZ0FB43V6RX3WM4ZEX4SH8M0"",""faultStart"":14},{""playerId"":""01JZ0FB43V6RX3WM4ZEX4SH8M0"",""faultStart"":205},{""playerId"":""01JZ0FBEXX6YYXM4ZAGWM86RSZ"",""faultStart"":170},{""playerId"":""01JZ0FBEXX6YYXM4ZAGWM86RSZ"",""faultStart"":91},{""playerId"":""01JZ0FBGYJV6XECY8PBES7705P"",""faultStart"":235},{""playerId"":""01JZ0FBGYJV6XECY8PBES7705P"",""faultStart"":52},{""playerId"":""01JZ0FCMDW21N834SMM0YDFMDT"",""faultStart"":138},{""playerId"":""01JZ0FCMDW21N834SMM0YDFMDT"",""faultStart"":16},{""playerId"":""01JZ0FD5H390ZWW74EY7R1D7W9"",""faultStart"":141},{""playerId"":""01JZ0FD5H390ZWW74EY7R1D7W9"",""faultStart"":9}]",2025-06-30T13:18:12.859120691Z,4,2025-06-30T13:14:00.262213406Z,null,2025-06-30T13:23:23.823832599Z,true,2025-06-30T13:14:00.173570774Z,true,2025-06-30T13:14:00.173570774Z,ended,2025-06-30T13:23:23.855632883Z,"{""networkStruct"":""pooled"",""playerCount"":6}",2025-06-30T13:07:28.354122507Z,"Pooled, Redundancy",2025-06-30T13:07:28.354122507Z
01JZ0F67Z8B8A42G6Y5XQ0NS83,5,2025-06-30T13:23:40.775353933Z,6,2025-06-30T13:19:26.462624511Z,01JZ0F67X5J6SBR3095JZ2KKHQ,2025-06-30T13:07:28.360564427Z,true,2025-06-30T13:28:52.111663802Z,end of game,2025-06-30T13:28:52.139889929Z,01JZ0F68G0W9482AFBSKWQ27JH,2025-06-30T13:07:28.898847294Z,01JZ0FD0SRYTF175Q2988B6Z4N,2025-06-30T13:11:10.397797067Z,"[{""playerId"":""01JZ0FAP1PZEAT1MNGGVVPBTCW"",""faultStart"":86},{""playerId"":""01JZ0FAP1PZEAT1MNGGVVPBTCW"",""faultStart"":13},{""playerId"":""01JZ0FB65N9AA5DRTF3YEVRMGT"",""faultStart"":212},{""playerId"":""01JZ0FB65N9AA5DRTF3YEVRMGT"",""faultStart"":23},{""playerId"":""01JZ0FE684K4966TB954TX4AR0"",""faultStart"":112},{""playerId"":""01JZ0FE684K4966TB954TX4AR0"",""faultStart"":27},{""playerId"":""01JZ0FEY0G09HWKF9WWANREXZ5"",""faultStart"":132},{""playerId"":""01JZ0FEY0G09HWKF9WWANREXZ5"",""faultStart"":225},{""playerId"":""01JZ0FJ5HQADXB6GZQKEP8JRB4"",""faultStart"":193},{""playerId"":""01JZ0FJ5HQADXB6GZQKEP8JRB4"",""faultStart"":130}]",2025-06-30T13:23:40.775353933Z,4,2025-06-30T13:19:26.694911776Z,null,2025-06-30T13:28:52.111663802Z,true,2025-06-30T13:19:26.462624511Z,true,2025-06-30T13:19:26.462624511Z,ended,2025-06-30T13:28:52.139889929Z,"{""networkStruct"":""pooled"",""playerCount"":6}",2025-06-30T13:07:28.360564427Z,"Pooled, Redundancy",2025-06-30T13:07:28.360564427Z
01JZ0F67ZPF4121D8VQV580KT1,5,2025-06-30T13:17:09.611622773Z,6,2025-06-30T13:12:57.975433179Z,01JZ0F67X5J6SBR3095JZ2KKHQ,2025-06-30T13:07:28.374677624Z,true,2025-06-30T13:22:20.435311661Z,end of game,2025-06-30T13:22:20.462684743Z,01JZ0F68NBPGJP58T0W73S74BG,2025-06-30T13:07:29.069765808Z,01JZ0FBV98V3KNMS8VNQ43GH5Z,2025-06-30T13:10:31.984675539Z,"[{""playerId"":""01JZ0FADPYVS6C84HJSS2FEBTD"",""faultStart"":158},{""playerId"":""01JZ0FADPYVS6C84HJSS2FEBTD"",""faultStart"":5},{""playerId"":""01JZ0FAETV0DGAJW6J3NP3S5YD"",""faultStart"":184},{""playerId"":""01JZ0FAETV0DGAJW6J3NP3S5YD"",""faultStart"":21},{""playerId"":""01JZ0FAQ3J9KGVWM3HXCFYRT1K"",""faultStart"":13},{""playerId"":""01JZ0FAQ3J9KGVWM3HXCFYRT1K"",""faultStart"":89},{""playerId"":""01JZ0FB6A8PGAA54RRTD4918CR"",""faultStart"":215},{""playerId"":""01JZ0FB6A8PGAA54RRTD4918CR"",""faultStart"":28},{""playerId"":""01JZ0FB771X9NXKNJD45VGGVHG"",""faultStart"":150},{""playerId"":""01JZ0FB771X9NXKNJD45VGGVHG"",""faultStart"":25}]",2025-06-30T13:17:09.611622773Z,4,2025-06-30T13:12:58.033618798Z,null,2025-06-30T13:22:20.435311661Z,true,2025-06-30T13:12:57.975433179Z,true,2025-06-30T13:12:57.975433179Z,ended,2025-06-30T13:22:20.462684743Z,"{""networkStruct"":""pooled"",""playerCount"":6}",2025-06-30T13:07:28.374677624Z,"Pooled, Redundancy",2025-06-30T13:07:28.374677624Z
01JZ0H1K72P9WWMQFG7ACVRNHM,4,2025-06-30T13:54:07.936782814Z,6,2025-06-30T13:49:55.067209682Z,01JZ0H1K4AG17CS34Z9G9MQYDS,2025-06-30T13:39:53.186981061Z,true,2025-06-30T13:59:18.935948807Z,end of game,2025-06-30T13:59:18.964675859Z,01JZ0H1KDP1H16VZT82KEF36WB,2025-06-30T13:39:53.402359738Z,01JZ0H5A11ADJTXF5PKT1DQQ5P,2025-06-30T13:41:54.85766265Z,"[{""playerId"":""01JZ0H3BSJ76APYEW8F641XA8T"",""faultStart"":119},{""playerId"":""01JZ0H3BSJ76APYEW8F641XA8T"",""faultStart"":13},{""playerId"":""01JZ0H3T4YGXY3JXDPRSNCMQN3"",""faultStart"":34},{""playerId"":""01JZ0H3T4YGXY3JXDPRSNCMQN3"",""faultStart"":170},{""playerId"":""01JZ0H8JNVPGAV40Z6TWKS3PH3"",""faultStart"":53},{""playerId"":""01JZ0H8JNVPGAV40Z6TWKS3PH3"",""faultStart"":170},{""playerId"":""01JZ0HFMYKSMAV2RS6KF5GZ9M7"",""faultStart"":54},{""playerId"":""01JZ0HFMYKSMAV2RS6KF5GZ9M7"",""faultStart"":138}]",2025-06-30T13:54:07.936782814Z,4,2025-06-30T13:49:55.159078471Z,null,2025-06-30T13:59:18.935948807Z,true,2025-06-30T13:49:55.067209682Z,true,2025-06-30T13:49:55.067209682Z,ended,2025-06-30T13:59:18.964675859Z,"{""networkStruct"":""pooled"",""playerCount"":6}",2025-06-30T13:39:53.186981061Z,"Pooled, Redundancy",2025-06-30T13:39:53.186981061Z
01JZ0NSNAYA5ZEAQVB789Y1XW2,4,2025-06-30T15:16:45.944134289Z,6,2025-06-30T15:12:32.518255768Z,01JZ0NSN7EKS122Z238A4PF66D,2025-06-30T15:02:56.094752707Z,true,2025-06-30T15:21:57.442148861Z,end of game,2025-06-30T15:21:57.522925119Z,01JZ0NSNPYG8X7V9M5BQNH3T9F,2025-06-30T15:02:56.482165743Z,01JZ0NW2B17AZ2N67Y6FSBR45B,2025-06-30T15:04:14.952029132Z,"[{""playerId"":""01JZ0NVNVCS2PF70NRPAQFB4PC"",""faultStart"":55},{""playerId"":""01JZ0NVNVCS2PF70NRPAQFB4PC"",""faultStart"":209},{""playerId"":""01JZ0NZBZKHKXTZYA0WX3Y2FFW"",""faultStart"":153},{""playerId"":""01JZ0NZBZKHKXTZYA0WX3Y2FFW"",""faultStart"":13},{""playerId"":""01JZ0P3C0GV76R4Z93PBZWXXD7"",""faultStart"":176},{""playerId"":""01JZ0P3C0GV76R4Z93PBZWXXD7"",""faultStart"":238},{""playerId"":""01JZ0P6YH7NNC71XKAERN7EGXC"",""faultStart"":36},{""playerId"":""01JZ0P6YH7NNC71XKAERN7EGXC"",""faultStart"":233}]",2025-06-30T15:16:45.944134289Z,4,2025-06-30T15:12:32.708071208Z,null,2025-06-30T15:21:57.442148861Z,true,2025-06-30T15:12:32.518255768Z,true,2025-06-30T15:12:32.518255768Z,ended,2025-06-30T15:21:57.522925119Z,"{""networkStruct"":""reciprocal"",""playerCount"":6}",2025-06-30T15:02:56.094752707Z,"Reciprocal, Redundancy",2025-06-30T15:02:56.094752707Z
01JZ0S9G69Y1BMBR3KZBCDH0XZ,3,2025-06-30T16:14:42.380539244Z,6,2025-06-30T16:10:21.675335358Z,01JZ0S9G3E1V9Y4W1M8GV3AGA9,2025-06-30T16:04:00.841953509Z,true,2025-06-30T16:19:54.469036334Z,end of game,2025-06-30T16:19:54.569711713Z,01JZ0S9GK7FNHSTZS21K47ZF9R,2025-06-30T16:04:01.262951631Z,01JZ0SASKK2VPWVS8W0AP90DQH,2025-06-30T16:04:43.259919051Z,"[{""playerId"":""01JZ0SFBWH5DH0RBKQRJ6TWQK5"",""faultStart"":111},{""playerId"":""01JZ0SFBWH5DH0RBKQRJ6TWQK5"",""faultStart"":43},{""playerId"":""01JZ0SH0EC9KQV6Q30W20S8FQ8"",""faultStart"":86},{""playerId"":""01JZ0SH0EC9KQV6Q30W20S8FQ8"",""faultStart"":195},{""playerId"":""01JZ0SJJTJT1R8CXNS1AZ1Y0R9"",""faultStart"":235},{""playerId"":""01JZ0SJJTJT1R8CXNS1AZ1Y0R9"",""faultStart"":95}]",2025-06-30T16:14:42.380539244Z,4,2025-06-30T16:10:22.622466936Z,null,2025-06-30T16:19:54.469036334Z,true,2025-06-30T16:10:21.675335358Z,true,2025-06-30T16:10:21.675335358Z,ended,2025-06-30T16:19:54.569711713Z,"{""networkStruct"":""pooled"",""playerCount"":6}",2025-06-30T16:04:00.841953509Z,"Pooled, Redundancy",2025-06-30T16:04:00.841953509Z
01JZ0S9G72AZ3MF9HASHX1PW43,4,2025-06-30T16:17:04.262744426Z,6,2025-06-30T16:12:43.459191149Z,01JZ0S9G3E1V9Y4W1M8GV3AGA9,2025-06-30T16:04:00.86668593Z,true,2025-06-30T16:22:16.199402997Z,end of game,2025-06-30T16:22:16.276691024Z,01JZ0S9GT15SS08R970ED670R0,2025-06-30T16:04:01.478451727Z,01JZ0SFMN3ABMKABZWJ176ETEE,2025-06-30T16:07:22.032511738Z,"[{""playerId"":""01JZ0SFY60ZWJ9F5NVJ19CBR6J"",""faultStart"":69},{""playerId"":""01JZ0SFY60ZWJ9F5NVJ19CBR6J"",""faultStart"":158},{""playerId"":""01JZ0SHJF35Z3VHRZEEB8TRRCR"",""faultStart"":97},{""playerId"":""01JZ0SHJF35Z3VHRZEEB8TRRCR"",""faultStart"":192},{""playerId"":""01JZ0SMZHYMDQK8WF64HD0D3K4"",""faultStart"":151},{""playerId"":""01JZ0SMZHYMDQK8WF64HD0D3K4"",""faultStart"":7},{""playerId"":""01JZ0SPRDFB0F6D4FXP9707JF1"",""faultStart"":167},{""playerId"":""01JZ0SPRDFB0F6D4FXP9707JF1"",""faultStart"":234}]",2025-06-30T16:17:04.262744426Z,4,2025-06-30T16:12:44.118212777Z,null,2025-06-30T16:22:16.199402997Z,true,2025-06-30T16:12:43.459191149Z,true,2025-06-30T16:12:43.459191149Z,ended,2025-06-30T16:22:16.276691024Z,"{""networkStruct"":""reciprocal"",""playerCount"":6}",2025-06-30T16:04:00.86668593Z,"Reciprocal, Redundancy",2025-06-30T16:04:00.86668593Z
01JZ0S9G8MSQJNW9QDDX82T8EZ,3,2025-06-30T16:22:14.621005583Z,6,2025-06-30T16:17:55.101175889Z,01JZ0S9G3E1V9Y4W1M8GV3AGA9,2025-06-30T16:04:00.916637791Z,true,2025-06-30T16:27:26.491796425Z,end of game,2025-06-30T16:27:26.56396549Z,01JZ0S9H9QKRQQAJ354N112BBR,2025-06-30T16:04:01.979398644Z,01JZ0SP7GJHKBVHJ7CND74RBAB,2025-06-30T16:10:57.945341089Z,"[{""playerId"":""01JZ0SKJNFRFYTYMMSB3A2M8JB"",""faultStart"":155},{""playerId"":""01JZ0SKJNFRFYTYMMSB3A2M8JB"",""faultStart"":28},{""playerId"":""01JZ0SMQXV1DDFCHV33AY50M6P"",""faultStart"":59},{""playerId"":""01JZ0SMQXV1DDFCHV33AY50M6P"",""faultStart"":143},{""playerId"":""01JZ0SQN0MATNWGY38TW5RFDS2"",""faultStart"":32},{""playerId"":""01JZ0SQN0MATNWGY38TW5RFDS2"",""faultStart"":157}]",2025-06-30T16:22:14.621005583Z,4,2025-06-30T16:17:55.534285086Z,null,2025-06-30T16:27:26.491796425Z,true,2025-06-30T16:17:55.101175889Z,true,2025-06-30T16:17:55.101175889Z,ended,2025-06-30T16:27:26.56396549Z,"{""networkStruct"":""pooled"",""playerCount"":6}",2025-06-30T16:04:00.916637791Z,"Pooled, Redundancy",2025-06-30T16:04:00.916637791Z
01JZ0TXMAAZJ4VJWA2WTVHG174,5,2025-06-30T16:42:48.190080064Z,6,2025-06-30T16:38:29.011482155Z,01JZ0TXM4HA3Q8P6D6TPYYS7R3,2025-06-30T16:32:29.002617884Z,true,2025-06-30T16:48:00.919200101Z,end of game,2025-06-30T16:48:01.06454304Z,01JZ0TXN1KYA9MQH9QVKBPHGEE,2025-06-30T16:32:29.756327531Z,01JZ0V1WA3AJ9B88ZZXTKREBPT,2025-06-30T16:34:48.26709857Z,"[{""playerId"":""01JZ0TZ9J5J0A4G7Q03RBYFE9P"",""faultStart"":140},{""playerId"":""01JZ0TZ9J5J0A4G7Q03RBYFE9P"",""faultStart"":205},{""playerId"":""01JZ0V0B0MDT5H6NJ7F2TZ5E0T"",""faultStart"":162},{""playerId"":""01JZ0V0B0MDT5H6NJ7F2TZ5E0T"",""faultStart"":63},{""playerId"":""01JZ0V32G4VNH8F152X0004PNK"",""faultStart"":100},{""playerId"":""01JZ0V32G4VNH8F152X0004PNK"",""faultStart"":28},{""playerId"":""01JZ0V35DCVJ8FMBXYFAAYSD86"",""faultStart"":57},{""playerId"":""01JZ0V35DCVJ8FMBXYFAAYSD86"",""faultStart"":131},{""playerId"":""01JZ0V4NRB59966MX97R2AYRHH"",""faultStart"":57},{""playerId"":""01JZ0V4NRB59966MX97R2AYRHH"",""faultStart"":170}]",2025-06-30T16:42:48.190080064Z,4,2025-06-30T16:38:29.408839537Z,null,2025-06-30T16:48:00.919200101Z,true,2025-06-30T16:38:29.011482155Z,true,2025-06-30T16:38:29.011482155Z,ended,2025-06-30T16:48:01.06454304Z,"{""networkStruct"":""reciprocal"",""playerCount"":6}",2025-06-30T16:32:29.002617884Z,"Reciprocal, Redundancy",2025-06-30T16:32:29.002617884Z
01JZ0VD7N9NTWNZFP0NGWJVQD2,,,,,01JZ0VD7EN3A5K9K79623P1J5J,2025-06-30T16:41:00.329966794Z,false,2025-06-30T16:41:00.329966794Z,batch ended,2025-06-30T16:44:11.489814963Z,01JZ0VD7W7HTANYQR4X5YQ7D95,2025-06-30T16:41:00.562244258Z,,,,,,,,,false,2025-06-30T16:41:00.329966794Z,,,terminated,2025-06-30T16:44:11.489814963Z,"{""networkStruct"":""reciprocal"",""playerCount"":3}",2025-06-30T16:41:00.329966794Z,"Reciprocal, No Redundancy",2025-06-30T16:41:00.329966794Z
01JZ0F67Z9QH00F8GAYATW0H4D,5,2025-06-30T13:22:59.094054261Z,6,2025-06-30T13:18:45.968177527Z,01JZ0F67X5J6SBR3095JZ2KKHQ,2025-06-30T13:07:28.361624069Z,true,2025-06-30T13:28:10.313132636Z,end of game,2025-06-30T13:28:10.346100992Z,01JZ0F68GQXCA8PC3V5T2TXSEG,2025-06-30T13:07:28.923322135Z,01JZ0FE3EETHD9QWYHQAK8Q1QN,2025-06-30T13:11:45.879779599Z,"[{""playerId"":""01JZ0FBFHWN5BJ51P0FGARBC23"",""faultStart"":171},{""playerId"":""01JZ0FBFHWN5BJ51P0FGARBC23"",""faultStart"":37},{""playerId"":""01JZ0FBSD3M4A6AAX7FYM85E2Y"",""faultStart"":233},{""playerId"":""01JZ0FBSD3M4A6AAX7FYM85E2Y"",""faultStart"":126},{""playerId"":""01JZ0FCSB181485J0F119VPBHD"",""faultStart"":238},{""playerId"":""01JZ0FCSB181485J0F119VPBHD"",""faultStart"":138},{""playerId"":""01JZ0FDAK0H7SHFFA8ZFRDR2Y5"",""faultStart"":57},{""playerId"":""01JZ0FDAK0H7SHFFA8ZFRDR2Y5"",""faultStart"":143},{""playerId"":""01JZ0FH8ME21HSJEQV93FGWS4V"",""faultStart"":126},{""playerId"":""01JZ0FH8ME21HSJEQV93FGWS4V"",""faultStart"":194}]",2025-06-30T13:22:59.094054261Z,4,2025-06-30T13:18:46.184963331Z,null,2025-06-30T13:28:10.313132636Z,true,2025-06-30T13:18:45.968177527Z,true,2025-06-30T13:18:45.968177527Z,ended,2025-06-30T13:28:10.346100992Z,"{""networkStruct"":""pooled"",""playerCount"":6}",2025-06-30T13:07:28.361624069Z,"Pooled, Redundancy",2025-06-30T13:07:28.361624069Z
01JZ0F67ZFPZEHV6BKFXQYDXZZ,6,2025-06-30T13:17:05.188749932Z,6,2025-06-30T13:12:50.636648614Z,01JZ0F67X5J6SBR3095JZ2KKHQ,2025-06-30T13:07:28.367570679Z,true,2025-06-30T13:22:15.925772297Z,end of game,2025-06-30T13:22:15.961825346Z,01JZ0F687XBCPQ4155GE9F2DWH,2025-06-30T13:07:28.640430339Z,01JZ0FCVS27PDWECD3RFHP08GF,2025-06-30T13:11:05.25606622Z,"[{""playerId"":""01JZ0FB6D8SDYQHCG01GZECWK6"",""faultStart"":161},{""playerId"":""01JZ0FB6D8SDYQHCG01GZECWK6"",""faultStart"":59},{""playerId"":""01JZ0FB6FJQ1D9FWD3X4BZ10WY"",""faultStart"":203},{""playerId"":""01JZ0FB6FJQ1D9FWD3X4BZ10WY"",""faultStart"":47},{""playerId"":""01JZ0FBJ9NFFKS2CKGHWFB4VM8"",""faultStart"":85},{""playerId"":""01JZ0FBJ9NFFKS2CKGHWFB4VM8"",""faultStart"":166},{""playerId"":""01JZ0FBS7JDEVVPEXEYNA1T4RE"",""faultStart"":148},{""playerId"":""01JZ0FBS7JDEVVPEXEYNA1T4RE"",""faultStart"":212},{""playerId"":""01JZ0FC1MEEYB5ZHG0QP6GKMWQ"",""faultStart"":143},{""playerId"":""01JZ0FC1MEEYB5ZHG0QP6GKMWQ"",""faultStart"":30},{""playerId"":""01JZ0FCATDZZRW2H907E68E72B"",""faultStart"":58},{""playerId"":""01JZ0FCATDZZRW2H907E68E72B"",""faultStart"":224}]",2025-06-30T13:17:05.188749932Z,4,2025-06-30T13:12:50.746798512Z,null,2025-06-30T13:22:15.925772297Z,true,2025-06-30T13:12:50.636648614Z,true,2025-06-30T13:12:50.636648614Z,ended,2025-06-30T13:22:15.961825346Z,"{""networkStruct"":""reciprocal"",""playerCount"":6}",2025-06-30T13:07:28.367570679Z,"Reciprocal, Redundancy",2025-06-30T13:07:28.367570679Z
01JZ0F67ZKKPGDC64ETWQZ69WV,5,2025-06-30T13:16:41.4231973Z,6,2025-06-30T13:12:29.682449432Z,01JZ0F67X5J6SBR3095JZ2KKHQ,2025-06-30T13:07:28.371475495Z,true,2025-06-30T13:21:52.313507923Z,end of game,2025-06-30T13:21:52.351936754Z,01JZ0F68JYJT0D3V7REM87DW4B,2025-06-30T13:07:28.993179905Z,01JZ0FD01ZMCSFCX1N9S690924,2025-06-30T13:11:09.636005926Z,"[{""playerId"":""01JZ0FB7M5V5PNCYP6FWZ38KB1"",""faultStart"":155},{""playerId"":""01JZ0FB7M5V5PNCYP6FWZ38KB1"",""faultStart"":216},{""playerId"":""01JZ0FBN02HG46T50M0DC5KD9N"",""faultStart"":100},{""playerId"":""01JZ0FBN02HG46T50M0DC5KD9N"",""faultStart"":36},{""playerId"":""01JZ0FBY93DWZC8869QS2ZXNMA"",""faultStart"":236},{""playerId"":""01JZ0FBY93DWZC8869QS2ZXNMA"",""faultStart"":51},{""playerId"":""01JZ0FD6EFW093P2J0FEY97NKZ"",""faultStart"":162},{""playerId"":""01JZ0FD6EFW093P2J0FEY97NKZ"",""faultStart"":63},{""playerId"":""01JZ0FD6F005B6TFCSX425WZE3"",""faultStart"":214},{""playerId"":""01JZ0FD6F005B6TFCSX425WZE3"",""faultStart"":82}]",2025-06-30T13:16:41.4231973Z,4,2025-06-30T13:12:29.7840431Z,null,2025-06-30T13:21:52.313507923Z,true,2025-06-30T13:12:29.682449432Z,true,2025-06-30T13:12:29.682449432Z,ended,2025-06-30T13:21:52.351936754Z,"{""networkStruct"":""reciprocal"",""playerCount"":6}",2025-06-30T13:07:28.371475495Z,"Reciprocal, Redundancy",2025-06-30T13:07:28.371475495Z
01JZ0H1K7C3FKHJS5GP9RE7N8D,6,2025-06-30T13:48:46.522324349Z,6,2025-06-30T13:44:33.683326795Z,01JZ0H1K4AG17CS34Z9G9MQYDS,2025-06-30T13:39:53.196762514Z,true,2025-06-30T13:53:57.96333852Z,end of game,2025-06-30T13:53:58.027591306Z,01JZ0H1KKTENCW6S64VHPQZWZY,2025-06-30T13:39:53.597555434Z,01JZ0H6SMRK1D4ATC3EE5F0VJK,2025-06-30T13:42:43.616933391Z,"[{""playerId"":""01JZ0FCPQMY08ZRWSN7GNNGJQ7"",""faultStart"":130},{""playerId"":""01JZ0FCPQMY08ZRWSN7GNNGJQ7"",""faultStart"":64},{""playerId"":""01JZ0H3ZMEM4CP8B8CA2T4SJEG"",""faultStart"":179},{""playerId"":""01JZ0H3ZMEM4CP8B8CA2T4SJEG"",""faultStart"":7},{""playerId"":""01JZ0H4A3NXPTV7JEQMX36WWX4"",""faultStart"":207},{""playerId"":""01JZ0H4A3NXPTV7JEQMX36WWX4"",""faultStart"":63},{""playerId"":""01JZ0H4BNVJDAKGEAV3D5Z23CC"",""faultStart"":82},{""playerId"":""01JZ0H4BNVJDAKGEAV3D5Z23CC"",""faultStart"":159},{""playerId"":""01JZ0H4TXV5HDVPR9EH08YRVXA"",""faultStart"":89},{""playerId"":""01JZ0H4TXV5HDVPR9EH08YRVXA"",""faultStart"":238},{""playerId"":""01JZ0H6K2HFSCPNFH59C03RZVV"",""faultStart"":193},{""playerId"":""01JZ0H6K2HFSCPNFH59C03RZVV"",""faultStart"":108}]",2025-06-30T13:48:46.522324349Z,4,2025-06-30T13:44:33.863206911Z,null,2025-06-30T13:53:57.96333852Z,true,2025-06-30T13:44:33.683326795Z,true,2025-06-30T13:44:33.683326795Z,ended,2025-06-30T13:53:58.027591306Z,"{""networkStruct"":""reciprocal"",""playerCount"":6}",2025-06-30T13:39:53.196762514Z,"Reciprocal, Redundancy",2025-06-30T13:39:53.196762514Z
01JZ0S9GCCCNBKT0N3T9B2PH95,3,2025-06-30T16:16:27.588476914Z,6,2025-06-30T16:12:11.880489188Z,01JZ0S9G3E1V9Y4W1M8GV3AGA9,2025-06-30T16:04:01.036410654Z,true,2025-06-30T16:21:39.393487045Z,end of game,2025-06-30T16:21:39.479769631Z,01JZ0S9HYKSBZ3QKXRFKD1DFED,2025-06-30T16:04:02.647506518Z,01JZ0SHGPGPQ3WZ84DQYE9W7ZF,2025-06-30T16:08:23.515163009Z,"[{""playerId"":""01JZ0SF01HCY6JAKBVS9CYAVSQ"",""faultStart"":10},{""playerId"":""01JZ0SF01HCY6JAKBVS9CYAVSQ"",""faultStart"":96},{""playerId"":""01JZ0SF6SRD67J9Q4V8979AFYM"",""faultStart"":16},{""playerId"":""01JZ0SF6SRD67J9Q4V8979AFYM"",""faultStart"":164},{""playerId"":""01JZ0SP7TST5CACWCPNMPHCFPK"",""faultStart"":10},{""playerId"":""01JZ0SP7TST5CACWCPNMPHCFPK"",""faultStart"":154}]",2025-06-30T16:16:27.588476914Z,4,2025-06-30T16:12:12.24391692Z,null,2025-06-30T16:21:39.393487045Z,true,2025-06-30T16:12:11.880489188Z,true,2025-06-30T16:12:11.880489188Z,ended,2025-06-30T16:21:39.479769631Z,"{""networkStruct"":""reciprocal"",""playerCount"":6}",2025-06-30T16:04:01.036410654Z,"Reciprocal, Redundancy",2025-06-30T16:04:01.036410654Z
01JZ0F6805RKXP4JKMN5N89R8W,6,2025-06-30T13:16:09.828627526Z,6,2025-06-30T13:11:58.217723062Z,01JZ0F67X5J6SBR3095JZ2KKHQ,2025-06-30T13:07:28.389718122Z,true,2025-06-30T13:21:20.609605287Z,end of game,2025-06-30T13:21:20.637528878Z,01JZ0F68QBVS3396WRDJJKMNJN,2025-06-30T13:07:29.13462019Z,01JZ0FCWTCK35SAXZC7YQA4M82,2025-06-30T13:11:06.321916688Z,"[{""playerId"":""01JZ0FAWW52BSADP6XRFJZKM7N"",""faultStart"":5},{""playerId"":""01JZ0FAWW52BSADP6XRFJZKM7N"",""faultStart"":221},{""playerId"":""01JZ0FAXS6V25W6YPWT6Y66ZX9"",""faultStart"":37},{""playerId"":""01JZ0FAXS6V25W6YPWT6Y66ZX9"",""faultStart"":137},{""playerId"":""01JZ0FB7Q8CPCSMQA1PGA0EPYG"",""faultStart"":120},{""playerId"":""01JZ0FB7Q8CPCSMQA1PGA0EPYG"",""faultStart"":204},{""playerId"":""01JZ0FB9WWAV8YJYA2M0XWM4XS"",""faultStart"":126},{""playerId"":""01JZ0FB9WWAV8YJYA2M0XWM4XS"",""faultStart"":15},{""playerId"":""01JZ0FBAJB7KQ7GP21NQ7ZFSYY"",""faultStart"":37},{""playerId"":""01JZ0FBAJB7KQ7GP21NQ7ZFSYY"",""faultStart"":152},{""playerId"":""01JZ0FBK3D0FB3G5QDK7X1X7G7"",""faultStart"":77},{""playerId"":""01JZ0FBK3D0FB3G5QDK7X1X7G7"",""faultStart"":16}]",2025-06-30T13:16:09.828627526Z,4,2025-06-30T13:11:58.271155643Z,null,2025-06-30T13:21:20.609605287Z,true,2025-06-30T13:11:58.217723062Z,true,2025-06-30T13:11:58.217723062Z,ended,2025-06-30T13:21:20.637528878Z,"{""networkStruct"":""pooled"",""playerCount"":6}",2025-06-30T13:07:28.389718122Z,"Pooled, Redundancy",2025-06-30T13:07:28.389718122Z
01JZ0H1K7FV78W73P31JXQYTKA,6,2025-06-30T13:49:51.577106231Z,6,2025-06-30T13:45:39.249369026Z,01JZ0H1K4AG17CS34Z9G9MQYDS,2025-06-30T13:39:53.199060339Z,true,2025-06-30T13:55:03.055102502Z,end of game,2025-06-30T13:55:03.090812164Z,01JZ0H1KN7221HPR2TWYN8734E,2025-06-30T13:39:53.643943923Z,01JZ0H77EWY1241S99AZR4N14A,2025-06-30T13:42:57.764466886Z,"[{""playerId"":""01JZ0H3TRTXRSVBAX9EY6PPX29"",""faultStart"":205},{""playerId"":""01JZ0H3TRTXRSVBAX9EY6PPX29"",""faultStart"":7},{""playerId"":""01JZ0H42HREFCMBGJBTZGE91GN"",""faultStart"":171},{""playerId"":""01JZ0H42HREFCMBGJBTZGE91GN"",""faultStart"":73},{""playerId"":""01JZ0H4KADAPWGV6ZSDZSCPDP8"",""faultStart"":0},{""playerId"":""01JZ0H4KADAPWGV6ZSDZSCPDP8"",""faultStart"":169},{""playerId"":""01JZ0H5M5HFDPMDY7KF9ZFXG0T"",""faultStart"":219},{""playerId"":""01JZ0H5M5HFDPMDY7KF9ZFXG0T"",""faultStart"":33},{""playerId"":""01JZ0H6Y8GZX8H152JRBMCSD5G"",""faultStart"":143},{""playerId"":""01JZ0H6Y8GZX8H152JRBMCSD5G"",""faultStart"":14},{""playerId"":""01JZ0H8Y1HSR83Q5C08BNXNQBS"",""faultStart"":17},{""playerId"":""01JZ0H8Y1HSR83Q5C08BNXNQBS"",""faultStart"":238}]",2025-06-30T13:49:51.577106231Z,4,2025-06-30T13:45:39.359108642Z,null,2025-06-30T13:55:03.055102502Z,true,2025-06-30T13:45:39.249369026Z,true,2025-06-30T13:45:39.249369026Z,ended,2025-06-30T13:55:03.090812164Z,"{""networkStruct"":""reciprocal"",""playerCount"":6}",2025-06-30T13:39:53.199060339Z,"Reciprocal, Redundancy",2025-06-30T13:39:53.199060339Z
01JZ0R44ZAP7PYVAMQ60PRQDRH,4,2025-06-30T15:55:38.716197607Z,6,2025-06-30T15:51:22.154604634Z,01JZ0R44WS56B1WD5354KYAZ6V,2025-06-30T15:43:36.938741114Z,true,2025-06-30T16:00:50.830377503Z,end of game,2025-06-30T16:00:50.918164178Z,01JZ0R45DDGV4QMSYXSVRR4NWF,2025-06-30T15:43:37.397785142Z,01JZ0RBKSK190H25EDGAHD7YPB,2025-06-30T15:47:41.501064388Z,"[{""playerId"":""01JZ0R7SM9A3MD6J7CWH0BFG4D"",""faultStart"":188},{""playerId"":""01JZ0R7SM9A3MD6J7CWH0BFG4D"",""faultStart"":127},{""playerId"":""01JZ0R88HFX5N7SW28R5CBVAQ7"",""faultStart"":14},{""playerId"":""01JZ0R88HFX5N7SW28R5CBVAQ7"",""faultStart"":120},{""playerId"":""01JZ0R9NKSZXK437J316D7FC4F"",""faultStart"":65},{""playerId"":""01JZ0R9NKSZXK437J316D7FC4F"",""faultStart"":179},{""playerId"":""01JZ0RE6P0QX4X0JPFQFZG4YVE"",""faultStart"":217},{""playerId"":""01JZ0RE6P0QX4X0JPFQFZG4YVE"",""faultStart"":129}]",2025-06-30T15:55:38.716197607Z,4,2025-06-30T15:51:22.485124628Z,null,2025-06-30T16:00:50.830377503Z,true,2025-06-30T15:51:22.154604634Z,true,2025-06-30T15:51:22.154604634Z,ended,2025-06-30T16:00:50.918164178Z,"{""networkStruct"":""reciprocal"",""playerCount"":6}",2025-06-30T15:43:36.938741114Z,"Reciprocal, Redundancy",2025-06-30T15:43:36.938741114Z
01JZ0R44ZMT5HYXWVABB60AH0G,5,2025-06-30T15:53:13.678802262Z,6,2025-06-30T15:48:52.465921532Z,01JZ0R44WS56B1WD5354KYAZ6V,2025-06-30T15:43:36.948367977Z,true,2025-06-30T15:58:26.369192706Z,end of game,2025-06-30T15:58:26.506871069Z,01JZ0R45MPS1CMWV1RKMYB3Q1Q,2025-06-30T15:43:37.631214945Z,01JZ0R7NNFT9896YTVGBFVT349,2025-06-30T15:45:32.342360114Z,"[{""playerId"":""01JZ0R6DY0PYZTQ6QXN5D3091D"",""faultStart"":100},{""playerId"":""01JZ0R6DY0PYZTQ6QXN5D3091D"",""faultStart"":185},{""playerId"":""01JZ0R6QFFN30D6XK6YWT9MS2Y"",""faultStart"":0},{""playerId"":""01JZ0R6QFFN30D6XK6YWT9MS2Y"",""faultStart"":70},{""playerId"":""01JZ0R83TEZ3G1FW66WSBKZX4F"",""faultStart"":130},{""playerId"":""01JZ0R83TEZ3G1FW66WSBKZX4F"",""faultStart"":59},{""playerId"":""01JZ0R9YBP53FHZRSC3KJMTX8V"",""faultStart"":215},{""playerId"":""01JZ0R9YBP53FHZRSC3KJMTX8V"",""faultStart"":22},{""playerId"":""01JZ0RB2RBV77DCY4AE9FA26J2"",""faultStart"":126},{""playerId"":""01JZ0RB2RBV77DCY4AE9FA26J2"",""faultStart"":46}]",2025-06-30T15:53:13.678802262Z,4,2025-06-30T15:48:52.668438741Z,null,2025-06-30T15:58:26.369192706Z,true,2025-06-30T15:48:52.465921532Z,true,2025-06-30T15:48:52.465921532Z,ended,2025-06-30T15:58:26.506871069Z,"{""networkStruct"":""pooled"",""playerCount"":6}",2025-06-30T15:43:36.948367977Z,"Pooled, Redundancy",2025-06-30T15:43:36.948367977Z
01JZ0F67Z9QH00F8GAXY086HB5,5,2025-06-30T13:20:05.43549592Z,6,2025-06-30T13:15:52.468374459Z,01JZ0F67X5J6SBR3095JZ2KKHQ,2025-06-30T13:07:28.361179533Z,true,2025-06-30T13:25:16.575130445Z,end of game,2025-06-30T13:25:16.636217903Z,01JZ0F683HW5802R38GH1MFQAD,2025-06-30T13:07:28.500206007Z,01JZ0FFMNV42GMHDYQX38A3A6T,2025-06-30T13:12:36.28980118Z,"[{""playerId"":""01JZ0FBRXZ8XMKNDM1GTFS4P4A"",""faultStart"":76},{""playerId"":""01JZ0FBRXZ8XMKNDM1GTFS4P4A"",""faultStart"":5},{""playerId"":""01JZ0FBZBPYQ4FYZK11FHC8KJR"",""faultStart"":113},{""playerId"":""01JZ0FBZBPYQ4FYZK11FHC8KJR"",""faultStart"":9},{""playerId"":""01JZ0FC2JY5XVEAE6VHX2MXJRG"",""faultStart"":1},{""playerId"":""01JZ0FC2JY5XVEAE6VHX2MXJRG"",""faultStart"":112},{""playerId"":""01JZ0FD79YGYA2VDDBD6504FRR"",""faultStart"":164},{""playerId"":""01JZ0FD79YGYA2VDDBD6504FRR"",""faultStart"":33},{""playerId"":""01JZ0FJ2J3KAWY8R383XNHY1BP"",""faultStart"":225},{""playerId"":""01JZ0FJ2J3KAWY8R383XNHY1BP"",""faultStart"":65}]",2025-06-30T13:20:05.43549592Z,4,2025-06-30T13:15:52.700293038Z,null,2025-06-30T13:25:16.575130445Z,true,2025-06-30T13:15:52.468374459Z,true,2025-06-30T13:15:52.468374459Z,ended,2025-06-30T13:25:16.636217903Z,"{""networkStruct"":""pooled"",""playerCount"":6}",2025-06-30T13:07:28.361179533Z,"Pooled, Redundancy",2025-06-30T13:07:28.361179533Z
01JZ0F67ZNGQ7M2D3G3M0R8ZTD,5,2025-06-30T13:20:02.125409168Z,6,2025-06-30T13:15:49.184338052Z,01JZ0F67X5J6SBR3095JZ2KKHQ,2025-06-30T13:07:28.373968945Z,true,2025-06-30T13:25:13.732622923Z,end of game,2025-06-30T13:25:13.778053844Z,01JZ0F68MM1Q477A8GJFRXHNZD,2025-06-30T13:07:29.047196286Z,01JZ0FF7KG52QBPMK71YD4CTAZ,2025-06-30T13:12:22.903615105Z,"[{""playerId"":""01JZ0FBJQ7C7D6J79CXDMZGZYP"",""faultStart"":7},{""playerId"":""01JZ0FBJQ7C7D6J79CXDMZGZYP"",""faultStart"":79},{""playerId"":""01JZ0FBTJXMW2AK8YMAJ7FJR7V"",""faultStart"":128},{""playerId"":""01JZ0FBTJXMW2AK8YMAJ7FJR7V"",""faultStart"":22},{""playerId"":""01JZ0FC09D1G1AHZCQZX30N8GY"",""faultStart"":129},{""playerId"":""01JZ0FC09D1G1AHZCQZX30N8GY"",""faultStart"":5},{""playerId"":""01JZ0FDQ7XEK8QFWNEW92QR4H3"",""faultStart"":157},{""playerId"":""01JZ0FDQ7XEK8QFWNEW92QR4H3"",""faultStart"":57},{""playerId"":""01JZ0FF2AESZYBEQBJZKV45YWJ"",""faultStart"":141},{""playerId"":""01JZ0FF2AESZYBEQBJZKV45YWJ"",""faultStart"":213}]",2025-06-30T13:20:02.125409168Z,4,2025-06-30T13:15:49.272802124Z,null,2025-06-30T13:25:13.732622923Z,true,2025-06-30T13:15:49.184338052Z,true,2025-06-30T13:15:49.184338052Z,ended,2025-06-30T13:25:13.778053844Z,"{""networkStruct"":""reciprocal"",""playerCount"":6}",2025-06-30T13:07:28.373968945Z,"Reciprocal, Redundancy",2025-06-30T13:07:28.373968945Z
01JZ0H1K7A7HBJ5WZC7T99GVBX,5,2025-06-30T13:48:55.552656034Z,6,2025-06-30T13:44:43.075070741Z,01JZ0H1K4AG17CS34Z9G9MQYDS,2025-06-30T13:39:53.194195987Z,true,2025-06-30T13:54:06.35620906Z,end of game,2025-06-30T13:54:06.399819298Z,01JZ0H1KJCQ9YEKGY3428P5SYH,2025-06-30T13:39:53.552089323Z,01JZ0H4DHC6FR62KKJ32970A3T,2025-06-30T13:41:25.681830437Z,"[{""playerId"":""01JZ0FRASJYKEGEJZYSW2BXAXV"",""faultStart"":107},{""playerId"":""01JZ0FRASJYKEGEJZYSW2BXAXV"",""faultStart"":218},{""playerId"":""01JZ0H377YER8042T2NRG3D1V1"",""faultStart"":194},{""playerId"":""01JZ0H377YER8042T2NRG3D1V1"",""faultStart"":95},{""playerId"":""01JZ0H45W0M8M5CSQ69GQ678PR"",""faultStart"":81},{""playerId"":""01JZ0H45W0M8M5CSQ69GQ678PR"",""faultStart"":228},{""playerId"":""01JZ0H5Q2X0VNQ3KT02G5XT30Y"",""faultStart"":212},{""playerId"":""01JZ0H5Q2X0VNQ3KT02G5XT30Y"",""faultStart"":90},{""playerId"":""01JZ0H9XDVSFP2KP78SR78XFKD"",""faultStart"":33},{""playerId"":""01JZ0H9XDVSFP2KP78SR78XFKD"",""faultStart"":150}]",2025-06-30T13:48:55.552656034Z,4,2025-06-30T13:44:43.188143395Z,null,2025-06-30T13:54:06.35620906Z,true,2025-06-30T13:44:43.075070741Z,true,2025-06-30T13:44:43.075070741Z,ended,2025-06-30T13:54:06.399819298Z,"{""networkStruct"":""reciprocal"",""playerCount"":6}",2025-06-30T13:39:53.194195987Z,"Reciprocal, Redundancy",2025-06-30T13:39:53.194195987Z
01JZ0NSNACQB6FV8GE0XS7JKF9,4,2025-06-30T15:14:57.347710686Z,6,2025-06-30T15:10:44.190701675Z,01JZ0NSN7EKS122Z238A4PF66D,2025-06-30T15:02:56.076117212Z,true,2025-06-30T15:20:08.745428438Z,end of game,2025-06-30T15:20:08.798143502Z,01JZ0NSNHGBRHGEKHSYB13S0C5,2025-06-30T15:02:56.311404463Z,01JZ0NZ2DRW58QA6JVVG02M3X9,2025-06-30T15:05:53.344221518Z,"[{""playerId"":""01JZ0NZAF5PAQ3ECGHTTXSX02G"",""faultStart"":116},{""playerId"":""01JZ0NZAF5PAQ3ECGHTTXSX02G"",""faultStart"":238},{""playerId"":""01JZ0P111DGX2GYFS2HKPTTG1D"",""faultStart"":214},{""playerId"":""01JZ0P111DGX2GYFS2HKPTTG1D"",""faultStart"":12},{""playerId"":""01JZ0P1TX10FFYPX0ZCGHE89AS"",""faultStart"":233},{""playerId"":""01JZ0P1TX10FFYPX0ZCGHE89AS"",""faultStart"":124},{""playerId"":""01JZ0P4V3AHY550K8PMRT3VM5K"",""faultStart"":130},{""playerId"":""01JZ0P4V3AHY550K8PMRT3VM5K"",""faultStart"":224}]",2025-06-30T15:14:57.347710686Z,4,2025-06-30T15:10:44.365595255Z,null,2025-06-30T15:20:08.745428438Z,true,2025-06-30T15:10:44.190701675Z,true,2025-06-30T15:10:44.190701675Z,ended,2025-06-30T15:20:08.798143502Z,"{""networkStruct"":""reciprocal"",""playerCount"":6}",2025-06-30T15:02:56.076117212Z,"Reciprocal, Redundancy",2025-06-30T15:02:56.076117212Z
01JZ0H1K6THHEJQ855QF7WP6P1,5,2025-06-30T13:47:55.657206595Z,6,2025-06-30T13:43:43.499593922Z,01JZ0H1K4AG17CS34Z9G9MQYDS,2025-06-30T13:39:53.178481587Z,true,2025-06-30T13:53:06.753891122Z,end of game,2025-06-30T13:53:06.782215399Z,01JZ0H1KF7NVB18AH9RHRX5CVR,2025-06-30T13:39:53.453004876Z,01JZ0H4M39Q7KHSCNTT28QB4Z1,2025-06-30T13:41:32.399794087Z,"[{""playerId"":""01JZ0H37QX2G6JSTQ9DTXQ42SA"",""faultStart"":8},{""playerId"":""01JZ0H37QX2G6JSTQ9DTXQ42SA"",""faultStart"":234},{""playerId"":""01JZ0H3CNXXCY16G7HRC2VAP66"",""faultStart"":151},{""playerId"":""01JZ0H3CNXXCY16G7HRC2VAP66"",""faultStart"":82},{""playerId"":""01JZ0H3KVYK2WH1VQVZ8KDFR0N"",""faultStart"":173},{""playerId"":""01JZ0H3KVYK2WH1VQVZ8KDFR0N"",""faultStart"":68},{""playerId"":""01JZ0H3MSCHF8EHSQ33HEQDG2Z"",""faultStart"":98},{""playerId"":""01JZ0H3MSCHF8EHSQ33HEQDG2Z"",""faultStart"":235},{""playerId"":""01JZ0H4ADESF7ZW26D2M0GP4C4"",""faultStart"":104},{""playerId"":""01JZ0H4ADESF7ZW26D2M0GP4C4"",""faultStart"":229}]",2025-06-30T13:47:55.657206595Z,4,2025-06-30T13:43:43.569417045Z,null,2025-06-30T13:53:06.753891122Z,true,2025-06-30T13:43:43.499593922Z,true,2025-06-30T13:43:43.499593922Z,ended,2025-06-30T13:53:06.782215399Z,"{""networkStruct"":""pooled"",""playerCount"":6}",2025-06-30T13:39:53.178481587Z,"Pooled, Redundancy",2025-06-30T13:39:53.178481587Z
01JZ0H1K7KVN4Q30DF0C4SZNQW,6,2025-06-30T13:48:19.107536466Z,6,2025-06-30T13:44:07.020029724Z,01JZ0H1K4AG17CS34Z9G9MQYDS,2025-06-30T13:39:53.203480732Z,true,2025-06-30T13:53:29.952083335Z,end of game,2025-06-30T13:53:29.984873792Z,01JZ0H1KSM2XMBQP1EM4QPXD2C,2025-06-30T13:39:53.786025629Z,01JZ0H423NCDP2KDP73MVD9BWS,2025-06-30T13:41:13.982611808Z,"[{""playerId"":""01JZ0H3E65SD9MJCEC63Q2EE1S"",""faultStart"":233},{""playerId"":""01JZ0H3E65SD9MJCEC63Q2EE1S"",""faultStart"":18},{""playerId"":""01JZ0H3FWJS4NSARZAFMVPHGS8"",""faultStart"":144},{""playerId"":""01JZ0H3FWJS4NSARZAFMVPHGS8"",""faultStart"":67},{""playerId"":""01JZ0H3PNYN1MWQCF2QE837CM4"",""faultStart"":204},{""playerId"":""01JZ0H3PNYN1MWQCF2QE837CM4"",""faultStart"":75},{""playerId"":""01JZ0H4DCRMZ62SRWSFKCMEFC6"",""faultStart"":54},{""playerId"":""01JZ0H4DCRMZ62SRWSFKCMEFC6"",""faultStart"":207},{""playerId"":""01JZ0H4GBQSQYED6WDD8E3HJCG"",""faultStart"":185},{""playerId"":""01JZ0H4GBQSQYED6WDD8E3HJCG"",""faultStart"":9},{""playerId"":""01JZ0H5NHK4FCF20XWKMPQHP0X"",""faultStart"":106},{""playerId"":""01JZ0H5NHK4FCF20XWKMPQHP0X"",""faultStart"":213}]",2025-06-30T13:48:19.107536466Z,4,2025-06-30T13:44:07.110909176Z,null,2025-06-30T13:53:29.952083335Z,true,2025-06-30T13:44:07.020029724Z,true,2025-06-30T13:44:07.020029724Z,ended,2025-06-30T13:53:29.984873792Z,"{""networkStruct"":""pooled"",""playerCount"":6}",2025-06-30T13:39:53.203480732Z,"Pooled, Redundancy",2025-06-30T13:39:53.203480732Z
01JZ0JJRMQ32S1DDP8PZN3RKEA,6,2025-06-30T14:14:46.59471066Z,6,2025-06-30T14:10:34.242885134Z,01JZ0JJRG62BDVPN4H0KJ2XPWK,2025-06-30T14:06:44.37518564Z,true,2025-06-30T14:19:57.824163062Z,end of game,2025-06-30T14:19:57.87106901Z,01JZ0JJS5C7W8KPT930KPCBDH3,2025-06-30T14:06:44.914653158Z,01JZ0JP5FPD77BEG5T6W32JZ86,2025-06-30T14:08:35.838552207Z,"[{""playerId"":""01JZ0JMGEDXX4BV44Z74MYK8RA"",""faultStart"":163},{""playerId"":""01JZ0JMGEDXX4BV44Z74MYK8RA"",""faultStart"":99},{""playerId"":""01JZ0JMMQB7PV7562FFEM02FS7"",""faultStart"":221},{""playerId"":""01JZ0JMMQB7PV7562FFEM02FS7"",""faultStart"":114},{""playerId"":""01JZ0JMRHQNNVVVJT7WR7062BD"",""faultStart"":145},{""playerId"":""01JZ0JMRHQNNVVVJT7WR7062BD"",""faultStart"":52},{""playerId"":""01JZ0JN6JMZG2FMKENBAS8NM9Y"",""faultStart"":200},{""playerId"":""01JZ0JN6JMZG2FMKENBAS8NM9Y"",""faultStart"":11},{""playerId"":""01JZ0JNFFC7EQBWHX80ZDTKTSW"",""faultStart"":168},{""playerId"":""01JZ0JNFFC7EQBWHX80ZDTKTSW"",""faultStart"":41},{""playerId"":""01JZ0JR3W3AT1DTGXQJW4YRCNE"",""faultStart"":92},{""playerId"":""01JZ0JR3W3AT1DTGXQJW4YRCNE"",""faultStart"":166}]",2025-06-30T14:14:46.59471066Z,4,2025-06-30T14:10:34.358382813Z,null,2025-06-30T14:19:57.824163062Z,true,2025-06-30T14:10:34.242885134Z,true,2025-06-30T14:10:34.242885134Z,ended,2025-06-30T14:19:57.87106901Z,"{""networkStruct"":""pooled"",""playerCount"":6}",2025-06-30T14:06:44.37518564Z,"Pooled, Redundancy",2025-06-30T14:06:44.37518564Z
01JZ0PDFFH0EDR9F9CYFN0TQY3,5,2025-06-30T15:25:48.896822644Z,6,2025-06-30T15:21:33.11847456Z,01JZ0PDFE8X2A24VZSJDD0T2BH,2025-06-30T15:13:45.45786845Z,true,2025-06-30T15:31:00.025121277Z,end of game,2025-06-30T15:31:00.063258389Z,01JZ0PDFKZF8VPJ70F9YGS2A9X,2025-06-30T15:13:45.6022526Z,01JZ0PM61B8H1WGTXZTRE8983G,2025-06-30T15:17:25.170350634Z,"[{""playerId"":""01JZ0PGV68TYQ231YS5FREY4WQ"",""faultStart"":160},{""playerId"":""01JZ0PGV68TYQ231YS5FREY4WQ"",""faultStart"":239},{""playerId"":""01JZ0PMBRB2ZJXD3FT9KV7JP4H"",""faultStart"":75},{""playerId"":""01JZ0PMBRB2ZJXD3FT9KV7JP4H"",""faultStart"":162},{""playerId"":""01JZ0PPXCPF7JHRT9SA9YT6R6B"",""faultStart"":28},{""playerId"":""01JZ0PPXCPF7JHRT9SA9YT6R6B"",""faultStart"":137},{""playerId"":""01JZ0PQ7G6X7K4MMC5P4S3TEYN"",""faultStart"":228},{""playerId"":""01JZ0PQ7G6X7K4MMC5P4S3TEYN"",""faultStart"":142},{""playerId"":""01JZ0PQG0QD2E50TEZE8KJC3TY"",""faultStart"":187},{""playerId"":""01JZ0PQG0QD2E50TEZE8KJC3TY"",""faultStart"":6}]",2025-06-30T15:25:48.896822644Z,4,2025-06-30T15:21:33.476856964Z,null,2025-06-30T15:31:00.025121277Z,true,2025-06-30T15:21:33.11847456Z,true,2025-06-30T15:21:33.11847456Z,ended,2025-06-30T15:31:00.063258389Z,"{""networkStruct"":""pooled"",""playerCount"":6}",2025-06-30T15:13:45.45786845Z,"Pooled, Redundancy",2025-06-30T15:13:45.45786845Z
01JZ0R450A0M8Q4QC968ZVRS9H,6,2025-06-30T15:54:12.206476225Z,6,2025-06-30T15:49:53.934358821Z,01JZ0R44WS56B1WD5354KYAZ6V,2025-06-30T15:43:36.970319435Z,true,2025-06-30T15:59:24.554376398Z,end of game,2025-06-30T15:59:24.621132513Z,01JZ0R46558328NS67QYV61CP7,2025-06-30T15:43:38.154083304Z,01JZ0R8NE0SMCPMWRA6G7EY8PJ,2025-06-30T15:46:04.876726393Z,"[{""playerId"":""01JZ0R6Z68KBAXFH25R17ZH0FP"",""faultStart"":142},{""playerId"":""01JZ0R6Z68KBAXFH25R17ZH0FP"",""faultStart"":56},{""playerId"":""01JZ0R7F7RD6MRYFQ16SXJ26HY"",""faultStart"":115},{""playerId"":""01JZ0R7F7RD6MRYFQ16SXJ26HY"",""faultStart"":223},{""playerId"":""01JZ0R7KYSRZ9WN5AKECH3KB3X"",""faultStart"":120},{""playerId"":""01JZ0R7KYSRZ9WN5AKECH3KB3X"",""faultStart"":207},{""playerId"":""01JZ0R9QCHAWV30C13DYNCKKAJ"",""faultStart"":36},{""playerId"":""01JZ0R9QCHAWV30C13DYNCKKAJ"",""faultStart"":189},{""playerId"":""01JZ0RA66F3FBNJZBRD9WM83NA"",""faultStart"":105},{""playerId"":""01JZ0RA66F3FBNJZBRD9WM83NA"",""faultStart"":27},{""playerId"":""01JZ0RC5VA1XYK8MB53Q5K9XJR"",""faultStart"":10},{""playerId"":""01JZ0RC5VA1XYK8MB53Q5K9XJR"",""faultStart"":143}]",2025-06-30T15:54:12.206476225Z,4,2025-06-30T15:49:54.554895012Z,null,2025-06-30T15:59:24.554376398Z,true,2025-06-30T15:49:53.934358821Z,true,2025-06-30T15:49:53.934358821Z,ended,2025-06-30T15:59:24.621132513Z,"{""networkStruct"":""pooled"",""playerCount"":6}",2025-06-30T15:43:36.970319435Z,"Pooled, Redundancy",2025-06-30T15:43:36.970319435Z
01JZ0TXM7C18DJWS688K2WH576,2,2025-06-30T16:42:58.194747166Z,6,2025-06-30T16:38:40.809469116Z,01JZ0TXM4HA3Q8P6D6TPYYS7R3,2025-06-30T16:32:28.908268918Z,true,2025-06-30T16:48:10.546345092Z,end of game,2025-06-30T16:48:10.623339751Z,01JZ0TXMHEDS4M5V5ABJ4T0V5V,2025-06-30T16:32:29.234480001Z,01JZ0V0XPPJPPG9HBP5F2QYJ2G,2025-06-30T16:34:16.926479124Z,"[{""playerId"":""01JZ0TZYZXZDYD29K8ANGZ398R"",""faultStart"":46},{""playerId"":""01JZ0TZYZXZDYD29K8ANGZ398R"",""faultStart"":219},{""playerId"":""01JZ0V3M4NH8ZBAYGCY49TQ02Z"",""faultStart"":91},{""playerId"":""01JZ0V3M4NH8ZBAYGCY49TQ02Z"",""faultStart"":170}]",2025-06-30T16:42:58.194747166Z,4,2025-06-30T16:38:41.212109419Z,null,2025-06-30T16:48:10.546345092Z,true,2025-06-30T16:38:40.809469116Z,true,2025-06-30T16:38:40.809469116Z,ended,2025-06-30T16:48:10.623339751Z,"{""networkStruct"":""reciprocal"",""playerCount"":6}",2025-06-30T16:32:28.908268918Z,"Reciprocal, Redundancy",2025-06-30T16:32:28.908268918Z
01JZ0TXMB9EHVXHHHV3J3SQY3A,4,2025-06-30T16:44:39.041502757Z,6,2025-06-30T16:40:21.09783098Z,01JZ0TXM4HA3Q8P6D6TPYYS7R3,2025-06-30T16:32:29.033549136Z,true,2025-06-30T16:49:52.223928486Z,end of game,2025-06-30T16:49:52.419110518Z,01JZ0TXN8Z8TA286YYXMH0V4SK,2025-06-30T16:32:29.991855834Z,01JZ0V141Y0Y6R4Q2NGS7H6X5X,2025-06-30T16:34:23.430587474Z,"[{""playerId"":""01JZ0TZEA4NSRNAN24CVE4XF3B"",""faultStart"":74},{""playerId"":""01JZ0TZEA4NSRNAN24CVE4XF3B"",""faultStart"":192},{""playerId"":""01JZ0V0BHD367W9MS1M0PZJGYW"",""faultStart"":51},{""playerId"":""01JZ0V0BHD367W9MS1M0PZJGYW"",""faultStart"":143},{""playerId"":""01JZ0V6D24J8EMX9VZ5TJX2AXC"",""faultStart"":147},{""playerId"":""01JZ0V6D24J8EMX9VZ5TJX2AXC"",""faultStart"":18},{""playerId"":""01JZ0VA8DK4TAWTT8THNTNJ1SW"",""faultStart"":220},{""playerId"":""01JZ0VA8DK4TAWTT8THNTNJ1SW"",""faultStart"":28}]",2025-06-30T16:44:39.041502757Z,4,2025-06-30T16:40:21.686717215Z,null,2025-06-30T16:49:52.223928486Z,true,2025-06-30T16:40:21.09783098Z,true,2025-06-30T16:40:21.09783098Z,ended,2025-06-30T16:49:52.419110518Z,"{""networkStruct"":""pooled"",""playerCount"":6}",2025-06-30T16:32:29.033549136Z,"Pooled, Redundancy",2025-06-30T16:32:29.033549136Z
01JZ0JJRMFBKARHHQY8ZXKDX2Q,5,2025-06-30T14:19:46.903524002Z,6,2025-06-30T14:15:34.487044421Z,01JZ0JJRG62BDVPN4H0KJ2XPWK,2025-06-30T14:06:44.367611794Z,true,2025-06-30T14:24:57.819155526Z,end of game,2025-06-30T14:24:57.847530522Z,01JZ0JJS29EKY28PX5PRY2VQQ3,2025-06-30T14:06:44.814676137Z,01JZ0JQ2RTMZACYGSDS1ST8468,2025-06-30T14:09:05.832344521Z,"[{""playerId"":""01JZ0JMENDQ776M5WP6RMTBCJC"",""faultStart"":72},{""playerId"":""01JZ0JMENDQ776M5WP6RMTBCJC"",""faultStart"":206},{""playerId"":""01JZ0JMNJCQ4JP233PQTACYGEQ"",""faultStart"":100},{""playerId"":""01JZ0JMNJCQ4JP233PQTACYGEQ"",""faultStart"":192},{""playerId"":""01JZ0JQGZSJTMNWN83V0DRTF9B"",""faultStart"":208},{""playerId"":""01JZ0JQGZSJTMNWN83V0DRTF9B"",""faultStart"":131},{""playerId"":""01JZ0JQQMSRZZJ1P2ESVX6GNQJ"",""faultStart"":102},{""playerId"":""01JZ0JQQMSRZZJ1P2ESVX6GNQJ"",""faultStart"":11},{""playerId"":""01JZ0K0JEP4CRAAHS8HKT1FSBP"",""faultStart"":72},{""playerId"":""01JZ0K0JEP4CRAAHS8HKT1FSBP"",""faultStart"":137}]",2025-06-30T14:19:46.903524002Z,4,2025-06-30T14:15:34.623475898Z,null,2025-06-30T14:24:57.819155526Z,true,2025-06-30T14:15:34.487044421Z,true,2025-06-30T14:15:34.487044421Z,ended,2025-06-30T14:24:57.847530522Z,"{""networkStruct"":""reciprocal"",""playerCount"":6}",2025-06-30T14:06:44.367611794Z,"Reciprocal, Redundancy",2025-06-30T14:06:44.367611794Z
01JZ0KZHHC2JQ9380R79DSYF93,4,2025-06-30T14:44:46.014323483Z,6,2025-06-30T14:40:33.117794931Z,01JZ0KZHFC2GEC175ZSKVHYGR2,2025-06-30T14:31:11.660682899Z,true,2025-06-30T14:49:56.859864934Z,end of game,2025-06-30T14:49:56.900767585Z,01JZ0KZHT8QFCFYDF0ENKFWRWQ,2025-06-30T14:31:11.947249832Z,01JZ0M5RGPJ5D62MGKVK2GWR2H,2025-06-30T14:34:35.425667456Z,"[{""playerId"":""01JZ0M1RQ5A9ERDM9J4QJBC59B"",""faultStart"":142},{""playerId"":""01JZ0M1RQ5A9ERDM9J4QJBC59B"",""faultStart"":237},{""playerId"":""01JZ0M1SCZW0JCV54MFTC7P4CZ"",""faultStart"":19},{""playerId"":""01JZ0M1SCZW0JCV54MFTC7P4CZ"",""faultStart"":136},{""playerId"":""01JZ0M77CJKQQW7ZQ7XMJWJS44"",""faultStart"":215},{""playerId"":""01JZ0M77CJKQQW7ZQ7XMJWJS44"",""faultStart"":3},{""playerId"":""01JZ0MGE22GN7DC08WS3FXT3M0"",""faultStart"":129},{""playerId"":""01JZ0MGE22GN7DC08WS3FXT3M0"",""faultStart"":238}]",2025-06-30T14:44:46.014323483Z,4,2025-06-30T14:40:33.303348072Z,null,2025-06-30T14:49:56.859864934Z,true,2025-06-30T14:40:33.117794931Z,true,2025-06-30T14:40:33.117794931Z,ended,2025-06-30T14:49:56.900767585Z,"{""networkStruct"":""pooled"",""playerCount"":6}",2025-06-30T14:31:11.660682899Z,"Pooled, Redundancy",2025-06-30T14:31:11.660682899Z
01JZ0NSNC1W3B8HBKV7A156B13,3,2025-06-30T15:12:58.229443992Z,6,2025-06-30T15:08:43.989988421Z,01JZ0NSN7EKS122Z238A4PF66D,2025-06-30T15:02:56.129828269Z,true,2025-06-30T15:18:09.158127703Z,end of game,2025-06-30T15:18:09.196655002Z,01JZ0NSNXKP0FXAWF4WSYB7CQA,2025-06-30T15:02:56.696941148Z,01JZ0NTH5Y0W9S7VQWVAD0H49J,2025-06-30T15:03:24.614870448Z,"[{""playerId"":""01JZ0NZ4J2HB6T107AP4J98YF9"",""faultStart"":159},{""playerId"":""01JZ0NZ4J2HB6T107AP4J98YF9"",""faultStart"":23},{""playerId"":""01JZ0NZGH00DARNW9BBY2QG8YW"",""faultStart"":8},{""playerId"":""01JZ0NZGH00DARNW9BBY2QG8YW"",""faultStart"":128},{""playerId"":""01JZ0P0EBY7VSQYSD3AZX9YSX7"",""faultStart"":134},{""playerId"":""01JZ0P0EBY7VSQYSD3AZX9YSX7"",""faultStart"":9}]",2025-06-30T15:12:58.229443992Z,4,2025-06-30T15:08:44.283119775Z,null,2025-06-30T15:18:09.158127703Z,true,2025-06-30T15:08:43.989988421Z,true,2025-06-30T15:08:43.989988421Z,ended,2025-06-30T15:18:09.196655002Z,"{""networkStruct"":""reciprocal"",""playerCount"":6}",2025-06-30T15:02:56.129828269Z,"Reciprocal, Redundancy",2025-06-30T15:02:56.129828269Z
01JZ0R44YW0T94WKHD2ZAT9VPC,2,2025-06-30T15:52:41.883902819Z,6,2025-06-30T15:48:25.661742117Z,01JZ0R44WS56B1WD5354KYAZ6V,2025-06-30T15:43:36.924144701Z,true,2025-06-30T15:57:53.482127793Z,end of game,2025-06-30T15:57:53.545726888Z,01JZ0R458CQ0RSHWGXV5AD74CR,2025-06-30T15:43:37.231146303Z,01JZ0R8FSRY3EF9H6MGXRBVP11,2025-06-30T15:45:59.118216912Z,"[{""playerId"":""01JZ0R6WK5QD50F4G761FSN8E5"",""faultStart"":93},{""playerId"":""01JZ0R6WK5QD50F4G761FSN8E5"",""faultStart"":6},{""playerId"":""01JZ0RA7ZVQK012EEC40XNGWC7"",""faultStart"":104},{""playerId"":""01JZ0RA7ZVQK012EEC40XNGWC7"",""faultStart"":175}]",2025-06-30T15:52:41.883902819Z,4,2025-06-30T15:48:25.999998778Z,null,2025-06-30T15:57:53.482127793Z,true,2025-06-30T15:48:25.661742117Z,true,2025-06-30T15:48:25.661742117Z,ended,2025-06-30T15:57:53.545726888Z,"{""networkStruct"":""reciprocal"",""playerCount"":6}",2025-06-30T15:43:36.924144701Z,"Reciprocal, Redundancy",2025-06-30T15:43:36.924144701Z
01JZ0TXM9G1YQW4PKWAZEHBP4X,1,2025-06-30T16:43:39.600490531Z,6,2025-06-30T16:39:17.246651687Z,01JZ0TXM4HA3Q8P6D6TPYYS7R3,2025-06-30T16:32:28.976545124Z,true,2025-06-30T16:48:52.962146609Z,end of game,2025-06-30T16:48:53.071701617Z,01JZ0TXMQXC1CY9DWDGFKW959P,2025-06-30T16:32:29.44055345Z,01JZ0V2XXZKRDGCXQR90GJ5VKD,2025-06-30T16:35:22.700799659Z,"[{""playerId"":""01JZ0V027NCPFS0Z28MM3HFKTJ"",""faultStart"":82},{""playerId"":""01JZ0V027NCPFS0Z28MM3HFKTJ"",""faultStart"":178}]",2025-06-30T16:43:39.600490531Z,4,2025-06-30T16:39:17.591230728Z,null,2025-06-30T16:48:52.962146609Z,true,2025-06-30T16:39:17.246651687Z,true,2025-06-30T16:39:17.246651687Z,ended,2025-06-30T16:48:53.071701617Z,"{""networkStruct"":""pooled"",""playerCount"":6}",2025-06-30T16:32:28.976545124Z,"Pooled, Redundancy",2025-06-30T16:32:28.976545124Z
01JZ0F67ZMW5MYVAMRDCKET4QV,6,2025-06-30T13:16:22.641627832Z,6,2025-06-30T13:12:09.725418348Z,01JZ0F67X5J6SBR3095JZ2KKHQ,2025-06-30T13:07:28.372044473Z,true,2025-06-30T13:21:33.555315404Z,end of game,2025-06-30T13:21:33.58880037Z,01JZ0F68KW85R80QHY4GZHV94Z,2025-06-30T13:07:29.023815231Z,01JZ0FCKM13GARJ228HMV9SYKN,2025-06-30T13:10:56.905398078Z,"[{""playerId"":""01JZ0FAE5RJ1QVP6VAA70BSQ0P"",""faultStart"":136},{""playerId"":""01JZ0FAE5RJ1QVP6VAA70BSQ0P"",""faultStart"":231},{""playerId"":""01JZ0FASBFGZWXGCNHK0X9PYM2"",""faultStart"":219},{""playerId"":""01JZ0FASBFGZWXGCNHK0X9PYM2"",""faultStart"":57},{""playerId"":""01JZ0FAZSM5RWSWDK86JFF6JZ6"",""faultStart"":71},{""playerId"":""01JZ0FAZSM5RWSWDK86JFF6JZ6"",""faultStart"":184},{""playerId"":""01JZ0FB8RWXGRKEDFRWB4CEM4K"",""faultStart"":210},{""playerId"":""01JZ0FB8RWXGRKEDFRWB4CEM4K"",""faultStart"":66},{""playerId"":""01JZ0FBAX014VD39AWS4YVMD4F"",""faultStart"":86},{""playerId"":""01JZ0FBAX014VD39AWS4YVMD4F"",""faultStart"":200},{""playerId"":""01JZ0FDXX39WXMVCCADY0GX2SD"",""faultStart"":38},{""playerId"":""01JZ0FDXX39WXMVCCADY0GX2SD"",""faultStart"":239}]",2025-06-30T13:16:22.641627832Z,4,2025-06-30T13:12:09.767493529Z,null,2025-06-30T13:21:33.555315404Z,true,2025-06-30T13:12:09.725418348Z,true,2025-06-30T13:12:09.725418348Z,ended,2025-06-30T13:21:33.58880037Z,"{""networkStruct"":""reciprocal"",""playerCount"":6}",2025-06-30T13:07:28.372044473Z,"Reciprocal, Redundancy",2025-06-30T13:07:28.372044473Z
01JZ0JJRK7MTN7FAC1224V82KC,6,2025-06-30T14:17:35.202836755Z,6,2025-06-30T14:13:21.597250138Z,01JZ0JJRG62BDVPN4H0KJ2XPWK,2025-06-30T14:06:44.327991959Z,true,2025-06-30T14:22:46.057098969Z,end of game,2025-06-30T14:22:46.094698019Z,01JZ0JJRQYN0C1H0FAKCG4AR62,2025-06-30T14:06:44.483543212Z,01JZ0JPZPXD6A94MXJ6095CQHX,2025-06-30T14:09:02.700782967Z,"[{""playerId"":""01JZ0JMJ284T338WEW4N64181B"",""faultStart"":130},{""playerId"":""01JZ0JMJ284T338WEW4N64181B"",""faultStart"":65},{""playerId"":""01JZ0JMRZCYKKS11NMJE3Z1M2V"",""faultStart"":202},{""playerId"":""01JZ0JMRZCYKKS11NMJE3Z1M2V"",""faultStart"":58},{""playerId"":""01JZ0JP3H5ZBY270NSRJET22GY"",""faultStart"":100},{""playerId"":""01JZ0JP3H5ZBY270NSRJET22GY"",""faultStart"":199},{""playerId"":""01JZ0JRRZWD6QKN20J001SKF6Q"",""faultStart"":157},{""playerId"":""01JZ0JRRZWD6QKN20J001SKF6Q"",""faultStart"":63},{""playerId"":""01JZ0JRSFTK3MVKWF6KJBEKR0E"",""faultStart"":57},{""playerId"":""01JZ0JRSFTK3MVKWF6KJBEKR0E"",""faultStart"":190},{""playerId"":""01JZ0JSGH5RS66YM2SX89684C5"",""faultStart"":45},{""playerId"":""01JZ0JSGH5RS66YM2SX89684C5"",""faultStart"":141}]",2025-06-30T14:17:35.202836755Z,4,2025-06-30T14:13:21.85843509Z,null,2025-06-30T14:22:46.057098969Z,true,2025-06-30T14:13:21.597250138Z,true,2025-06-30T14:13:21.597250138Z,ended,2025-06-30T14:22:46.094698019Z,"{""networkStruct"":""pooled"",""playerCount"":6}",2025-06-30T14:06:44.327991959Z,"Pooled, Redundancy",2025-06-30T14:06:44.327991959Z
01JZ0JJRKVJXBJGVYTJ6TBMBFM,5,2025-06-30T14:16:09.23468179Z,6,2025-06-30T14:11:56.404556175Z,01JZ0JJRG62BDVPN4H0KJ2XPWK,2025-06-30T14:06:44.347266851Z,true,2025-06-30T14:21:20.071135689Z,end of game,2025-06-30T14:21:20.098546586Z,01JZ0JJRWW5A9CT9J66T0XF6P7,2025-06-30T14:06:44.639646005Z,01JZ0JPVV3MWZS297QPQNASGZF,2025-06-30T14:08:58.731459977Z,"[{""playerId"":""01JZ0JMJ507NBWF493954D1T1J"",""faultStart"":7},{""playerId"":""01JZ0JMJ507NBWF493954D1T1J"",""faultStart"":189},{""playerId"":""01JZ0JN4F2114ZS0WES1BTCGSF"",""faultStart"":145},{""playerId"":""01JZ0JN4F2114ZS0WES1BTCGSF"",""faultStart"":84},{""playerId"":""01JZ0JN9702Q6F60B6DGZMFR8D"",""faultStart"":228},{""playerId"":""01JZ0JN9702Q6F60B6DGZMFR8D"",""faultStart"":113},{""playerId"":""01JZ0JRHPY82NWCJAKFRVZ7MTV"",""faultStart"":44},{""playerId"":""01JZ0JRHPY82NWCJAKFRVZ7MTV"",""faultStart"":226},{""playerId"":""01JZ0JT6RPMCT74P4JP8THD1T8"",""faultStart"":164},{""playerId"":""01JZ0JT6RPMCT74P4JP8THD1T8"",""faultStart"":237}]",2025-06-30T14:16:09.23468179Z,4,2025-06-30T14:11:56.530037069Z,null,2025-06-30T14:21:20.071135689Z,true,2025-06-30T14:11:56.404556175Z,true,2025-06-30T14:11:56.404556175Z,ended,2025-06-30T14:21:20.098546586Z,"{""networkStruct"":""pooled"",""playerCount"":6}",2025-06-30T14:06:44.347266851Z,"Pooled, Redundancy",2025-06-30T14:06:44.347266851Z
01JZ0PDFG0TZHQMJ413RSFKXP4,5,2025-06-30T15:24:27.486993443Z,6,2025-06-30T15:20:14.19848934Z,01JZ0PDFE8X2A24VZSJDD0T2BH,2025-06-30T15:13:45.472440453Z,true,2025-06-30T15:29:38.603295262Z,end of game,2025-06-30T15:29:38.640958844Z,01JZ0PDFQ78WP2NFBDS6XF47AV,2025-06-30T15:13:45.706671278Z,01JZ0PG9G9W2N0GQG0CKYAA1TT,2025-06-30T15:15:17.647699296Z,"[{""playerId"":""01JZ0PFCW1JTREFZPJ0MEYDK57"",""faultStart"":132},{""playerId"":""01JZ0PFCW1JTREFZPJ0MEYDK57"",""faultStart"":194},{""playerId"":""01JZ0PFD148NQV3M8890VB1Y1E"",""faultStart"":220},{""playerId"":""01JZ0PFD148NQV3M8890VB1Y1E"",""faultStart"":64},{""playerId"":""01JZ0PHFA0CKW8FCX9Q96KR3SV"",""faultStart"":100},{""playerId"":""01JZ0PHFA0CKW8FCX9Q96KR3SV"",""faultStart"":198},{""playerId"":""01JZ0PJ0N9RJK6CWJ28SDNPHWX"",""faultStart"":34},{""playerId"":""01JZ0PJ0N9RJK6CWJ28SDNPHWX"",""faultStart"":183},{""playerId"":""01JZ0PK0DZKRC734RSACJ85GGV"",""faultStart"":80},{""playerId"":""01JZ0PK0DZKRC734RSACJ85GGV"",""faultStart"":233}]",2025-06-30T15:24:27.486993443Z,4,2025-06-30T15:20:14.342355022Z,null,2025-06-30T15:29:38.603295262Z,true,2025-06-30T15:20:14.19848934Z,true,2025-06-30T15:20:14.19848934Z,ended,2025-06-30T15:29:38.640958844Z,"{""networkStruct"":""pooled"",""playerCount"":6}",2025-06-30T15:13:45.472440453Z,"Pooled, Redundancy",2025-06-30T15:13:45.472440453Z
01JZ0S9GBDE95BAEJ35DY3VGC4,1,2025-06-30T16:15:54.658475528Z,6,2025-06-30T16:11:37.433798207Z,01JZ0S9G3E1V9Y4W1M8GV3AGA9,2025-06-30T16:04:01.00590719Z,true,2025-06-30T16:21:06.708566912Z,end of game,2025-06-30T16:21:06.809656191Z,01JZ0S9HRF1PV2AXF33SAD8YKP,2025-06-30T16:04:02.455332706Z,01JZ0SACF9QEDQS4QQM4ZDE62Q,2025-06-30T16:04:29.809670521Z,"[{""playerId"":""01JZ0SEY1R1NKY7QYBNSN52N16"",""faultStart"":168},{""playerId"":""01JZ0SEY1R1NKY7QYBNSN52N16"",""faultStart"":25}]",2025-06-30T16:15:54.658475528Z,4,2025-06-30T16:11:37.717035802Z,null,2025-06-30T16:21:06.708566912Z,true,2025-06-30T16:11:37.433798207Z,true,2025-06-30T16:11:37.433798207Z,ended,2025-06-30T16:21:06.809656191Z,"{""networkStruct"":""reciprocal"",""playerCount"":6}",2025-06-30T16:04:01.00590719Z,"Reciprocal, Redundancy",2025-06-30T16:04:01.00590719Z
01JZ0S9GD9MABT2H3JKQDC0TB1,2,2025-06-30T16:17:06.57682579Z,6,2025-06-30T16:12:43.511748053Z,01JZ0S9G3E1V9Y4W1M8GV3AGA9,2025-06-30T16:04:01.065477619Z,true,2025-06-30T16:22:18.79924036Z,end of game,2025-06-30T16:22:18.871196889Z,01JZ0S9J3T775TNMJ03WGGXGXK,2025-06-30T16:04:02.818403927Z,01JZ0SBWX2KPBQHGZJNSTMRBRB,2025-06-30T16:05:19.410569683Z,"[{""playerId"":""01JZ0SHW478ARJ1EFSDZ00THPE"",""faultStart"":163},{""playerId"":""01JZ0SHW478ARJ1EFSDZ00THPE"",""faultStart"":97},{""playerId"":""01JZ0SPQA7VEEQ0Q5DK9RZENSP"",""faultStart"":128},{""playerId"":""01JZ0SPQA7VEEQ0Q5DK9RZENSP"",""faultStart"":205}]",2025-06-30T16:17:06.57682579Z,4,2025-06-30T16:12:44.947921387Z,null,2025-06-30T16:22:18.79924036Z,true,2025-06-30T16:12:43.511748053Z,true,2025-06-30T16:12:43.511748053Z,ended,2025-06-30T16:22:18.871196889Z,"{""networkStruct"":""reciprocal"",""playerCount"":6}",2025-06-30T16:04:01.065477619Z,"Reciprocal, Redundancy",2025-06-30T16:04:01.065477619Z
01JZ0H1K706F68YJ8PB50DJAH3,4,2025-06-30T13:50:33.171494146Z,6,2025-06-30T13:46:20.68130613Z,01JZ0H1K4AG17CS34Z9G9MQYDS,2025-06-30T13:39:53.184111193Z,true,2025-06-30T13:55:43.928569942Z,end of game,2025-06-30T13:55:43.956121274Z,01JZ0H1KBYQFVH399GWXNXEKQZ,2025-06-30T13:39:53.347310292Z,01JZ0H6M3WGWBBMBFQ5JGQRHFH,2025-06-30T13:42:37.958110811Z,"[{""playerId"":""01JZ0H3PV9DACRQS4WSM89RZB3"",""faultStart"":54},{""playerId"":""01JZ0H3PV9DACRQS4WSM89RZB3"",""faultStart"":159},{""playerId"":""01JZ0H4A5D7C5PF70PNDKFAY5N"",""faultStart"":205},{""playerId"":""01JZ0H4A5D7C5PF70PNDKFAY5N"",""faultStart"":19},{""playerId"":""01JZ0H4Z36PV4JSD83THK2GEDW"",""faultStart"":103},{""playerId"":""01JZ0H4Z36PV4JSD83THK2GEDW"",""faultStart"":233},{""playerId"":""01JZ0H6EEFSCJKZ89CKKRRVF40"",""faultStart"":78},{""playerId"":""01JZ0H6EEFSCJKZ89CKKRRVF40"",""faultStart"":149}]",2025-06-30T13:50:33.171494146Z,4,2025-06-30T13:46:20.775367428Z,null,2025-06-30T13:55:43.928569942Z,true,2025-06-30T13:46:20.68130613Z,true,2025-06-30T13:46:20.68130613Z,ended,2025-06-30T13:55:43.956121274Z,"{""networkStruct"":""pooled"",""playerCount"":6}",2025-06-30T13:39:53.184111193Z,"Pooled, Redundancy",2025-06-30T13:39:53.184111193Z
01JZ0KZHHH6W8J7M02JDFMAQF5,4,2025-06-30T14:41:12.869161495Z,6,2025-06-30T14:36:59.299476154Z,01JZ0KZHFC2GEC175ZSKVHYGR2,2025-06-30T14:31:11.665912925Z,true,2025-06-30T14:46:23.864720244Z,end of game,2025-06-30T14:46:23.949163064Z,01JZ0KZHW4431QG5DGCQEVRZQH,2025-06-30T14:31:12.007260157Z,01JZ0M3QNB764T2921APYRYJG3,2025-06-30T14:33:29.010647001Z,"[{""playerId"":""01JZ0M0EWSF288X4NSN0YC4ARG"",""faultStart"":58},{""playerId"":""01JZ0M0EWSF288X4NSN0YC4ARG"",""faultStart"":128},{""playerId"":""01JZ0M1F3F18ZRH41SFFXNC5Z8"",""faultStart"":199},{""playerId"":""01JZ0M1F3F18ZRH41SFFXNC5Z8"",""faultStart"":132},{""playerId"":""01JZ0M4WQFE6B0V4QHX8A85TS4"",""faultStart"":214},{""playerId"":""01JZ0M4WQFE6B0V4QHX8A85TS4"",""faultStart"":41},{""playerId"":""01JZ0M5STKY126HRQQPVQ7WSVN"",""faultStart"":119},{""playerId"":""01JZ0M5STKY126HRQQPVQ7WSVN"",""faultStart"":18}]",2025-06-30T14:41:12.869161495Z,4,2025-06-30T14:36:59.540401191Z,null,2025-06-30T14:46:23.864720244Z,true,2025-06-30T14:36:59.299476154Z,true,2025-06-30T14:36:59.299476154Z,ended,2025-06-30T14:46:23.949163064Z,"{""networkStruct"":""reciprocal"",""playerCount"":6}",2025-06-30T14:31:11.665912925Z,"Reciprocal, Redundancy",2025-06-30T14:31:11.665912925Z
01JZ0QGE4MQBM7ZJEFVQMWJX02,5,2025-06-30T15:42:26.795107984Z,6,2025-06-30T15:38:12.547086326Z,01JZ0QGE33ZWYV7A3256FYEZA6,2025-06-30T15:32:50.964057537Z,true,2025-06-30T15:47:38.689364522Z,end of game,2025-06-30T15:47:38.766420109Z,01JZ0QGE8DA7X2Z57HTH6B4TD0,2025-06-30T15:32:51.0891573Z,01JZ0QJFJSZNKKZDZ18VANWS00,2025-06-30T15:33:57.986437464Z,"[{""playerId"":""01JZ0PT5KC8Z5R5S27XDY9AR52"",""faultStart"":62},{""playerId"":""01JZ0PT5KC8Z5R5S27XDY9AR52"",""faultStart"":126},{""playerId"":""01JZ0QM38JZ7CRCAE73CP91DA7"",""faultStart"":25},{""playerId"":""01JZ0QM38JZ7CRCAE73CP91DA7"",""faultStart"":167},{""playerId"":""01JZ0QNHS7A9KGEH6HJK27570S"",""faultStart"":7},{""playerId"":""01JZ0QNHS7A9KGEH6HJK27570S"",""faultStart"":101},{""playerId"":""01JZ0QPKRJFVHW9J2EJ9HV7BB0"",""faultStart"":204},{""playerId"":""01JZ0QPKRJFVHW9J2EJ9HV7BB0"",""faultStart"":53},{""playerId"":""01JZ0QPT6048XZAJK53YEVWM2W"",""faultStart"":17},{""playerId"":""01JZ0QPT6048XZAJK53YEVWM2W"",""faultStart"":137}]",2025-06-30T15:42:26.795107984Z,4,2025-06-30T15:38:12.844209337Z,null,2025-06-30T15:47:38.689364522Z,true,2025-06-30T15:38:12.547086326Z,true,2025-06-30T15:38:12.547086326Z,ended,2025-06-30T15:47:38.766420109Z,"{""networkStruct"":""pooled"",""playerCount"":6}",2025-06-30T15:32:50.964057537Z,"Pooled, Redundancy",2025-06-30T15:32:50.964057537Z
01JZ0R44YD4TQ1QQVW9H1W0WBF,6,2025-06-30T15:53:02.843868573Z,6,2025-06-30T15:48:44.681430767Z,01JZ0R44WS56B1WD5354KYAZ6V,2025-06-30T15:43:36.909087577Z,true,2025-06-30T15:58:16.130404963Z,end of game,2025-06-30T15:58:16.498183253Z,01JZ0R454S1NBCJENG8ZFZAMKM,2025-06-30T15:43:37.119100256Z,01JZ0R8Q7584NDD44KMC9FSG24,2025-06-30T15:46:06.703259951Z,"[{""playerId"":""01JZ0R657BB3E0BHJE1YNP9JA7"",""faultStart"":158},{""playerId"":""01JZ0R657BB3E0BHJE1YNP9JA7"",""faultStart"":5},{""playerId"":""01JZ0R6DH2W2W2NRB6MJ1KHHEC"",""faultStart"":1},{""playerId"":""01JZ0R6DH2W2W2NRB6MJ1KHHEC"",""faultStart"":137},{""playerId"":""01JZ0R6J718YBTR7YEHTBTQQK5"",""faultStart"":21},{""playerId"":""01JZ0R6J718YBTR7YEHTBTQQK5"",""faultStart"":176},{""playerId"":""01JZ0R748N2WK8HNRR37DG296Z"",""faultStart"":195},{""playerId"":""01JZ0R748N2WK8HNRR37DG296Z"",""faultStart"":33},{""playerId"":""01JZ0R91FP4EXRX5VVWW5GSE1V"",""faultStart"":113},{""playerId"":""01JZ0R91FP4EXRX5VVWW5GSE1V"",""faultStart"":205},{""playerId"":""01JZ0R9GRQ3PA7HCKR9SBRDB26"",""faultStart"":219},{""playerId"":""01JZ0R9GRQ3PA7HCKR9SBRDB26"",""faultStart"":151}]",2025-06-30T15:53:02.843868573Z,4,2025-06-30T15:48:45.489762876Z,null,2025-06-30T15:58:16.130404963Z,true,2025-06-30T15:48:44.681430767Z,true,2025-06-30T15:48:44.681430767Z,ended,2025-06-30T15:58:16.498183253Z,"{""networkStruct"":""pooled"",""playerCount"":6}",2025-06-30T15:43:36.909087577Z,"Pooled, Redundancy",2025-06-30T15:43:36.909087577Z
01JZ0R450M24K8ZS9F18EDTFG6,5,2025-06-30T15:54:18.770552214Z,6,2025-06-30T15:49:59.97434597Z,01JZ0R44WS56B1WD5354KYAZ6V,2025-06-30T15:43:36.980726561Z,true,2025-06-30T15:59:30.584705536Z,end of game,2025-06-30T15:59:30.641174716Z,01JZ0R46CYS7PM5VSGK97B2MYK,2025-06-30T15:43:38.413614927Z,01JZ0RAS57XH1RVAF93KVJY1RZ,2025-06-30T15:47:14.225754935Z,"[{""playerId"":""01JZ0R79Q3SA31NRXSVYNGK5T9"",""faultStart"":131},{""playerId"":""01JZ0R79Q3SA31NRXSVYNGK5T9"",""faultStart"":217},{""playerId"":""01JZ0R7JRQCNM0P6EPHSR9C03P"",""faultStart"":196},{""playerId"":""01JZ0R7JRQCNM0P6EPHSR9C03P"",""faultStart"":130},{""playerId"":""01JZ0R9CVW07WWQDKP3M8KKGEY"",""faultStart"":64},{""playerId"":""01JZ0R9CVW07WWQDKP3M8KKGEY"",""faultStart"":182},{""playerId"":""01JZ0R9WHEP7DQXPA3V8WPWJ9W"",""faultStart"":60},{""playerId"":""01JZ0R9WHEP7DQXPA3V8WPWJ9W"",""faultStart"":171},{""playerId"":""01JZ0RCXVG1DXMY1P3XSZCR2NJ"",""faultStart"":108},{""playerId"":""01JZ0RCXVG1DXMY1P3XSZCR2NJ"",""faultStart"":2}]",2025-06-30T15:54:18.770552214Z,4,2025-06-30T15:50:00.275686001Z,null,2025-06-30T15:59:30.584705536Z,true,2025-06-30T15:49:59.97434597Z,true,2025-06-30T15:49:59.97434597Z,ended,2025-06-30T15:59:30.641174716Z,"{""networkStruct"":""pooled"",""playerCount"":6}",2025-06-30T15:43:36.980726561Z,"Pooled, Redundancy",2025-06-30T15:43:36.980726561Z
01JZ0F67ZGT4J2NC89JRSKF93F,6,2025-06-30T13:18:03.544531682Z,6,2025-06-30T13:13:51.28864784Z,01JZ0F67X5J6SBR3095JZ2KKHQ,2025-06-30T13:07:28.36809262Z,true,2025-06-30T13:23:14.365995712Z,end of game,2025-06-30T13:23:14.400200131Z,01JZ0F688N9FFN0WGJBBY20WG5,2025-06-30T13:07:28.664834333Z,01JZ0FBW8Q98CAKSW3AJ61S807,2025-06-30T13:10:32.990667211Z,"[{""playerId"":""01JZ0FACXFQT958QDG28MQWC64"",""faultStart"":12},{""playerId"":""01JZ0FACXFQT958QDG28MQWC64"",""faultStart"":90},{""playerId"":""01JZ0FBDHDTMS687HV4CDN8T2G"",""faultStart"":223},{""playerId"":""01JZ0FBDHDTMS687HV4CDN8T2G"",""faultStart"":95},{""playerId"":""01JZ0FC4XRFY88GCABCTE4M9JC"",""faultStart"":24},{""playerId"":""01JZ0FC4XRFY88GCABCTE4M9JC"",""faultStart"":85},{""playerId"":""01JZ0FCJAG0CXVXJTMS0286MXB"",""faultStart"":149},{""playerId"":""01JZ0FCJAG0CXVXJTMS0286MXB"",""faultStart"":27},{""playerId"":""01JZ0FCYY4QGD4A8984C3YPRN7"",""faultStart"":231},{""playerId"":""01JZ0FCYY4QGD4A8984C3YPRN7"",""faultStart"":63},{""playerId"":""01JZ0FHE6P54F9Z4HQF75VYPYW"",""faultStart"":170},{""playerId"":""01JZ0FHE6P54F9Z4HQF75VYPYW"",""faultStart"":31}]",2025-06-30T13:18:03.544531682Z,4,2025-06-30T13:13:51.378674557Z,null,2025-06-30T13:23:14.365995712Z,true,2025-06-30T13:13:51.28864784Z,true,2025-06-30T13:13:51.28864784Z,ended,2025-06-30T13:23:14.400200131Z,"{""networkStruct"":""reciprocal"",""playerCount"":6}",2025-06-30T13:07:28.36809262Z,"Reciprocal, Redundancy",2025-06-30T13:07:28.36809262Z
01JZ0F67ZJJG6P50PFSVWKXYA5,6,2025-06-30T13:17:51.434421593Z,6,2025-06-30T13:13:39.689255991Z,01JZ0F67X5J6SBR3095JZ2KKHQ,2025-06-30T13:07:28.370728227Z,true,2025-06-30T13:23:02.582969146Z,end of game,2025-06-30T13:23:02.612966545Z,01JZ0F68J45V9WFME9WS077QKQ,2025-06-30T13:07:28.96802581Z,01JZ0FCYFJ33AK7BXABV4NWA8Y,2025-06-30T13:11:08.02411021Z,"[{""playerId"":""01JZ0FA7FFS51AB79BBEZA4BBG"",""faultStart"":7},{""playerId"":""01JZ0FA7FFS51AB79BBEZA4BBG"",""faultStart"":230},{""playerId"":""01JZ0FB6X6QBV3E81R532SKN28"",""faultStart"":29},{""playerId"":""01JZ0FB6X6QBV3E81R532SKN28"",""faultStart"":207},{""playerId"":""01JZ0FBBRPZEFPK4TTVDKWZ7HA"",""faultStart"":141},{""playerId"":""01JZ0FBBRPZEFPK4TTVDKWZ7HA"",""faultStart"":202},{""playerId"":""01JZ0FBFAEYK03HBFAMJA6FCQN"",""faultStart"":141},{""playerId"":""01JZ0FBFAEYK03HBFAMJA6FCQN"",""faultStart"":13},{""playerId"":""01JZ0FC4XKNHNZF8W9T4WA3XB0"",""faultStart"":152},{""playerId"":""01JZ0FC4XKNHNZF8W9T4WA3XB0"",""faultStart"":232},{""playerId"":""01JZ0FD9MGR1NQWZH14DZSCF74"",""faultStart"":234},{""playerId"":""01JZ0FD9MGR1NQWZH14DZSCF74"",""faultStart"":14}]",2025-06-30T13:17:51.434421593Z,4,2025-06-30T13:13:39.800797117Z,null,2025-06-30T13:23:02.582969146Z,true,2025-06-30T13:13:39.689255991Z,true,2025-06-30T13:13:39.689255991Z,ended,2025-06-30T13:23:02.612966545Z,"{""networkStruct"":""reciprocal"",""playerCount"":6}",2025-06-30T13:07:28.370728227Z,"Reciprocal, Redundancy",2025-06-30T13:07:28.370728227Z
01JZ0N9PPX2EBNCBEJCH5EHX43,4,2025-06-30T15:05:48.218702598Z,6,2025-06-30T15:01:35.061687013Z,01JZ0N9PMZHSN31DAQRPMDQCYE,2025-06-30T14:54:13.213590136Z,true,2025-06-30T15:10:59.075267429Z,end of game,2025-06-30T15:10:59.109388648Z,01JZ0N9PVQTXVF2YKZM8TR7WBT,2025-06-30T14:54:13.375661948Z,01JZ0NFF4TJAPF866Y98B9Y684,2025-06-30T14:57:22.083722305Z,"[{""playerId"":""01JZ0NCH65T5YAFMH2EDFYXMCM"",""faultStart"":56},{""playerId"":""01JZ0NCH65T5YAFMH2EDFYXMCM"",""faultStart"":141},{""playerId"":""01JZ0NEK75CC9CPVP2CHZ4QJ84"",""faultStart"":37},{""playerId"":""01JZ0NEK75CC9CPVP2CHZ4QJ84"",""faultStart"":120},{""playerId"":""01JZ0NG12FZE181X2TCG6QQA6Y"",""faultStart"":189},{""playerId"":""01JZ0NG12FZE181X2TCG6QQA6Y"",""faultStart"":6},{""playerId"":""01JZ0NG35H1QSCVTSKBX9JBBRR"",""faultStart"":68},{""playerId"":""01JZ0NG35H1QSCVTSKBX9JBBRR"",""faultStart"":163}]",2025-06-30T15:05:48.218702598Z,4,2025-06-30T15:01:35.180269655Z,null,2025-06-30T15:10:59.075267429Z,true,2025-06-30T15:01:35.061687013Z,true,2025-06-30T15:01:35.061687013Z,ended,2025-06-30T15:10:59.109388648Z,"{""networkStruct"":""pooled"",""playerCount"":6}",2025-06-30T14:54:13.213590136Z,"Pooled, Redundancy",2025-06-30T14:54:13.213590136Z
01JZ0Q0CX32Y5M8NZMVY0C598C,5,2025-06-30T15:35:30.551359784Z,6,2025-06-30T15:31:16.971324521Z,01JZ0Q0CTMMAVY329HW6Z84SYY,2025-06-30T15:24:05.411786835Z,true,2025-06-30T15:40:41.771382021Z,end of game,2025-06-30T15:40:41.834218416Z,01JZ0Q0D409JJ917769SKPGQC3,2025-06-30T15:24:05.639846359Z,01JZ0Q63QR6GJTP2BBTM413PDR,2025-06-30T15:27:12.643495959Z,"[{""playerId"":""01JZ0Q1XK4W03P06KT3W3H02FD"",""faultStart"":188},{""playerId"":""01JZ0Q1XK4W03P06KT3W3H02FD"",""faultStart"":109},{""playerId"":""01JZ0Q37ZE5E8WW1TTY1J69H1X"",""faultStart"":135},{""playerId"":""01JZ0Q37ZE5E8WW1TTY1J69H1X"",""faultStart"":3},{""playerId"":""01JZ0Q9VF2E3396PSDD6F3ESVG"",""faultStart"":223},{""playerId"":""01JZ0Q9VF2E3396PSDD6F3ESVG"",""faultStart"":118},{""playerId"":""01JZ0QAC7E48R8DA1R24NC5BN7"",""faultStart"":177},{""playerId"":""01JZ0QAC7E48R8DA1R24NC5BN7"",""faultStart"":30},{""playerId"":""01JZ0QBZWYQ3QPQ15CPJ83RQEA"",""faultStart"":15},{""playerId"":""01JZ0QBZWYQ3QPQ15CPJ83RQEA"",""faultStart"":183}]",2025-06-30T15:35:30.551359784Z,4,2025-06-30T15:31:17.160544574Z,null,2025-06-30T15:40:41.771382021Z,true,2025-06-30T15:31:16.971324521Z,true,2025-06-30T15:31:16.971324521Z,ended,2025-06-30T15:40:41.834218416Z,"{""networkStruct"":""reciprocal"",""playerCount"":6}",2025-06-30T15:24:05.411786835Z,"Reciprocal, Redundancy",2025-06-30T15:24:05.411786835Z
01JZ0T59780CP4Z1F2CEHFDNAC,5,2025-06-30T16:29:50.283392071Z,6,2025-06-30T16:25:31.900916872Z,01JZ0T594M7DT83RJMYEJDT186,2025-06-30T16:19:11.208453834Z,true,2025-06-30T16:35:03.221511451Z,end of game,2025-06-30T16:35:03.408665471Z,01JZ0T59EA9ZCHM6RRKRVQ3A0Z,2025-06-30T16:19:11.438711868Z,01JZ0T99BDJ1FDPJ8B9AF7YSA0,2025-06-30T16:21:22.421829765Z,"[{""playerId"":""01JZ0T6HG4Z9MM9B64YAZ61PAA"",""faultStart"":159},{""playerId"":""01JZ0T6HG4Z9MM9B64YAZ61PAA"",""faultStart"":224},{""playerId"":""01JZ0T8PDXGTH6126KNQYQ7G1B"",""faultStart"":20},{""playerId"":""01JZ0T8PDXGTH6126KNQYQ7G1B"",""faultStart"":195},{""playerId"":""01JZ0T99WGNY3W44R5KQDMRP3G"",""faultStart"":195},{""playerId"":""01JZ0T99WGNY3W44R5KQDMRP3G"",""faultStart"":88},{""playerId"":""01JZ0TAG5YB2XS2SXDFRSMNV8G"",""faultStart"":187},{""playerId"":""01JZ0TAG5YB2XS2SXDFRSMNV8G"",""faultStart"":34},{""playerId"":""01JZ0TBCS394KHK4DX6H1Y21KG"",""faultStart"":125},{""playerId"":""01JZ0TBCS394KHK4DX6H1Y21KG"",""faultStart"":2}]",2025-06-30T16:29:50.283392071Z,4,2025-06-30T16:25:32.363998543Z,null,2025-06-30T16:35:03.221511451Z,true,2025-06-30T16:25:31.900916872Z,true,2025-06-30T16:25:31.900916872Z,ended,2025-06-30T16:35:03.408665471Z,"{""networkStruct"":""reciprocal"",""playerCount"":6}",2025-06-30T16:19:11.208453834Z,"Reciprocal, Redundancy",2025-06-30T16:19:11.208453834Z
01JZ0JJRKH7XD764W2MEEG7PFH,6,2025-06-30T14:17:51.053738955Z,6,2025-06-30T14:13:38.583494824Z,01JZ0JJRG62BDVPN4H0KJ2XPWK,2025-06-30T14:06:44.337952867Z,true,2025-06-30T14:23:02.166378163Z,end of game,2025-06-30T14:23:02.232742667Z,01JZ0JJRTB67TRWFY3B4CC188H,2025-06-30T14:06:44.562327554Z,01JZ0JPZ127VDFS3ESW253E7KR,2025-06-30T14:09:02.007334214Z,"[{""playerId"":""01JZ0JNPB8GHT0X464XPMVEBH9"",""faultStart"":40},{""playerId"":""01JZ0JNPB8GHT0X464XPMVEBH9"",""faultStart"":169},{""playerId"":""01JZ0JQ6ANMHGHRRYJ704S1ZBR"",""faultStart"":131},{""playerId"":""01JZ0JQ6ANMHGHRRYJ704S1ZBR"",""faultStart"":7},{""playerId"":""01JZ0JQCKEA261XTRR4HTBQ2S1"",""faultStart"":72},{""playerId"":""01JZ0JQCKEA261XTRR4HTBQ2S1"",""faultStart"":135},{""playerId"":""01JZ0JR8TNC3BX4SGFJ6K8AMXM"",""faultStart"":58},{""playerId"":""01JZ0JR8TNC3BX4SGFJ6K8AMXM"",""faultStart"":205},{""playerId"":""01JZ0JRQKJWMM7DD21YR6CR4TA"",""faultStart"":145},{""playerId"":""01JZ0JRQKJWMM7DD21YR6CR4TA"",""faultStart"":229},{""playerId"":""01JZ0JVNB15V13M0SKK8XKHN5V"",""faultStart"":122},{""playerId"":""01JZ0JVNB15V13M0SKK8XKHN5V"",""faultStart"":55}]",2025-06-30T14:17:51.053738955Z,4,2025-06-30T14:13:38.679169723Z,null,2025-06-30T14:23:02.166378163Z,true,2025-06-30T14:13:38.583494824Z,true,2025-06-30T14:13:38.583494824Z,ended,2025-06-30T14:23:02.232742667Z,"{""networkStruct"":""pooled"",""playerCount"":6}",2025-06-30T14:06:44.337952867Z,"Pooled, Redundancy",2025-06-30T14:06:44.337952867Z
01JZ0KZHGK1V8ZC0AXDBXBYAX9,6,2025-06-30T14:40:29.145965529Z,6,2025-06-30T14:36:16.377500407Z,01JZ0KZHFC2GEC175ZSKVHYGR2,2025-06-30T14:31:11.635948456Z,true,2025-06-30T14:45:39.917605522Z,end of game,2025-06-30T14:45:39.967857251Z,01JZ0KZHKVYNZ78FNHGBT50SBD,2025-06-30T14:31:11.746218871Z,01JZ0M475T9N7YJ6YB6MW3DNP0,2025-06-30T14:33:44.902520693Z,"[{""playerId"":""01JZ0M1CDMV1DW6G5GC0CGAP7Z"",""faultStart"":60},{""playerId"":""01JZ0M1CDMV1DW6G5GC0CGAP7Z"",""faultStart"":195},{""playerId"":""01JZ0M1ME27Y1N3FYW0PRRTSM1"",""faultStart"":237},{""playerId"":""01JZ0M1ME27Y1N3FYW0PRRTSM1"",""faultStart"":137},{""playerId"":""01JZ0M27NCTFHR6EHR14Y9BMJS"",""faultStart"":88},{""playerId"":""01JZ0M27NCTFHR6EHR14Y9BMJS"",""faultStart"":158},{""playerId"":""01JZ0M2WM0HPMZRZ9HANZSA6QH"",""faultStart"":79},{""playerId"":""01JZ0M2WM0HPMZRZ9HANZSA6QH"",""faultStart"":226},{""playerId"":""01JZ0M3MNV9G8QBABMQR9NRFSY"",""faultStart"":96},{""playerId"":""01JZ0M3MNV9G8QBABMQR9NRFSY"",""faultStart"":237},{""playerId"":""01JZ0M54SWH9FMND8G8ZRJ8E3A"",""faultStart"":145},{""playerId"":""01JZ0M54SWH9FMND8G8ZRJ8E3A"",""faultStart"":65}]",2025-06-30T14:40:29.145965529Z,4,2025-06-30T14:36:16.486205928Z,null,2025-06-30T14:45:39.917605522Z,true,2025-06-30T14:36:16.377500407Z,true,2025-06-30T14:36:16.377500407Z,ended,2025-06-30T14:45:39.967857251Z,"{""networkStruct"":""reciprocal"",""playerCount"":6}",2025-06-30T14:31:11.635948456Z,"Reciprocal, Redundancy",2025-06-30T14:31:11.635948456Z
01JZ0F67ZBCBNFH7W25EXNBXDS,6,2025-06-30T13:19:39.921951137Z,6,2025-06-30T13:15:26.034318046Z,01JZ0F67X5J6SBR3095JZ2KKHQ,2025-06-30T13:07:28.363644641Z,true,2025-06-30T13:24:51.327370805Z,end of game,2025-06-30T13:24:51.392579834Z,01JZ0F684J728KAVCJKJ9SKPP4,2025-06-30T13:07:28.534768531Z,01JZ0FEDPZCQ235R4YK3VBQNP0,2025-06-30T13:11:56.390410986Z,"[{""playerId"":""01JZ0FBD0TN42Y2KGV31RR9FES"",""faultStart"":80},{""playerId"":""01JZ0FBD0TN42Y2KGV31RR9FES"",""faultStart"":177},{""playerId"":""01JZ0FBJYV0GPQR4A1052RSJR7"",""faultStart"":188},{""playerId"":""01JZ0FBJYV0GPQR4A1052RSJR7"",""faultStart"":58},{""playerId"":""01JZ0FBTADG31H10PAMS1NCN0Q"",""faultStart"":223},{""playerId"":""01JZ0FBTADG31H10PAMS1NCN0Q"",""faultStart"":17},{""playerId"":""01JZ0FCN8BDH6X8PVE3VG95N20"",""faultStart"":132},{""playerId"":""01JZ0FCN8BDH6X8PVE3VG95N20"",""faultStart"":58},{""playerId"":""01JZ0FCSDW0BM8JYA02TAKKS7F"",""faultStart"":219},{""playerId"":""01JZ0FCSDW0BM8JYA02TAKKS7F"",""faultStart"":24},{""playerId"":""01JZ0FDJ7PWA5XP2271CRJKXBG"",""faultStart"":76},{""playerId"":""01JZ0FDJ7PWA5XP2271CRJKXBG"",""faultStart"":216}]",2025-06-30T13:19:39.921951137Z,4,2025-06-30T13:15:26.12214859Z,null,2025-06-30T13:24:51.327370805Z,true,2025-06-30T13:15:26.034318046Z,true,2025-06-30T13:15:26.034318046Z,ended,2025-06-30T13:24:51.392579834Z,"{""networkStruct"":""reciprocal"",""playerCount"":6}",2025-06-30T13:07:28.363644641Z,"Reciprocal, Redundancy",2025-06-30T13:07:28.363644641Z
01JZ0KZHGXZ28TMC40NC90GVYX,5,2025-06-30T14:41:03.221190181Z,6,2025-06-30T14:36:50.767871907Z,01JZ0KZHFC2GEC175ZSKVHYGR2,2025-06-30T14:31:11.64590492Z,true,2025-06-30T14:46:14.086288053Z,end of game,2025-06-30T14:46:14.123254358Z,01JZ0KZHPAR4PCKDQT0GTYZAAS,2025-06-30T14:31:11.821506165Z,01JZ0M5D1KZR0Q0MFS84E3QJR7,2025-06-30T14:34:23.674022065Z,"[{""playerId"":""01JZ0M0Y3WZXVFN2PP6BJX9R12"",""faultStart"":146},{""playerId"":""01JZ0M0Y3WZXVFN2PP6BJX9R12"",""faultStart"":8},{""playerId"":""01JZ0M3P9VKZ1RS5GDCN0TA36R"",""faultStart"":229},{""playerId"":""01JZ0M3P9VKZ1RS5GDCN0TA36R"",""faultStart"":48},{""playerId"":""01JZ0M51W4TR1XT98HK5JRZZMZ"",""faultStart"":235},{""playerId"":""01JZ0M51W4TR1XT98HK5JRZZMZ"",""faultStart"":7},{""playerId"":""01JZ0M5HKJHP80W8A523JYGPBB"",""faultStart"":197},{""playerId"":""01JZ0M5HKJHP80W8A523JYGPBB"",""faultStart"":40},{""playerId"":""01JZ0M5MW3G4T4PP7E53EJSCT4"",""faultStart"":125},{""playerId"":""01JZ0M5MW3G4T4PP7E53EJSCT4"",""faultStart"":21}]",2025-06-30T14:41:03.221190181Z,4,2025-06-30T14:36:50.896305903Z,null,2025-06-30T14:46:14.086288053Z,true,2025-06-30T14:36:50.767871907Z,true,2025-06-30T14:36:50.767871907Z,ended,2025-06-30T14:46:14.123254358Z,"{""networkStruct"":""reciprocal"",""playerCount"":6}",2025-06-30T14:31:11.64590492Z,"Reciprocal, Redundancy",2025-06-30T14:31:11.64590492Z
01JZ0Q0CWNKJYDS4SW61Q7VTQN,5,2025-06-30T15:32:29.96569497Z,6,2025-06-30T15:28:15.127170008Z,01JZ0Q0CTMMAVY329HW6Z84SYY,2025-06-30T15:24:05.397067118Z,true,2025-06-30T15:37:41.584845444Z,end of game,2025-06-30T15:37:41.632540707Z,01JZ0Q0D0SAY76BPGTK9V5HMYR,2025-06-30T15:24:05.532677557Z,01JZ0Q3SVPVC54NS7BYX3WKN9N,2025-06-30T15:25:56.992424881Z,"[{""playerId"":""01JZ0Q1P5DS31PBEBVW5ZRAMYJ"",""faultStart"":18},{""playerId"":""01JZ0Q1P5DS31PBEBVW5ZRAMYJ"",""faultStart"":193},{""playerId"":""01JZ0Q2NRNYEBA48SPCNZAV9X5"",""faultStart"":152},{""playerId"":""01JZ0Q2NRNYEBA48SPCNZAV9X5"",""faultStart"":227},{""playerId"":""01JZ0Q34G646SES1NVXEJX3VR4"",""faultStart"":220},{""playerId"":""01JZ0Q34G646SES1NVXEJX3VR4"",""faultStart"":139},{""playerId"":""01JZ0Q3X4Y9GSG0Q4TV0TG6S7T"",""faultStart"":30},{""playerId"":""01JZ0Q3X4Y9GSG0Q4TV0TG6S7T"",""faultStart"":227},{""playerId"":""01JZ0Q7SXAVHT2K7AH34K6E1SX"",""faultStart"":45},{""playerId"":""01JZ0Q7SXAVHT2K7AH34K6E1SX"",""faultStart"":188}]",2025-06-30T15:32:29.96569497Z,4,2025-06-30T15:28:15.289405726Z,null,2025-06-30T15:37:41.584845444Z,true,2025-06-30T15:28:15.127170008Z,true,2025-06-30T15:28:15.127170008Z,ended,2025-06-30T15:37:41.632540707Z,"{""networkStruct"":""reciprocal"",""playerCount"":6}",2025-06-30T15:24:05.397067118Z,"Reciprocal, Redundancy",2025-06-30T15:24:05.397067118Z
01JZ0S9G9GQDAYDBEESMGH4RA5,3,2025-06-30T16:15:42.114269263Z,6,2025-06-30T16:11:26.228876096Z,01JZ0S9G3E1V9Y4W1M8GV3AGA9,2025-06-30T16:04:00.944411869Z,true,2025-06-30T16:20:54.341695744Z,end of game,2025-06-30T16:20:54.516580893Z,01JZ0S9HHFPWBNW3T5YNR75XHS,2025-06-30T16:04:02.230135345Z,01JZ0SBHP541SB467T6GE28RKP,2025-06-30T16:05:07.919701605Z,"[{""playerId"":""01JZ0SF9Q56965BA9MXGSMHAND"",""faultStart"":9},{""playerId"":""01JZ0SF9Q56965BA9MXGSMHAND"",""faultStart"":182},{""playerId"":""01JZ0SH3DAYG35GGGDBNE9NJFV"",""faultStart"":99},{""playerId"":""01JZ0SH3DAYG35GGGDBNE9NJFV"",""faultStart"":27},{""playerId"":""01JZ0SK9JXYJAB5JG2TDNVPFF3"",""faultStart"":161},{""playerId"":""01JZ0SK9JXYJAB5JG2TDNVPFF3"",""faultStart"":231}]",2025-06-30T16:15:42.114269263Z,4,2025-06-30T16:11:26.543339279Z,null,2025-06-30T16:20:54.341695744Z,true,2025-06-30T16:11:26.228876096Z,true,2025-06-30T16:11:26.228876096Z,ended,2025-06-30T16:20:54.516580893Z,"{""networkStruct"":""pooled"",""playerCount"":6}",2025-06-30T16:04:00.944411869Z,"Pooled, Redundancy",2025-06-30T16:04:00.944411869Z
01JZ0F67ZC5C7QZPK5TEQ23RT2,5,2025-06-30T13:22:19.487960231Z,6,2025-06-30T13:18:06.340251441Z,01JZ0F67X5J6SBR3095JZ2KKHQ,2025-06-30T13:07:28.364250566Z,true,2025-06-30T13:27:30.593924767Z,end of game,2025-06-30T13:27:30.633757394Z,01JZ0F68623976ZHP3WT9QNDYE,2025-06-30T13:07:28.582017665Z,01JZ0FEE8TX79JSQEBJZ7FC1GR,2025-06-30T13:11:56.961582516Z,"[{""playerId"":""01JZ0FBW1M5PKMMEKBNN3362X7"",""faultStart"":30},{""playerId"":""01JZ0FBW1M5PKMMEKBNN3362X7"",""faultStart"":116},{""playerId"":""01JZ0FCP4GJ67JPW5DR3EM87QX"",""faultStart"":101},{""playerId"":""01JZ0FCP4GJ67JPW5DR3EM87QX"",""faultStart"":204},{""playerId"":""01JZ0FGZ3TEBS93H4SFF5B7S2S"",""faultStart"":65},{""playerId"":""01JZ0FGZ3TEBS93H4SFF5B7S2S"",""faultStart"":153},{""playerId"":""01JZ0FHGYRW8Y6ZSR162NPMQGD"",""faultStart"":149},{""playerId"":""01JZ0FHGYRW8Y6ZSR162NPMQGD"",""faultStart"":59},{""playerId"":""01JZ0FM0QB6FQ3X7MJHB3GA7A4"",""faultStart"":21},{""playerId"":""01JZ0FM0QB6FQ3X7MJHB3GA7A4"",""faultStart"":223}]",2025-06-30T13:22:19.487960231Z,4,2025-06-30T13:18:06.466418236Z,null,2025-06-30T13:27:30.593924767Z,true,2025-06-30T13:18:06.340251441Z,true,2025-06-30T13:18:06.340251441Z,ended,2025-06-30T13:27:30.633757394Z,"{""networkStruct"":""reciprocal"",""playerCount"":6}",2025-06-30T13:07:28.364250566Z,"Reciprocal, Redundancy",2025-06-30T13:07:28.364250566Z
01JZ0N9PQHD06TCBXAQZTT3H76,5,2025-06-30T15:03:58.066881922Z,6,2025-06-30T14:59:44.244692336Z,01JZ0N9PMZHSN31DAQRPMDQCYE,2025-06-30T14:54:13.234035029Z,true,2025-06-30T15:09:09.361072049Z,end of game,2025-06-30T15:09:09.447460803Z,01JZ0N9Q06H2YDYHPSSSTBP3MB,2025-06-30T14:54:13.527305772Z,01JZ0NEVT62S2YZJSXB2GFM988,2025-06-30T14:57:02.297436925Z,"[{""playerId"":""01JZ0NDAQP6PMG8NAJBA9WP4GZ"",""faultStart"":89},{""playerId"":""01JZ0NDAQP6PMG8NAJBA9WP4GZ"",""faultStart"":197},{""playerId"":""01JZ0NEB3JG770E2MJXKGV4SYP"",""faultStart"":233},{""playerId"":""01JZ0NEB3JG770E2MJXKGV4SYP"",""faultStart"":162},{""playerId"":""01JZ0NG88M5Q25NCB0XJJ5X4TH"",""faultStart"":149},{""playerId"":""01JZ0NG88M5Q25NCB0XJJ5X4TH"",""faultStart"":217},{""playerId"":""01JZ0NGFD8Q625CBVC4SGN58J1"",""faultStart"":111},{""playerId"":""01JZ0NGFD8Q625CBVC4SGN58J1"",""faultStart"":207},{""playerId"":""01JZ0NGNCA21NZZE8PJPN10BTS"",""faultStart"":65},{""playerId"":""01JZ0NGNCA21NZZE8PJPN10BTS"",""faultStart"":134}]",2025-06-30T15:03:58.066881922Z,4,2025-06-30T14:59:44.416265815Z,null,2025-06-30T15:09:09.361072049Z,true,2025-06-30T14:59:44.244692336Z,true,2025-06-30T14:59:44.244692336Z,ended,2025-06-30T15:09:09.447460803Z,"{""networkStruct"":""pooled"",""playerCount"":6}",2025-06-30T14:54:13.234035029Z,"Pooled, Redundancy",2025-06-30T14:54:13.234035029Z
01JZ0F67ZEPC67VW242P0YYZAA,5,2025-06-30T13:16:27.497617472Z,6,2025-06-30T13:12:16.249586007Z,01JZ0F67X5J6SBR3095JZ2KKHQ,2025-06-30T13:07:28.366980512Z,true,2025-06-30T13:21:38.049246211Z,end of game,2025-06-30T13:21:38.085423087Z,01JZ0F68702ZH4XVFW2BCZ78W3,2025-06-30T13:07:28.612599634Z,01JZ0FBXJW8JKJPP5G0DNY1WZY,2025-06-30T13:10:34.338617437Z,"[{""playerId"":""01JZ0F92D7BTC36M9SAY11MMN5"",""faultStart"":129},{""playerId"":""01JZ0F92D7BTC36M9SAY11MMN5"",""faultStart"":212},{""playerId"":""01JZ0FADP9EKGDX636W54K492Z"",""faultStart"":197},{""playerId"":""01JZ0FADP9EKGDX636W54K492Z"",""faultStart"":51},{""playerId"":""01JZ0FB4C7Y78SJ4DA45DQ131P"",""faultStart"":226},{""playerId"":""01JZ0FB4C7Y78SJ4DA45DQ131P"",""faultStart"":166},{""playerId"":""01JZ0FB5NM2PBQFGSVXVEDAQ5Y"",""faultStart"":211},{""playerId"":""01JZ0FB5NM2PBQFGSVXVEDAQ5Y"",""faultStart"":17},{""playerId"":""01JZ0FBBZEB4A1064AHQHB0AGD"",""faultStart"":181},{""playerId"":""01JZ0FBBZEB4A1064AHQHB0AGD"",""faultStart"":95}]",2025-06-30T13:16:27.497617472Z,4,2025-06-30T13:12:16.293060103Z,null,2025-06-30T13:21:38.049246211Z,true,2025-06-30T13:12:16.249586007Z,true,2025-06-30T13:12:16.249586007Z,ended,2025-06-30T13:21:38.085423087Z,"{""networkStruct"":""reciprocal"",""playerCount"":6}",2025-06-30T13:07:28.366980512Z,"Reciprocal, Redundancy",2025-06-30T13:07:28.366980512Z
01JZ0H1K7HVYD71R3W6V80C6V1,5,2025-06-30T13:49:09.363311068Z,6,2025-06-30T13:44:56.781717755Z,01JZ0H1K4AG17CS34Z9G9MQYDS,2025-06-30T13:39:53.201354663Z,true,2025-06-30T13:54:20.088091491Z,end of game,2025-06-30T13:54:20.126062259Z,01JZ0H1KQ37HP8HN686MXGPD23,2025-06-30T13:39:53.703557125Z,01JZ0H716R0EA0NC40V77A9YD9,2025-06-30T13:42:51.358599924Z,"[{""playerId"":""01JZ0H3YKDCKC58R863JCARE6G"",""faultStart"":200},{""playerId"":""01JZ0H3YKDCKC58R863JCARE6G"",""faultStart"":104},{""playerId"":""01JZ0H4B1KEAXWACXAC16EVPKA"",""faultStart"":202},{""playerId"":""01JZ0H4B1KEAXWACXAC16EVPKA"",""faultStart"":78},{""playerId"":""01JZ0H5AXYRKCCAM24KW8RVMWP"",""faultStart"":100},{""playerId"":""01JZ0H5AXYRKCCAM24KW8RVMWP"",""faultStart"":229},{""playerId"":""01JZ0H5PHBAB5MFCHKQNJGE7KV"",""faultStart"":80},{""playerId"":""01JZ0H5PHBAB5MFCHKQNJGE7KV"",""faultStart"":191},{""playerId"":""01JZ0H83RPH6CM1BGEWBZ1V4QM"",""faultStart"":131},{""playerId"":""01JZ0H83RPH6CM1BGEWBZ1V4QM"",""faultStart"":206}]",2025-06-30T13:49:09.363311068Z,4,2025-06-30T13:44:56.874053753Z,null,2025-06-30T13:54:20.088091491Z,true,2025-06-30T13:44:56.781717755Z,true,2025-06-30T13:44:56.781717755Z,ended,2025-06-30T13:54:20.126062259Z,"{""networkStruct"":""pooled"",""playerCount"":6}",2025-06-30T13:39:53.201354663Z,"Pooled, Redundancy",2025-06-30T13:39:53.201354663Z
01JZ0R44ZYB02HBRR2X1W771BR,4,2025-06-30T15:54:52.649798934Z,6,2025-06-30T15:50:36.655411681Z,01JZ0R44WS56B1WD5354KYAZ6V,2025-06-30T15:43:36.958864599Z,true,2025-06-30T16:00:05.069882266Z,end of game,2025-06-30T16:00:05.342065294Z,01JZ0R45XJ1PC2XZ9BATXYZ68A,2025-06-30T15:43:37.915052712Z,01JZ0R7RGEGS0PKGAF5HBXQKBT,2025-06-30T15:45:35.257969154Z,"[{""playerId"":""01JZ0R6453JERWFMFDN54N72WF"",""faultStart"":24},{""playerId"":""01JZ0R6453JERWFMFDN54N72WF"",""faultStart"":218},{""playerId"":""01JZ0R650HM6CA46MBYW3JYRJ9"",""faultStart"":52},{""playerId"":""01JZ0R650HM6CA46MBYW3JYRJ9"",""faultStart"":236},{""playerId"":""01JZ0R6RGZPWYJYV8EDFTMJXPD"",""faultStart"":133},{""playerId"":""01JZ0R6RGZPWYJYV8EDFTMJXPD"",""faultStart"":54},{""playerId"":""01JZ0R73B6ZBY0XV8TDKBRTHN0"",""faultStart"":201},{""playerId"":""01JZ0R73B6ZBY0XV8TDKBRTHN0"",""faultStart"":136}]",2025-06-30T15:54:52.649798934Z,4,2025-06-30T15:50:36.987529931Z,null,2025-06-30T16:00:05.069882266Z,true,2025-06-30T15:50:36.655411681Z,true,2025-06-30T15:50:36.655411681Z,ended,2025-06-30T16:00:05.342065294Z,"{""networkStruct"":""reciprocal"",""playerCount"":6}",2025-06-30T15:43:36.958864599Z,"Reciprocal, Redundancy",2025-06-30T15:43:36.958864599Z
01JZ0F67Z49S75BR56TBMFCZ55,6,2025-06-30T13:21:15.589195834Z,6,2025-06-30T13:17:02.624332915Z,01JZ0F67X5J6SBR3095JZ2KKHQ,2025-06-30T13:07:28.356344813Z,true,2025-06-30T13:26:26.653896269Z,end of game,2025-06-30T13:26:26.699879027Z,01JZ0F6823QHYA028XBX69TKY3,2025-06-30T13:07:28.454194133Z,01JZ0FDAT7VXEQQS4HXHQCP83T,2025-06-30T13:11:20.652465678Z,"[{""playerId"":""01JZ0FBFBJW6M9QE503VEPS9CV"",""faultStart"":215},{""playerId"":""01JZ0FBFBJW6M9QE503VEPS9CV"",""faultStart"":2},{""playerId"":""01JZ0FBHX2TJBWPC22SZF26RQD"",""faultStart"":48},{""playerId"":""01JZ0FBHX2TJBWPC22SZF26RQD"",""faultStart"":138},{""playerId"":""01JZ0FBTZN02PXBW67S86C0YTF"",""faultStart"":211},{""playerId"":""01JZ0FBTZN02PXBW67S86C0YTF"",""faultStart"":55},{""playerId"":""01JZ0FFGTFMV7PJRGYB0RPYNEQ"",""faultStart"":92},{""playerId"":""01JZ0FFGTFMV7PJRGYB0RPYNEQ"",""faultStart"":213},{""playerId"":""01JZ0FFQFYN84KEVXA2V476V6H"",""faultStart"":62},{""playerId"":""01JZ0FFQFYN84KEVXA2V476V6H"",""faultStart"":131},{""playerId"":""01JZ0FHBKFFN0MM6M7GQW56AYM"",""faultStart"":2},{""playerId"":""01JZ0FHBKFFN0MM6M7GQW56AYM"",""faultStart"":93}]",2025-06-30T13:21:15.589195834Z,4,2025-06-30T13:17:02.726989193Z,null,2025-06-30T13:26:26.653896269Z,true,2025-06-30T13:17:02.624332915Z,true,2025-06-30T13:17:02.624332915Z,ended,2025-06-30T13:26:26.699879027Z,"{""networkStruct"":""pooled"",""playerCount"":6}",2025-06-30T13:07:28.356344813Z,"Pooled, Redundancy",2025-06-30T13:07:28.356344813Z
01JZ0F67Z61XNM528ZD36RPYGY,6,2025-06-30T13:17:50.615126964Z,6,2025-06-30T13:13:38.913432128Z,01JZ0F67X5J6SBR3095JZ2KKHQ,2025-06-30T13:07:28.358866654Z,true,2025-06-30T13:23:01.565262114Z,end of game,2025-06-30T13:23:01.600608926Z,01JZ0F68F7VPFXB3FSV0Z3X76X,2025-06-30T13:07:28.874931471Z,01JZ0FDYA5JZWW8SPNCJ079DE4,2025-06-30T13:11:40.623182425Z,"[{""playerId"":""01JZ0FB172KNS8VTXE4YCY4S30"",""faultStart"":12},{""playerId"":""01JZ0FB172KNS8VTXE4YCY4S30"",""faultStart"":107},{""playerId"":""01JZ0FB2Y3WR2G1EJJBJKTTDHJ"",""faultStart"":89},{""playerId"":""01JZ0FB2Y3WR2G1EJJBJKTTDHJ"",""faultStart"":238},{""playerId"":""01JZ0FBEYY00A3WRMWXSKTBJNC"",""faultStart"":132},{""playerId"":""01JZ0FBEYY00A3WRMWXSKTBJNC"",""faultStart"":64},{""playerId"":""01JZ0FBNEQDTRNKJSVXK2XHXY0"",""faultStart"":68},{""playerId"":""01JZ0FBNEQDTRNKJSVXK2XHXY0"",""faultStart"":227},{""playerId"":""01JZ0FCDGSPH1H2BZZPN1QS63M"",""faultStart"":238},{""playerId"":""01JZ0FCDGSPH1H2BZZPN1QS63M"",""faultStart"":35},{""playerId"":""01JZ0FH3F6YRBD215BZDRB0NFG"",""faultStart"":221},{""playerId"":""01JZ0FH3F6YRBD215BZDRB0NFG"",""faultStart"":78}]",2025-06-30T13:17:50.615126964Z,4,2025-06-30T13:13:39.010172877Z,null,2025-06-30T13:23:01.565262114Z,true,2025-06-30T13:13:38.913432128Z,true,2025-06-30T13:13:38.913432128Z,ended,2025-06-30T13:23:01.600608926Z,"{""networkStruct"":""pooled"",""playerCount"":6}",2025-06-30T13:07:28.358866654Z,"Pooled, Redundancy",2025-06-30T13:07:28.358866654Z
01JZ0F67ZNGQ7M2D3G364WEKWP,6,2025-06-30T13:20:33.951052698Z,6,2025-06-30T13:16:21.007707445Z,01JZ0F67X5J6SBR3095JZ2KKHQ,2025-06-30T13:07:28.373299654Z,true,2025-06-30T13:25:44.776357416Z,end of game,2025-06-30T13:25:44.845418377Z,01JZ0F68P2498F15JAZMSC4BM9,2025-06-30T13:07:29.093163932Z,01JZ0FGSGZ7QC2V5X9THK259MG,2025-06-30T13:13:14.031225118Z,"[{""playerId"":""01JZ0FBEPD11FSJRWKH4M5M5EZ"",""faultStart"":35},{""playerId"":""01JZ0FBEPD11FSJRWKH4M5M5EZ"",""faultStart"":218},{""playerId"":""01JZ0FCNHTSC7G0FEF4YCP958P"",""faultStart"":9},{""playerId"":""01JZ0FCNHTSC7G0FEF4YCP958P"",""faultStart"":224},{""playerId"":""01JZ0FCYEY48D81TQPYGM7BEH5"",""faultStart"":178},{""playerId"":""01JZ0FCYEY48D81TQPYGM7BEH5"",""faultStart"":6},{""playerId"":""01JZ0FHSMZ1RKYF919HZF316MP"",""faultStart"":225},{""playerId"":""01JZ0FHSMZ1RKYF919HZF316MP"",""faultStart"":8},{""playerId"":""01JZ0FJS48KWCXDKD6ZRVDSXBC"",""faultStart"":233},{""playerId"":""01JZ0FJS48KWCXDKD6ZRVDSXBC"",""faultStart"":162},{""playerId"":""01JZ0FKQ7AX8YHTTQGW1AQZB94"",""faultStart"":87},{""playerId"":""01JZ0FKQ7AX8YHTTQGW1AQZB94"",""faultStart"":16}]",2025-06-30T13:20:33.951052698Z,4,2025-06-30T13:16:21.203127352Z,null,2025-06-30T13:25:44.776357416Z,true,2025-06-30T13:16:21.007707445Z,true,2025-06-30T13:16:21.007707445Z,ended,2025-06-30T13:25:44.845418377Z,"{""networkStruct"":""reciprocal"",""playerCount"":6}",2025-06-30T13:07:28.373299654Z,"Reciprocal, Redundancy",2025-06-30T13:07:28.373299654Z
01JZ0H1K6XDYNJQ07N0KM3P1VX,3,2025-06-30T13:53:09.911223704Z,6,2025-06-30T13:48:57.07745719Z,01JZ0H1K4AG17CS34Z9G9MQYDS,2025-06-30T13:39:53.181201202Z,true,2025-06-30T13:58:21.151792205Z,end of game,2025-06-30T13:58:21.182524635Z,01JZ0H1KAFGXEACN5V9CZJZNKA,2025-06-30T13:39:53.30102108Z,01JZ0H5E82ZXKG3HP3MD74AVQA,2025-06-30T13:41:59.176576499Z,"[{""playerId"":""01JZ0H3GSTCWHNYC00C4GV6RFB"",""faultStart"":30},{""playerId"":""01JZ0H3GSTCWHNYC00C4GV6RFB"",""faultStart"":168},{""playerId"":""01JZ0H9M4DPGN0X41681CC63MX"",""faultStart"":21},{""playerId"":""01JZ0H9M4DPGN0X41681CC63MX"",""faultStart"":151},{""playerId"":""01JZ0HBGF52K71HWK9APQ4JSS0"",""faultStart"":69},{""playerId"":""01JZ0HBGF52K71HWK9APQ4JSS0"",""faultStart"":238}]",2025-06-30T13:53:09.911223704Z,4,2025-06-30T13:48:57.355221659Z,null,2025-06-30T13:58:21.151792205Z,true,2025-06-30T13:48:57.07745719Z,true,2025-06-30T13:48:57.07745719Z,ended,2025-06-30T13:58:21.182524635Z,"{""networkStruct"":""pooled"",""playerCount"":6}",2025-06-30T13:39:53.181201202Z,"Pooled, Redundancy",2025-06-30T13:39:53.181201202Z
01JZ0F67Z745P2890BJ7Q88E3R,5,2025-06-30T13:18:05.719938795Z,6,2025-06-30T13:13:51.994717402Z,01JZ0F67X5J6SBR3095JZ2KKHQ,2025-06-30T13:07:28.359902147Z,true,2025-06-30T13:23:16.887501087Z,end of game,2025-06-30T13:23:16.927809756Z,01JZ0F682T91W8FYEPEW4GMV6X,2025-06-30T13:07:28.47697039Z,01JZ0FCZ8CTRKHYS9W1EFVZCX8,2025-06-30T13:11:08.818593146Z,"[{""playerId"":""01JZ0FAQ5BESSRJ4RCV3JDZV7P"",""faultStart"":211},{""playerId"":""01JZ0FAQ5BESSRJ4RCV3JDZV7P"",""faultStart"":42},{""playerId"":""01JZ0FAZKMC53M0H38X162NKWX"",""faultStart"":128},{""playerId"":""01JZ0FAZKMC53M0H38X162NKWX"",""faultStart"":201},{""playerId"":""01JZ0FBGXXC0V58B79955Z9C8Z"",""faultStart"":55},{""playerId"":""01JZ0FBGXXC0V58B79955Z9C8Z"",""faultStart"":119},{""playerId"":""01JZ0FBWR8H942AC9T38EZCDR4"",""faultStart"":130},{""playerId"":""01JZ0FBWR8H942AC9T38EZCDR4"",""faultStart"":28},{""playerId"":""01JZ0FC56QHHEXNXG28RA69XDS"",""faultStart"":236},{""playerId"":""01JZ0FC56QHHEXNXG28RA69XDS"",""faultStart"":123}]",2025-06-30T13:18:05.719938795Z,4,2025-06-30T13:13:52.184367924Z,null,2025-06-30T13:23:16.887501087Z,true,2025-06-30T13:13:51.994717402Z,true,2025-06-30T13:13:51.994717402Z,ended,2025-06-30T13:23:16.927809756Z,"{""networkStruct"":""pooled"",""playerCount"":6}",2025-06-30T13:07:28.359902147Z,"Pooled, Redundancy",2025-06-30T13:07:28.359902147Z
01JZ0F67ZT8SK3RX0KMQXRZR64,6,2025-06-30T13:17:34.552909109Z,6,2025-06-30T13:13:22.735620626Z,01JZ0F67X5J6SBR3095JZ2KKHQ,2025-06-30T13:07:28.378440831Z,true,2025-06-30T13:22:45.398153119Z,end of game,2025-06-30T13:22:45.434002244Z,01JZ0F68PQ87PSN1472CFXCTP7,2025-06-30T13:07:29.114947241Z,01JZ0FCGX6PD04S044QP74ENA5,2025-06-30T13:10:54.125957527Z,"[{""playerId"":""01JZ0FAY2QGARY5N4MQCWRAXVK"",""faultStart"":12},{""playerId"":""01JZ0FAY2QGARY5N4MQCWRAXVK"",""faultStart"":132},{""playerId"":""01JZ0FB53ABA3J4GQAS9PQCVA2"",""faultStart"":117},{""playerId"":""01JZ0FB53ABA3J4GQAS9PQCVA2"",""faultStart"":236},{""playerId"":""01JZ0FBBA1SDVNMEAJN2SN5G9V"",""faultStart"":151},{""playerId"":""01JZ0FBBA1SDVNMEAJN2SN5G9V"",""faultStart"":211},{""playerId"":""01JZ0FBJ4KQXDMT6MT2EH5X20T"",""faultStart"":72},{""playerId"":""01JZ0FBJ4KQXDMT6MT2EH5X20T"",""faultStart"":144},{""playerId"":""01JZ0FC8Z9KTZXYEEXV3M9TW6K"",""faultStart"":75},{""playerId"":""01JZ0FC8Z9KTZXYEEXV3M9TW6K"",""faultStart"":145},{""playerId"":""01JZ0FCMR7Z7FFG5JXJBS56NZK"",""faultStart"":44},{""playerId"":""01JZ0FCMR7Z7FFG5JXJBS56NZK"",""faultStart"":173}]",2025-06-30T13:17:34.552909109Z,4,2025-06-30T13:13:22.797716316Z,null,2025-06-30T13:22:45.398153119Z,true,2025-06-30T13:13:22.735620626Z,true,2025-06-30T13:13:22.735620626Z,ended,2025-06-30T13:22:45.434002244Z,"{""networkStruct"":""pooled"",""playerCount"":6}",2025-06-30T13:07:28.378440831Z,"Pooled, Redundancy",2025-06-30T13:07:28.378440831Z
01JZ0H1K78HDDW9F2WM1P8VZMN,6,2025-06-30T13:48:58.453374755Z,6,2025-06-30T13:44:45.491941513Z,01JZ0H1K4AG17CS34Z9G9MQYDS,2025-06-30T13:39:53.192034578Z,true,2025-06-30T13:54:09.330155845Z,end of game,2025-06-30T13:54:09.361555839Z,01JZ0H1KGTZQP4GFCXA791414Z,2025-06-30T13:39:53.50290296Z,01JZ0H5G9HZPM2RNN0NP6DPQNK,2025-06-30T13:42:01.272593207Z,"[{""playerId"":""01JZ0H3DD6JF5G5S76TR0MC0NN"",""faultStart"":14},{""playerId"":""01JZ0H3DD6JF5G5S76TR0MC0NN"",""faultStart"":235},{""playerId"":""01JZ0H3KYQN4X87D14R9JK1FH9"",""faultStart"":159},{""playerId"":""01JZ0H3KYQN4X87D14R9JK1FH9"",""faultStart"":12},{""playerId"":""01JZ0H3QQ5CPMXHE11M4R96C48"",""faultStart"":6},{""playerId"":""01JZ0H3QQ5CPMXHE11M4R96C48"",""faultStart"":70},{""playerId"":""01JZ0H45MHCSY2Q70D0QH5HSR8"",""faultStart"":53},{""playerId"":""01JZ0H45MHCSY2Q70D0QH5HSR8"",""faultStart"":232},{""playerId"":""01JZ0H5BHKCTD3T58KE49ABST6"",""faultStart"":141},{""playerId"":""01JZ0H5BHKCTD3T58KE49ABST6"",""faultStart"":238},{""playerId"":""01JZ0H6H4K79XNW5XKQJ205ZTV"",""faultStart"":201},{""playerId"":""01JZ0H6H4K79XNW5XKQJ205ZTV"",""faultStart"":109}]",2025-06-30T13:48:58.453374755Z,4,2025-06-30T13:44:45.571211867Z,null,2025-06-30T13:54:09.330155845Z,true,2025-06-30T13:44:45.491941513Z,true,2025-06-30T13:44:45.491941513Z,ended,2025-06-30T13:54:09.361555839Z,"{""networkStruct"":""reciprocal"",""playerCount"":6}",2025-06-30T13:39:53.192034578Z,"Reciprocal, Redundancy",2025-06-30T13:39:53.192034578Z
01JZ0JJRM7K0MBX3MKCVTKC5NR,5,2025-06-30T14:18:20.820616097Z,6,2025-06-30T14:14:07.188133939Z,01JZ0JJRG62BDVPN4H0KJ2XPWK,2025-06-30T14:06:44.359618538Z,true,2025-06-30T14:23:31.809915284Z,end of game,2025-06-30T14:23:31.848504476Z,01JZ0JJRZFT47NQNS6D4CA7KKQ,2025-06-30T14:06:44.725567122Z,01JZ0JNYTYK79QSS63MH7ECTGT,2025-06-30T14:08:29.030248382Z,"[{""playerId"":""01JZ0JN7RSB9BF97M9JFFC8QWA"",""faultStart"":75},{""playerId"":""01JZ0JN7RSB9BF97M9JFFC8QWA"",""faultStart"":7},{""playerId"":""01JZ0JNMNVCAW5RZAB0SWSJ307"",""faultStart"":16},{""playerId"":""01JZ0JNMNVCAW5RZAB0SWSJ307"",""faultStart"":217},{""playerId"":""01JZ0JP3NMJEF2RZEXJRZ363R2"",""faultStart"":115},{""playerId"":""01JZ0JP3NMJEF2RZEXJRZ363R2"",""faultStart"":54},{""playerId"":""01JZ0JQS81T66D82KVDDFPP0F3"",""faultStart"":19},{""playerId"":""01JZ0JQS81T66D82KVDDFPP0F3"",""faultStart"":216},{""playerId"":""01JZ0JS7KGQTXA56X7MR2N3V4S"",""faultStart"":218},{""playerId"":""01JZ0JS7KGQTXA56X7MR2N3V4S"",""faultStart"":122}]",2025-06-30T14:18:20.820616097Z,4,2025-06-30T14:14:07.441915425Z,null,2025-06-30T14:23:31.809915284Z,true,2025-06-30T14:14:07.188133939Z,true,2025-06-30T14:14:07.188133939Z,ended,2025-06-30T14:23:31.848504476Z,"{""networkStruct"":""pooled"",""playerCount"":6}",2025-06-30T14:06:44.359618538Z,"Pooled, Redundancy",2025-06-30T14:06:44.359618538Z
01JZ0KZHH6W8XDVC696R9C92DG,6,2025-06-30T14:42:32.418956253Z,6,2025-06-30T14:38:19.356652051Z,01JZ0KZHFC2GEC175ZSKVHYGR2,2025-06-30T14:31:11.65408483Z,true,2025-06-30T14:47:43.23440098Z,end of game,2025-06-30T14:47:43.273773767Z,01JZ0KZHR7JVP0EE71TRBATA9N,2025-06-30T14:31:11.883393138Z,01JZ0MA93BE83RX3FRXH3C9B5D,2025-06-30T14:37:03.473870716Z,"[{""playerId"":""01JZ0M1DADVFP84XH2E4QDPEBE"",""faultStart"":102},{""playerId"":""01JZ0M1DADVFP84XH2E4QDPEBE"",""faultStart"":35},{""playerId"":""01JZ0M20DM4T4V1KVQ5EQ5SJCQ"",""faultStart"":62},{""playerId"":""01JZ0M20DM4T4V1KVQ5EQ5SJCQ"",""faultStart"":143},{""playerId"":""01JZ0M3AJTJTBWN32ZGK0JDM10"",""faultStart"":114},{""playerId"":""01JZ0M3AJTJTBWN32ZGK0JDM10"",""faultStart"":198},{""playerId"":""01JZ0M5D5Z0X1X78TY6BNKZKFT"",""faultStart"":223},{""playerId"":""01JZ0M5D5Z0X1X78TY6BNKZKFT"",""faultStart"":53},{""playerId"":""01JZ0M68RH26TA36VPTAMVWHEQ"",""faultStart"":120},{""playerId"":""01JZ0M68RH26TA36VPTAMVWHEQ"",""faultStart"":212},{""playerId"":""01JZ0M76DS1TB5AKS0JTGGKM42"",""faultStart"":158},{""playerId"":""01JZ0M76DS1TB5AKS0JTGGKM42"",""faultStart"":11}]",2025-06-30T14:42:32.418956253Z,4,2025-06-30T14:38:19.470517074Z,null,2025-06-30T14:47:43.23440098Z,true,2025-06-30T14:38:19.356652051Z,true,2025-06-30T14:38:19.356652051Z,ended,2025-06-30T14:47:43.273773767Z,"{""networkStruct"":""reciprocal"",""playerCount"":6}",2025-06-30T14:31:11.65408483Z,"Reciprocal, Redundancy",2025-06-30T14:31:11.65408483Z
01JZ0S9G7VJHRZZRV1KXAXAXSY,3,2025-06-30T16:15:11.1359166Z,6,2025-06-30T16:10:54.394430067Z,01JZ0S9G3E1V9Y4W1M8GV3AGA9,2025-06-30T16:04:00.891201087Z,true,2025-06-30T16:20:24.030779931Z,end of game,2025-06-30T16:20:24.115441907Z,01JZ0S9H1ZV8C836W4TKN33SK5,2025-06-30T16:04:01.731873363Z,01JZ0SEHNPXDW7Z83ZYNQ7RJPQ,2025-06-30T16:06:46.20667702Z,"[{""playerId"":""01JZ0SFEC760TZW065ZBPCGFEK"",""faultStart"":106},{""playerId"":""01JZ0SFEC760TZW065ZBPCGFEK"",""faultStart"":23},{""playerId"":""01JZ0SG74N5JZ3XSFK40RQAATP"",""faultStart"":30},{""playerId"":""01JZ0SG74N5JZ3XSFK40RQAATP"",""faultStart"":99},{""playerId"":""01JZ0SHSYCA0N91MC48RJ4Q13V"",""faultStart"":159},{""playerId"":""01JZ0SHSYCA0N91MC48RJ4Q13V"",""faultStart"":87}]",2025-06-30T16:15:11.1359166Z,4,2025-06-30T16:10:54.702146333Z,null,2025-06-30T16:20:24.030779931Z,true,2025-06-30T16:10:54.394430067Z,true,2025-06-30T16:10:54.394430067Z,ended,2025-06-30T16:20:24.115441907Z,"{""networkStruct"":""pooled"",""playerCount"":6}",2025-06-30T16:04:00.891201087Z,"Pooled, Redundancy",2025-06-30T16:04:00.891201087Z
