team_id,num_tasks_completed,team_size,condition,num_stages_completed,fault
team_01393f70,10,5,pooled,35,1
team_044b1fbd,11,5,reciprocal,0,1
team_05024b97,12,6,reciprocal,0,1
team_0988780c,14,5,reciprocal,0,1
team_0d21759f,8,4,pooled,30,1
team_0f9b0ba4,13,6,pooled,41,1
team_192065a1,11,6,pooled,42,1
team_1d22cf1d,12,4,reciprocal,0,1
team_1f8f3eda,9,5,pooled,28,1
team_2da39d7b,9,6,reciprocal,0,1
team_33ca8ca7,4,3,pooled,14,1
team_35633aaa,4,4,reciprocal,0,1
team_35ddd7a9,14,5,pooled,40,1
team_3e7426da,13,6,reciprocal,0,1
team_4085cfe7,12,5,pooled,39,1
team_4117351d,7,5,reciprocal,0,1
team_468d3f30,11,5,pooled,41,1
team_48a40b39,11,4,pooled,36,1
team_4e4bb1d9,10,3,pooled,34,1
team_542c3491,11,5,pooled,42,1
team_58a6571a,6,3,pooled,21,1
team_5946eda1,8,5,pooled,26,1
team_5cc05d2c,12,6,pooled,34,1
team_62b981cc,14,6,pooled,40,1
team_63c758d8,9,4,reciprocal,0,1
team_69b68879,12,5,pooled,38,1
team_72c9c883,11,5,pooled,34,1
team_7726d722,8,6,reciprocal,0,1
team_7f69f27b,9,5,reciprocal,0,1
team_85803f1f,8,5,pooled,30,1
team_86a9e5f9,12,6,reciprocal,0,1
team_8940e5dc,5,5,reciprocal,0,1
team_8f3b76c9,13,6,reciprocal,0,1
team_934e04df,14,6,pooled,41,1
team_966ae635,13,4,pooled,42,1
team_97377c14,8,5,reciprocal,0,1
team_a123b7de,12,6,reciprocal,0,1
team_ab9ca4f7,14,6,pooled,41,1
team_adb1de64,6,3,pooled,24,1
team_ae076149,12,6,pooled,39,1
team_ae5047e1,13,5,pooled,41,1
team_af41499c,11,4,pooled,36,1
team_b0d3646f,9,5,reciprocal,0,1
team_b1c41a99,13,5,pooled,38,1
team_ba93e98b,3,4,reciprocal,0,1
team_c8367278,13,5,pooled,41,1
team_c95c31b7,1,4,reciprocal,0,1
team_ccdbef4d,5,5,reciprocal,0,1
team_de052768,14,6,reciprocal,0,1
team_df744e7a,4,5,reciprocal,0,1
team_e083adf7,14,5,reciprocal,0,1
team_e2f3467f,9,6,reciprocal,0,1
team_e4da03d6,13,3,pooled,39,1
team_e756d65c,9,5,pooled,32,1
team_e90e9de9,12,5,pooled,37,1
team_e98e067a,8,4,pooled,27,1
team_ebdcdcd2,10,4,reciprocal,0,1
team_ef3cb419,13,6,pooled,41,1
team_f2d525b3,7,5,pooled,25,1
team_f582a55e,5,6,reciprocal,0,1
team_f86e5d32,12,6,pooled,39,1
team_fa2ac7a0,5,5,reciprocal,0,1
team_fa3ddcff,14,6,pooled,40,1
team_03b7c4cd,11,3,pooled,35,1
team_1debe3df,6,3,pooled,21,1
team_1ea30d6a,8,3,pooled,28,1
team_1f464e22,6,3,reciprocal,0,1
team_21ee30d9,6,3,pooled,23,1
team_29764eae,9,4,pooled,29,1
team_30c0356a,5,3,reciprocal,0,1
team_31195864,0,3,reciprocal,0,1
team_3d652d8c,2,4,reciprocal,0,1
team_4187b80f,8,3,pooled,30,1
team_44488183,6,3,pooled,21,1
team_46a905c5,9,4,reciprocal,0,1
team_4f357c7a,7,3,reciprocal,0,1
team_5c30e76f,7,3,pooled,23,1
team_66a22350,10,3,pooled,32,1
team_681f9fd9,6,3,pooled,22,1
team_72a4af9d,9,3,pooled,29,1
team_8b478c27,11,3,pooled,36,1
team_978988d1,7,3,reciprocal,0,1
team_9d7c6a3c,7,4,pooled,26,1
team_abb02a2d,3,4,reciprocal,0,1
team_b11d4f34,6,3,pooled,19,1
team_cb4feb21,6,4,reciprocal,0,1
team_cbbec30f,11,3,pooled,36,1
team_cdefbc00,5,3,reciprocal,0,1
team_e2358592,5,3,reciprocal,0,1
team_e28977bb,11,4,pooled,38,1
team_f4da9b60,13,4,pooled,41,1
team_fdccac63,9,4,reciprocal,0,1
team_317932d7,9,3,pooled,28,1
team_682ab3e7,6,3,pooled,20,1
team_6d2e5fae,13,3,reciprocal,0,1
team_75049b69,14,4,pooled,42,1
team_de516003,0,3,reciprocal,22,1
team_0324a5f6,10,3,reciprocal,0,0
team_03a66893,14,3,reciprocal,0,0
team_03d48e47,14,6,reciprocal,0,0
team_05a555f4,14,6,reciprocal,0,0
team_05aa8185,14,5,pooled,42,0
team_0b554d40,14,6,pooled,42,0
team_0f9aa2b5,14,3,pooled,41,0
team_149eeeca,14,5,pooled,39,0
team_152351bd,14,4,pooled,44,0
team_1768635b,14,5,reciprocal,0,0
team_1a11c5b9,14,4,pooled,41,0
team_1c7ed75e,13,6,pooled,39,0
team_1cede3b2,14,4,reciprocal,0,0
team_1cfe4b40,13,3,pooled,40,0
team_20322daf,14,4,pooled,42,0
team_2448a114,14,5,reciprocal,0,0
team_25ef1fc8,14,5,reciprocal,0,0
team_277b08e5,14,6,reciprocal,0,0
team_299bc6eb,13,6,reciprocal,0,0
team_2abf3a33,14,5,reciprocal,0,0
team_2c4534ce,12,3,pooled,38,0
team_3621c484,14,4,reciprocal,0,0
team_37dad7c8,12,3,pooled,35,0
team_3c7e2c98,12,6,reciprocal,0,0
team_3dc6133a,8,3,reciprocal,0,0
team_40052bd1,14,4,reciprocal,0,0
team_43a5c8c1,14,6,reciprocal,0,0
team_5096ebf2,14,6,pooled,40,0
team_534fd2c1,12,3,pooled,36,0
team_56fb7763,14,6,pooled,40,0
team_593319de,9,3,pooled,28,0
team_5ae88f9f,7,4,reciprocal,0,0
team_5d1443a3,14,5,pooled,40,0
team_5dbd86cf,14,5,reciprocal,0,0
team_5e10493d,14,5,pooled,42,0
team_677fd889,14,6,reciprocal,0,0
team_7389ebdb,14,4,reciprocal,0,0
team_84722870,14,3,reciprocal,0,0
team_8536f0bf,14,5,reciprocal,0,0
team_8a1d3a04,14,6,pooled,42,0
team_8ccb51dc,14,5,reciprocal,0,0
team_8ecc4f4f,14,3,pooled,45,0
team_a190ee49,14,4,pooled,41,0
team_a4fa7efd,14,4,pooled,41,0
team_a51b4d7a,9,4,reciprocal,0,0
team_a9af2612,14,4,pooled,42,0
team_a9e9093a,14,6,pooled,27,0
team_ade6885d,14,6,pooled,42,0
team_b2991439,14,5,reciprocal,0,0
team_b81094fc,10,3,reciprocal,0,0
team_be016e8a,14,5,reciprocal,0,0
team_be974598,10,5,reciprocal,0,0
team_ccbd21f2,7,3,reciprocal,0,0
team_ce2e81a0,14,3,pooled,44,0
team_cebc6083,14,6,reciprocal,0,0
team_d0a2cadc,3,4,reciprocal,0,0
team_d21243f3,14,6,pooled,40,0
team_d656d459,11,4,reciprocal,0,0
team_d7a45e7d,13,5,pooled,42,0
team_dc72c002,14,3,reciprocal,0,0
team_dfadd94f,7,6,reciprocal,0,0
team_e44b6d9c,10,3,reciprocal,0,0
team_e4e6fbf6,14,5,reciprocal,0,0
team_e7b5c6d2,14,6,pooled,41,0
team_eadcd6e6,14,6,pooled,44,0
team_ee66f890,13,4,pooled,39,0
team_f956397a,14,4,reciprocal,0,0
team_fa27796d,9,4,reciprocal,0,0
team_fb8164fa,14,5,reciprocal,0,0
team_fc870e85,14,5,pooled,44,0
team_fd9b3c33,14,3,pooled,42,0
team_03ec3828,14,3,pooled,40,0
team_074435ce,14,5,pooled,41,0
team_3cf7f74c,14,4,pooled,40,0
team_55087532,14,5,pooled,42,0
team_578e4b7d,13,4,pooled,41,0
team_57a20998,13,4,pooled,41,0
team_69ea706e,14,5,pooled,40,0
team_6fe9c0d1,1,3,reciprocal,0,0
team_77a45bff,14,5,pooled,39,0
team_792a6cfa,14,6,pooled,42,0
team_885c56a7,14,4,pooled,40,0
team_95627350,14,6,reciprocal,0,0
team_a856eb1c,14,6,reciprocal,0,0
team_abb6bf54,14,4,pooled,41,0
team_ad0a5ee3,14,4,pooled,39,0
team_ae6c038b,14,5,reciprocal,0,0
team_ca980bb1,10,3,reciprocal,0,0
team_df736662,14,3,pooled,42,0
team_fafdab67,14,4,pooled,41,0
