id,config,configLastChangedAt,endedReason,endedReasonLastChangedAt,initialized,initializedLastChangedAt,lobbyConfig,lobbyConfigLastChangedAt,status,statusLastChangedAt
01JZ197CV0YGP067EFDRBC0S82,"{""kind"":""complete"",""config"":{""treatments"":[{""treatment"":{""name"":""Pooled, No Redundancy"",""desc"":""Pooled Game with No Redundancy"",""factors"":{""networkStruct"":""pooled"",""playerCount"":3}},""count"":1},{""treatment"":{""name"":""Reciprocal, No Redundancy"",""desc"":""Reciprocal Game with No Redundancy"",""factors"":{""networkStruct"":""reciprocal"",""playerCount"":3}},""count"":1}]}}",2025-06-30T20:42:29.088091718Z,,,true,2025-06-30T20:42:29.22019294Z,"{""name"":""Default shared fail"",""kind"":""shared"",""duration"":3600000000000,""strategy"":""fail""}",2025-06-30T20:42:29.088091718Z,terminated,2025-06-30T20:46:36.042076871Z
01JZ1BX7WQMA45G0E33EEHJ3V9,"{""kind"":""complete"",""config"":{""treatments"":[{""treatment"":{""name"":""Reciprocal, No Redundancy"",""desc"":""Reciprocal Game with No Redundancy"",""factors"":{""networkStruct"":""reciprocal"",""playerCount"":3}},""count"":2},{""treatment"":{""name"":""Pooled, No Redundancy"",""desc"":""Pooled Game with No Redundancy"",""factors"":{""networkStruct"":""pooled"",""playerCount"":3}},""count"":2}]}}",2025-06-30T21:29:22.071078565Z,all games finished,2025-06-30T21:46:08.627169446Z,true,2025-06-30T21:29:22.167060413Z,"{""name"":""Default shared fail"",""kind"":""shared"",""duration"":3600000000000,""strategy"":""fail""}",2025-06-30T21:29:22.071078565Z,ended,2025-06-30T21:46:08.627169446Z
01JZ1D0RX94M7HHBAJDNGV8QRS,"{""kind"":""complete"",""config"":{""treatments"":[{""treatment"":{""name"":""Reciprocal, Redundancy"",""desc"":""Reciprocal Game with Redundancy"",""factors"":{""networkStruct"":""reciprocal"",""playerCount"":6}},""count"":1},{""treatment"":{""name"":""Reciprocal, Some Redundancy"",""desc"":""Reciprocal Game with Some Redundancy"",""factors"":{""networkStruct"":""reciprocal"",""playerCount"":4}},""count"":6}]}}",2025-06-30T21:48:46.377889545Z,all games finished,2025-06-30T22:08:03.288492062Z,true,2025-06-30T21:48:46.528707687Z,"{""name"":""Default shared fail"",""kind"":""shared"",""duration"":3600000000000,""strategy"":""fail""}",2025-06-30T21:48:46.377889545Z,ended,2025-06-30T22:08:03.288492062Z
01JZ1BPR5ZSX1YQ984HVYCSASC,"{""kind"":""complete"",""config"":{""treatments"":[{""treatment"":{""name"":""Reciprocal, No Redundancy"",""desc"":""Reciprocal Game with No Redundancy"",""factors"":{""networkStruct"":""reciprocal"",""playerCount"":3}},""count"":2}]}}",2025-06-30T21:25:49.375121967Z,,,true,2025-06-30T21:25:49.546177973Z,"{""name"":""Default shared fail"",""kind"":""shared"",""duration"":3600000000000,""strategy"":""fail""}",2025-06-30T21:25:49.375121967Z,terminated,2025-06-30T21:25:54.950390296Z
01JZ170DPRHYGRH6M74WMGZ8J5,"{""kind"":""complete"",""config"":{""treatments"":[{""treatment"":{""name"":""Pooled, Redundancy"",""desc"":""Pooled Game with Redundancy"",""factors"":{""networkStruct"":""pooled"",""playerCount"":6}},""count"":10},{""treatment"":{""name"":""Reciprocal, Redundancy"",""desc"":""Reciprocal Game with Redundancy"",""factors"":{""networkStruct"":""reciprocal"",""playerCount"":6}},""count"":10}]}}",2025-06-30T20:03:43.448259965Z,all games finished,2025-06-30T20:27:31.720404695Z,true,2025-06-30T20:03:43.523534987Z,"{""name"":""Default shared fail"",""kind"":""shared"",""duration"":3600000000000,""strategy"":""fail""}",2025-06-30T20:03:43.448259965Z,ended,2025-06-30T20:27:31.720404695Z
01JZ18QHX9XGN83K6T42FK97D5,"{""kind"":""complete"",""config"":{""treatments"":[{""treatment"":{""name"":""Pooled, Some Redundancy"",""desc"":""Pooled Game with Some Redundancy"",""factors"":{""networkStruct"":""pooled"",""playerCount"":4}},""count"":1},{""treatment"":{""name"":""Reciprocal, Some Redundancy"",""desc"":""Reciprocal Game with Some Redundancy"",""factors"":{""networkStruct"":""reciprocal"",""playerCount"":4}},""count"":1}]}}",2025-06-30T20:33:49.99349134Z,all games finished,2025-06-30T20:48:17.454354888Z,true,2025-06-30T20:33:50.068108269Z,"{""name"":""Default shared fail"",""kind"":""shared"",""duration"":3600000000000,""strategy"":""fail""}",2025-06-30T20:33:49.99349134Z,ended,2025-06-30T20:48:17.454354888Z
01JZ19VEXCKVX740B60X4W6PQN,"{""kind"":""complete"",""config"":{""treatments"":[{""treatment"":{""name"":""Pooled, Redundancy"",""desc"":""Pooled Game with Redundancy"",""factors"":{""networkStruct"":""pooled"",""playerCount"":6}},""count"":3},{""treatment"":{""name"":""Reciprocal, Redundancy"",""desc"":""Reciprocal Game with Redundancy"",""factors"":{""networkStruct"":""reciprocal"",""playerCount"":6}},""count"":4}]}}",2025-06-30T20:53:26.572607431Z,all games finished,2025-06-30T21:18:08.54563317Z,true,2025-06-30T20:53:26.945395259Z,"{""name"":""Default shared fail"",""kind"":""shared"",""duration"":3600000000000,""strategy"":""fail""}",2025-06-30T20:53:26.572607431Z,ended,2025-06-30T21:18:08.54563317Z
01JZ1AP978GEBQZ512WBH5H0V5,"{""kind"":""complete"",""config"":{""treatments"":[{""treatment"":{""name"":""Reciprocal, No Redundancy"",""desc"":""Reciprocal Game with No Redundancy"",""factors"":{""networkStruct"":""reciprocal"",""playerCount"":3}},""count"":1}]}}",2025-06-30T21:08:05.480862736Z,,,true,2025-06-30T21:08:05.603620414Z,"{""name"":""Default shared fail"",""kind"":""shared"",""duration"":3600000000000,""strategy"":""fail""}",2025-06-30T21:08:05.480862736Z,terminated,2025-06-30T21:13:14.542348302Z
01JZ1C4XJFQQ45ZHGATAXVBX0J,"{""kind"":""complete"",""config"":{""treatments"":[{""treatment"":{""name"":""Reciprocal, Redundancy"",""desc"":""Reciprocal Game with Redundancy"",""factors"":{""networkStruct"":""reciprocal"",""playerCount"":6}},""count"":1}]}}",2025-06-30T21:33:33.647809535Z,all games finished,2025-06-30T21:51:29.039704074Z,true,2025-06-30T21:33:33.768940614Z,"{""name"":""Default shared fail"",""kind"":""shared"",""duration"":3600000000000,""strategy"":""fail""}",2025-06-30T21:33:33.647809535Z,ended,2025-06-30T21:51:29.039704074Z
01JZ18G4TN4FH7205KTQTFE7PM,"{""kind"":""complete"",""config"":{""treatments"":[{""treatment"":{""name"":""Pooled, Redundancy"",""desc"":""Pooled Game with Redundancy"",""factors"":{""networkStruct"":""pooled"",""playerCount"":6}},""count"":8},{""treatment"":{""name"":""Reciprocal, Redundancy"",""desc"":""Reciprocal Game with Redundancy"",""factors"":{""networkStruct"":""reciprocal"",""playerCount"":6}},""count"":8}]}}",2025-06-30T20:29:47.221428477Z,all games finished,2025-06-30T20:44:36.398484801Z,true,2025-06-30T20:29:47.360824868Z,"{""name"":""Default shared fail"",""kind"":""shared"",""duration"":3600000000000,""strategy"":""fail""}",2025-06-30T20:29:47.221428477Z,ended,2025-06-30T20:44:36.398484801Z
01JZ18R9CHSHJ2BAJZ4M4PAW2X,"{""kind"":""complete"",""config"":{""treatments"":[{""treatment"":{""name"":""Pooled, Some Redundancy"",""desc"":""Pooled Game with Some Redundancy"",""factors"":{""networkStruct"":""pooled"",""playerCount"":4}},""count"":1},{""treatment"":{""name"":""Reciprocal, Some Redundancy"",""desc"":""Reciprocal Game with Some Redundancy"",""factors"":{""networkStruct"":""reciprocal"",""playerCount"":4}},""count"":1}]}}",2025-06-30T20:34:14.033414747Z,all games finished,2025-06-30T20:52:11.048062719Z,true,2025-06-30T20:34:14.740445854Z,"{""name"":""Default shared fail"",""kind"":""shared"",""duration"":3600000000000,""strategy"":""fail""}",2025-06-30T20:34:14.033414747Z,ended,2025-06-30T20:52:11.048062719Z
01JZ1B1VZ9TM9N3252XVVAH9DZ,"{""kind"":""complete"",""config"":{""treatments"":[{""treatment"":{""name"":""Reciprocal, Redundancy"",""desc"":""Reciprocal Game with Redundancy"",""factors"":{""networkStruct"":""reciprocal"",""playerCount"":6}},""count"":2},{""treatment"":{""name"":""Pooled, Redundancy"",""desc"":""Pooled Game with Redundancy"",""factors"":{""networkStruct"":""pooled"",""playerCount"":6}},""count"":5}]}}",2025-06-30T21:14:25.129542511Z,all games finished,2025-06-30T21:34:52.246747635Z,true,2025-06-30T21:14:25.268618657Z,"{""name"":""Default shared fail"",""kind"":""shared"",""duration"":3600000000000,""strategy"":""fail""}",2025-06-30T21:14:25.129542511Z,ended,2025-06-30T21:34:52.246747635Z
01JZ1E916HBESJXS5SJ82BFZ21,"{""kind"":""complete"",""config"":{""treatments"":[{""treatment"":{""name"":""Pooled, Some Redundancy"",""desc"":""Pooled Game with Some Redundancy"",""factors"":{""networkStruct"":""pooled"",""playerCount"":4}},""count"":4},{""treatment"":{""name"":""Reciprocal, No Redundancy"",""desc"":""Reciprocal Game with No Redundancy"",""factors"":{""networkStruct"":""reciprocal"",""playerCount"":3}},""count"":5}]}}",2025-06-30T22:10:45.585892475Z,all games finished,2025-06-30T22:36:50.279622625Z,true,2025-06-30T22:10:46.445400841Z,"{""name"":""Default shared fail"",""kind"":""shared"",""duration"":3600000000000,""strategy"":""fail""}",2025-06-30T22:10:45.585892475Z,ended,2025-06-30T22:36:50.279622625Z
01JZ1G29Q82GQAKEXSK2E7NK3R,"{""kind"":""complete"",""config"":{""treatments"":[{""treatment"":{""name"":""Pooled, Some Redundancy"",""desc"":""Pooled Game with Some Redundancy"",""factors"":{""networkStruct"":""pooled"",""playerCount"":4}},""count"":4},{""treatment"":{""name"":""Reciprocal, No Redundancy"",""desc"":""Reciprocal Game with No Redundancy"",""factors"":{""networkStruct"":""reciprocal"",""playerCount"":3}},""count"":4}]}}",2025-06-30T22:42:02.089024607Z,all games finished,2025-06-30T23:06:05.062375564Z,true,2025-06-30T22:42:02.374359663Z,"{""name"":""Default shared fail"",""kind"":""shared"",""duration"":3600000000000,""strategy"":""fail""}",2025-06-30T22:42:02.089024607Z,ended,2025-06-30T23:06:05.062375564Z
