id,batchID,batchIDLastChangedAt,gameID,gameIDLastChangedAt,playerID,playerIDLastChangedAt
01JZ18R0VV9V2GQ7E74SB2CMQ6,01JZ18G4TN4FH7205KTQTFE7PM,2025-06-30T20:34:05.307180709Z,01JZ18G4XDWA3A08Y0HZ5HSAAF,2025-06-30T20:34:05.307180709Z,01JZ18K35P2QZ1SSJHQYJ2X8Z7,2025-06-30T20:34:05.307180709Z
01JZ1ACG21HNZ1H16RWDBTWRBH,01JZ19VEXCKVX740B60X4W6PQN,2025-06-30T21:02:44.80177481Z,01JZ19VF6XEW5FG377QGXCTRD1,2025-06-30T21:02:44.80177481Z,01JZ1A9Y4FG88CERVMWV547SJC,2025-06-30T21:02:44.80177481Z
01JZ17NT51BHR2Z5AMTDFJ9FN0,01JZ170DPRHYGRH6M74WMGZ8J5,2025-06-30T20:15:24.321481467Z,01JZ170DS0283SZNEN95XAWWS4,2025-06-30T20:15:24.321481467Z,01JZ17G9ZFDP0QC4ASAB62EXYP,2025-06-30T20:15:24.321481467Z
01JZ1AK09J6SGNX0B301YRWSMB,01JZ19VEXCKVX740B60X4W6PQN,2025-06-30T21:06:18.034882359Z,01JZ19VF3FCDRKA7RA8CE3SQDH,2025-06-30T21:06:18.034882359Z,01JZ1A9FT19KFC6EXDW9G1CYS7,2025-06-30T21:06:18.034882359Z
01JZ1BB77X8E41EVKWVQDARJ91,01JZ1B1VZ9TM9N3252XVVAH9DZ,2025-06-30T21:19:31.58131656Z,01JZ1B1W5AJ9N87HJBZ99HRQPJ,2025-06-30T21:19:31.58131656Z,01JZ1B4CR8JCWXXD7BQPA68N6Z,2025-06-30T21:19:31.58131656Z
01JZ1BJ0ZRXM6GA3T5QD8B3WS3,01JZ1B1VZ9TM9N3252XVVAH9DZ,2025-06-30T21:23:14.552524541Z,01JZ1B1W46BH5YH0XYSE8KJRBK,2025-06-30T21:23:14.552524541Z,01JZ1ANK2PZ7NTFNFMNB753RPA,2025-06-30T21:23:14.552524541Z
01JZ1GKKY1TJBH966KEW2D67GT,01JZ1G29Q82GQAKEXSK2E7NK3R,2025-06-30T22:51:29.601878202Z,01JZ1G2A9825Q9R0AFVXQNTR63,2025-06-30T22:51:29.601878202Z,01JZ1GA1RX69WV7RYS6J14XWQD,2025-06-30T22:51:29.601878202Z
01JZ17MYB3V49E8R87RFJGFPQX,01JZ170DPRHYGRH6M74WMGZ8J5,2025-06-30T20:14:55.843797673Z,01JZ170DSMJZPS89ZBMFZ7ATK7,2025-06-30T20:14:55.843797673Z,01JZ17ECC07JKYK10HK5BT3SZQ,2025-06-30T20:14:55.843797673Z
01JZ18P6EBPCER1H6M2F0X2EPW,01JZ18G4TN4FH7205KTQTFE7PM,2025-06-30T20:33:05.483490216Z,01JZ18G50PJASP911XB82AW46K,2025-06-30T20:33:05.483490216Z,01JZ18JWY9W1XWEWVGSNZXRKZN,2025-06-30T20:33:05.483490216Z
01JZ197VVWC8AZ211PM3078P6Y,01JZ18R9CHSHJ2BAJZ4M4PAW2X,2025-06-30T20:42:44.476594217Z,01JZ18RA3DBE17YR6D8FEXRWFY,2025-06-30T20:42:44.476594217Z,01JZ1945JH72C4XK34ZFBSF6HS,2025-06-30T20:42:44.476594217Z
01JZ1BH40SX7A1H0CM0V37W6C9,01JZ1B1VZ9TM9N3252XVVAH9DZ,2025-06-30T21:22:44.889103009Z,01JZ1B1W68Y1JCNSRHTZJR0WTB,2025-06-30T21:22:44.889103009Z,01JZ1BEDAMJRCNYC6ZRWR4EWKQ,2025-06-30T21:22:44.889103009Z
01JZ1C68P13ZDQNYNNE0907BAG,01JZ1BX7WQMA45G0E33EEHJ3V9,2025-06-30T21:34:17.79804439Z,01JZ1BX80QRTKGB6MH6HMRDXS1,2025-06-30T21:34:17.79804439Z,01JZ1C4CTKJV3QDB4A0BGTS31H,2025-06-30T21:34:17.79804439Z
01JZ17M8QCWVTF2H8GPASYB2W4,01JZ170DPRHYGRH6M74WMGZ8J5,2025-06-30T20:14:33.708622828Z,01JZ170DSR5F2SARFX61BD5BFD,2025-06-30T20:14:33.708622828Z,01JZ17D6932YKNNSWD1JMYAKKF,2025-06-30T20:14:33.708622828Z
01JZ18RHC30YMZXPTQ08NS2504,01JZ18G4TN4FH7205KTQTFE7PM,2025-06-30T20:34:22.211618288Z,01JZ18G50G0GKPPCFSW2N0ZNW1,2025-06-30T20:34:22.211618288Z,01JZ18HKRFWCKWBRRSM9AC3SW4,2025-06-30T20:34:22.211618288Z
01JZ17HJX3DMNTYEVNZ82VFCE6,01JZ170DPRHYGRH6M74WMGZ8J5,2025-06-30T20:13:05.827178748Z,01JZ170DS32PJY8CQRMADJXFRG,2025-06-30T20:13:05.827178748Z,01JZ17E843W70EAJQAQ7A43HFS,2025-06-30T20:13:05.827178748Z
01JZ17NRQDQDZQNRARCNS4D2CP,01JZ170DPRHYGRH6M74WMGZ8J5,2025-06-30T20:15:22.861921993Z,01JZ170DSXXMDA003X79NFA4N0,2025-06-30T20:15:22.861921993Z,01JZ17C3PTEK9PXA5GJSYCCP5W,2025-06-30T20:15:22.861921993Z
01JZ190NE19QBGA1VAGVHM816W,01JZ18QHX9XGN83K6T42FK97D5,2025-06-30T20:38:48.51310051Z,01JZ18QHZ9KPT0XZ66BZ9ZB89K,2025-06-30T20:38:48.51310051Z,01JZ18VHSP5WBV88CARNF83RF7,2025-06-30T20:38:48.51310051Z
01JZ1AABDGM8GTGSKZMVMJHPBG,01JZ19VEXCKVX740B60X4W6PQN,2025-06-30T21:01:34.512932635Z,01JZ19VF81DTYMGWYB0TAJKDWY,2025-06-30T21:01:34.512932635Z,01JZ1A30PSDQTAMK68V3KKNNKC,2025-06-30T21:01:34.512932635Z
01JZ1BD3MP7DFAC8MW2ZX3MDAE,01JZ1B1VZ9TM9N3252XVVAH9DZ,2025-06-30T21:20:33.430857661Z,01JZ1B1W2WT8MR9NJ7RDDSFH2M,2025-06-30T21:20:33.430857661Z,01JZ1B64GPABF5830RNTZP1A2Y,2025-06-30T21:20:33.430857661Z
01JZ18QCCYY3WJC1MDS70S7A6Z,01JZ18G4TN4FH7205KTQTFE7PM,2025-06-30T20:33:44.351941855Z,01JZ18G4YTQTSXFW2X0Y80VGVG,2025-06-30T20:33:44.351941855Z,01JZ18JQTYVQ19WTRN7KYJ00FT,2025-06-30T20:33:44.351941855Z
01JZ17JC1ND79S9NV50Z75337E,01JZ170DPRHYGRH6M74WMGZ8J5,2025-06-30T20:13:31.57317172Z,01JZ170DSBT7R80F1BC6BFNZAP,2025-06-30T20:13:31.57317172Z,01JZ17898TMETDM923KMFF15WB,2025-06-30T20:13:31.57317172Z
01JZ1EXBHFZPCBH9PEH8FA1K3C,01JZ1E916HBESJXS5SJ82BFZ21,2025-06-30T22:21:51.535985758Z,01JZ1E91Z6K0ZJGCC53Q4JQWJP,2025-06-30T22:21:51.535985758Z,01JZ1EMNNJSEW14RVAN4FX9H51,2025-06-30T22:21:51.535985758Z
01JZ18PAM5FG2K15AC90RSA93N,01JZ18G4TN4FH7205KTQTFE7PM,2025-06-30T20:33:09.765310574Z,01JZ18G4X5EPR69QT64DVYQXFJ,2025-06-30T20:33:09.765310574Z,01JZ18J5R16DTA3XKT9Y9737P7,2025-06-30T20:33:09.765310574Z
01JZ1DCMFYV6K96TPKTSFCE7F7,01JZ1D0RX94M7HHBAJDNGV8QRS,2025-06-30T21:55:15.070693688Z,01JZ1D0S14X3T6948SDJVF454K,2025-06-30T21:55:15.070693688Z,01JZ1D4M3DA9VHJGDM7TJDNSPA,2025-06-30T21:55:15.070693688Z
01JZ17HNK6XD83BEXFW04VNRJE,01JZ170DPRHYGRH6M74WMGZ8J5,2025-06-30T20:13:08.582471822Z,01JZ170DS8YWG03GZVY59N3JD0,2025-06-30T20:13:08.582471822Z,01JZ17CW18JBK0SW96CVGPG5D0,2025-06-30T20:13:08.582471822Z
01JZ18P6GVVND6X1Z6C9HW8JSY,01JZ18G4TN4FH7205KTQTFE7PM,2025-06-30T20:33:05.563914322Z,01JZ18G50PJASP911XB82AW46K,2025-06-30T20:33:05.563914322Z,01JZ18M00QARBD4YKJZDM6JQBC,2025-06-30T20:33:05.563914322Z
01JZ18RFK2ZBE9K4A7S0FC7X24,01JZ18G4TN4FH7205KTQTFE7PM,2025-06-30T20:34:20.38672856Z,01JZ18G4ZZG5A688HVVJGKBFVW,2025-06-30T20:34:20.38672856Z,01JZ18K484MAW8WSQHH7HSG9Z4,2025-06-30T20:34:20.38672856Z
01JZ18QM8ADM673FX1T73XYT15,01JZ18G4TN4FH7205KTQTFE7PM,2025-06-30T20:33:52.395030484Z,01JZ18G4ZPD0G0WRB3ZSNJ4KSW,2025-06-30T20:33:52.395030484Z,01JZ18KHM8GJ48PE7RRH6Y4W94,2025-06-30T20:33:52.395030484Z
01JZ18RHDDHJV6DG5ZW97BPPH4,01JZ18G4TN4FH7205KTQTFE7PM,2025-06-30T20:34:22.253965571Z,01JZ18G50G0GKPPCFSW2N0ZNW1,2025-06-30T20:34:22.253965571Z,01JZ18N84ND15PG04895JYQ6RT,2025-06-30T20:34:22.253965571Z
01JZ1BNY4PB1N3K6EWHTKJG8HR,01JZ1B1VZ9TM9N3252XVVAH9DZ,2025-06-30T21:25:22.710118934Z,01JZ1B1W4RP0VXDDKCJTNKM3AX,2025-06-30T21:25:22.710118934Z,01JZ1BJRR128B2311DSMJCH15V,2025-06-30T21:25:22.710118934Z
01JZ1DJB43W4WFFKMG470RAAH4,01JZ1D0RX94M7HHBAJDNGV8QRS,2025-06-30T21:58:22.083800124Z,01JZ1D0S3N2D9DCG3EHS8AP4R1,2025-06-30T21:58:22.083800124Z,01JZ1DEB7GHZ5ZQY0VZXEDKFR1,2025-06-30T21:58:22.083800124Z
01JZ1GE15DGAFZY6SY8X4M1810,01JZ1G29Q82GQAKEXSK2E7NK3R,2025-06-30T22:48:26.541459621Z,01JZ1G2A3Q53QEYHDQX68WVVKH,2025-06-30T22:48:26.541459621Z,01JZ1G3T5HF7S211AZP2YJBSVP,2025-06-30T22:48:26.541459621Z
01JZ17HX04AV60J74EWGS1M8VY,01JZ170DPRHYGRH6M74WMGZ8J5,2025-06-30T20:13:16.164135677Z,01JZ170DS434CCJM920VN081CV,2025-06-30T20:13:16.164135677Z,01JZ17ENCSDKWD2M3Q3EC23N1W,2025-06-30T20:13:16.164135677Z
01JZ17QA349XR3TM13C1FWDY1K,01JZ170DPRHYGRH6M74WMGZ8J5,2025-06-30T20:16:13.412831949Z,01JZ170DS5DJKXJ3Z7YVJKJJXK,2025-06-30T20:16:13.412831949Z,01JZ178QXEVM580BRMFA0XSN9D,2025-06-30T20:16:13.412831949Z
01JZ18PAKWHZ4TANM076BWXM17,01JZ18G4TN4FH7205KTQTFE7PM,2025-06-30T20:33:09.756375373Z,01JZ18G4X5EPR69QT64DVYQXFJ,2025-06-30T20:33:09.756375373Z,01JZ18J0PFCTBHRZ327Y7ADC0R,2025-06-30T20:33:09.756375373Z
01JZ1AAQWP21QB6A4B1BX1C516,01JZ19VEXCKVX740B60X4W6PQN,2025-06-30T21:01:47.286519357Z,01JZ19VF5YA4VZJRJDVJVY1XBY,2025-06-30T21:01:47.286519357Z,01JZ1A13JPV17BYBZFE5Z1TESS,2025-06-30T21:01:47.286519357Z
01JZ17HWZYC5FARF3H3YEMR9YS,01JZ170DPRHYGRH6M74WMGZ8J5,2025-06-30T20:13:16.158563744Z,01JZ170DS434CCJM920VN081CV,2025-06-30T20:13:16.158563744Z,01JZ17AXNB63XKGBKW724P24XM,2025-06-30T20:13:16.158563744Z
01JZ17RSGSFW3VHKAF8T0K7B70,01JZ170DPRHYGRH6M74WMGZ8J5,2025-06-30T20:17:01.977480944Z,01JZ170DSP5HFMBRZWFQV8RFVC,2025-06-30T20:17:01.977480944Z,01JZ17D1Z4NJ06X2DRQ0XR8Y1G,2025-06-30T20:17:01.977480944Z
01JZ18ST5XCHR7GBSD0EAP3EH1,01JZ18G4TN4FH7205KTQTFE7PM,2025-06-30T20:35:03.997839287Z,01JZ18G508W9SSEDAT6B79GZND,2025-06-30T20:35:03.997839287Z,01JZ18M2SFWFRTRVV46KHVE0JB,2025-06-30T20:35:03.997839287Z
01JZ1ACG0914D6RE0NV0NRMX57,01JZ19VEXCKVX740B60X4W6PQN,2025-06-30T21:02:44.74578981Z,01JZ19VF6XEW5FG377QGXCTRD1,2025-06-30T21:02:44.74578981Z,01JZ1A81RPET9TAZBW4YBB121E,2025-06-30T21:02:44.74578981Z
01JZ1BAH47A7R5DWSCNRSPDTE5,01JZ1B1VZ9TM9N3252XVVAH9DZ,2025-06-30T21:19:08.935659301Z,01JZ1B1W6S117BH8HCA7NH9R7E,2025-06-30T21:19:08.935659301Z,01JZ1B4JZ145G1JXSZ180MKZQ7,2025-06-30T21:19:08.935659301Z
01JZ1D96VT3VK1ANW2ZF20X3B6,01JZ1D0RX94M7HHBAJDNGV8QRS,2025-06-30T21:53:22.81032253Z,01JZ1D0S58CJJ0G6BA8AW8ZVCS,2025-06-30T21:53:22.81032253Z,01JZ1D6ZQPM67S4BNXG3Y9BBD9,2025-06-30T21:53:22.81032253Z
01JZ1GJFX75N5Y5G2B8JQC17AP,01JZ1G29Q82GQAKEXSK2E7NK3R,2025-06-30T22:50:52.711206855Z,01JZ1G2ACHC2PPHGNQVYG69GCY,2025-06-30T22:50:52.711206855Z,01JZ1ESY682HMD53AEGK9VD2YT,2025-06-30T22:50:52.711206855Z
01JZ17NT4WY5JP1RJ3CH38XSMS,01JZ170DPRHYGRH6M74WMGZ8J5,2025-06-30T20:15:24.316169712Z,01JZ170DS0283SZNEN95XAWWS4,2025-06-30T20:15:24.316169712Z,01JZ17CS84WF94XY708FKX765Q,2025-06-30T20:15:24.316169712Z
01JZ18PAMPT2DD5EWT5XWSF6TG,01JZ18G4TN4FH7205KTQTFE7PM,2025-06-30T20:33:09.782093008Z,01JZ18G4X5EPR69QT64DVYQXFJ,2025-06-30T20:33:09.782093008Z,01JZ18KH2AEBXEHK9D1GSN56XX,2025-06-30T20:33:09.782093008Z
01JZ18RHBR205XBTNBMD7FB4VP,01JZ18G4TN4FH7205KTQTFE7PM,2025-06-30T20:34:22.200346075Z,01JZ18G50G0GKPPCFSW2N0ZNW1,2025-06-30T20:34:22.200346075Z,01JZ18HJ023RXZWDMJ23K3G02T,2025-06-30T20:34:22.200346075Z
01JZ18ST262VCW7KQVR56N0S3X,01JZ18G4TN4FH7205KTQTFE7PM,2025-06-30T20:35:03.878380029Z,01JZ18G508W9SSEDAT6B79GZND,2025-06-30T20:35:03.878380029Z,01JZ18JE7QR9RF8E7B9MDMMGE2,2025-06-30T20:35:03.878380029Z
01JZ1A31PCA29TFR4RHPD61JT3,01JZ19VEXCKVX740B60X4W6PQN,2025-06-30T20:57:35.180045555Z,01JZ19VF1X4TGM9HTAVFF08YB3,2025-06-30T20:57:35.180045555Z,01JZ19YSKES03CBT0DQ4XQZD4Y,2025-06-30T20:57:35.180045555Z
01JZ18NR406G4AD61ESDP9T3TV,01JZ18G4TN4FH7205KTQTFE7PM,2025-06-30T20:32:50.816219725Z,01JZ18G4ZDA13FR053ZT1R1FPF,2025-06-30T20:32:50.816219725Z,01JZ18JREDSF9T5ABKG1CCNPKZ,2025-06-30T20:32:50.816219725Z
01JZ18S8RZGRS01DTAZMM0NHP6,01JZ18G4TN4FH7205KTQTFE7PM,2025-06-30T20:34:46.175425461Z,01JZ18G4Z7SR18DC8PDBR22HS5,2025-06-30T20:34:46.175425461Z,01JZ18K0S7ESWE4C2YKPFWVG9K,2025-06-30T20:34:46.175425461Z
01JZ1ERV22FP6SHQXWY7Y9YZF5,01JZ1E916HBESJXS5SJ82BFZ21,2025-06-30T22:19:23.586392225Z,01JZ1E91HHYKGR583PHV4V6JXR,2025-06-30T22:19:23.586392225Z,01JZ1EFK9EEAEM2ASPQWEXC3TB,2025-06-30T22:19:23.586392225Z
01JZ1A8RMJH2YEYH188F6QF16X,01JZ19VEXCKVX740B60X4W6PQN,2025-06-30T21:00:42.514874546Z,01JZ19VF9WCS5BMDRCPXZK6ZBF,2025-06-30T21:00:42.514874546Z,01JZ19Y3KYVSPMBWF3EF2S04D7,2025-06-30T21:00:42.514874546Z
01JZ17J84F7A1KRBBV1VC4KAZV,01JZ170DPRHYGRH6M74WMGZ8J5,2025-06-30T20:13:27.567295876Z,01JZ170DSTXK5Z1DV671606E6A,2025-06-30T20:13:27.567295876Z,01JZ17DP10NW99AE12W6233E2P,2025-06-30T20:13:27.567295876Z
01JZ1AK063YWHP4618MEG5TTH7,01JZ19VEXCKVX740B60X4W6PQN,2025-06-30T21:06:17.923880357Z,01JZ19VF3FCDRKA7RA8CE3SQDH,2025-06-30T21:06:17.923880357Z,01JZ19ZRSF0H44Y7P62WF2M80H,2025-06-30T21:06:17.923880357Z
01JZ1BNY2AZPVRAZ7BWYJ8Z28S,01JZ1B1VZ9TM9N3252XVVAH9DZ,2025-06-30T21:25:22.634309814Z,01JZ1B1W4RP0VXDDKCJTNKM3AX,2025-06-30T21:25:22.634309814Z,01JZ1B80W46R4JBTV3ZZ1YXW46,2025-06-30T21:25:22.634309814Z
01JZ1CM9BFX9443V8CMFT1Q8J3,01JZ1C4XJFQQ45ZHGATAXVBX0J,2025-06-30T21:41:57.231270695Z,01JZ1C4XNE4VHGMR9JDZS6Y7F9,2025-06-30T21:41:57.231270695Z,01JZ1CH99SCVGB71HN39473CFW,2025-06-30T21:41:57.231270695Z
01JZ1GW2FVT21A9HDG814KNDRD,01JZ1G29Q82GQAKEXSK2E7NK3R,2025-06-30T22:56:06.651971294Z,01JZ1G2A58JMFV91VV93EGJJQY,2025-06-30T22:56:06.651971294Z,01JZ1GA4T24GEXMPJNJW9S8J83,2025-06-30T22:56:06.651971294Z
01JZ1A31MEMPWZ77KTNMWFM6VK,01JZ19VEXCKVX740B60X4W6PQN,2025-06-30T20:57:35.118536321Z,01JZ19VF1X4TGM9HTAVFF08YB3,2025-06-30T20:57:35.118536321Z,01JZ19XY7CXDASK651A0S5NR34,2025-06-30T20:57:35.118536321Z
01JZ1BD3H48NEH4JC5Q5EG5FDC,01JZ1B1VZ9TM9N3252XVVAH9DZ,2025-06-30T21:20:33.31704655Z,01JZ1B1W2WT8MR9NJ7RDDSFH2M,2025-06-30T21:20:33.31704655Z,01JZ1B4FWCV3S3JF90184ADC3A,2025-06-30T21:20:33.31704655Z
01JZ17QA2X2E9SD59M5Y97BWRG,01JZ170DPRHYGRH6M74WMGZ8J5,2025-06-30T20:16:13.405069411Z,01JZ170DS5DJKXJ3Z7YVJKJJXK,2025-06-30T20:16:13.405069411Z,01JZ178QE8FT7YCFAWRXFD895X,2025-06-30T20:16:13.405069411Z
01JZ17RSH5S82CT95QN6JXDKRN,01JZ170DPRHYGRH6M74WMGZ8J5,2025-06-30T20:17:01.989720237Z,01JZ170DSP5HFMBRZWFQV8RFVC,2025-06-30T20:17:01.989720237Z,01JZ17P1EBWH8TSGC8FNQFNMW7,2025-06-30T20:17:01.989720237Z
01JZ1C7YDZJH08WDYT4VQ8CHEV,01JZ1BX7WQMA45G0E33EEHJ3V9,2025-06-30T21:35:12.831394786Z,01JZ1BX81RJBYPGNM468STZ9YH,2025-06-30T21:35:12.831394786Z,01JZ1C7E8DJFPWRMGRQW39DWYT,2025-06-30T21:35:12.831394786Z
01JZ1ERV0YG7HT8DKY1DTE86TK,01JZ1E916HBESJXS5SJ82BFZ21,2025-06-30T22:19:23.550666291Z,01JZ1E91HHYKGR583PHV4V6JXR,2025-06-30T22:19:23.550666291Z,01JZ1EB79K0MG0B72T7KF449XB,2025-06-30T22:19:23.550666291Z
01JZ17RBASJM9ETDTC8433CPGR,01JZ170DPRHYGRH6M74WMGZ8J5,2025-06-30T20:16:47.449791985Z,01JZ170DRQN15452AYS561M232,2025-06-30T20:16:47.449791985Z,01JZ17R3E57YY9H2V5S1G4XMBW,2025-06-30T20:16:47.449791985Z
01JZ18NR3CPPBBG4VZ78REP63D,01JZ18G4TN4FH7205KTQTFE7PM,2025-06-30T20:32:50.796893598Z,01JZ18G4ZDA13FR053ZT1R1FPF,2025-06-30T20:32:50.796893598Z,01JZ18JGS17Q4PV0ZHE2RS3V2D,2025-06-30T20:32:50.796893598Z
01JZ17JC1J1RGWWBAVNQHJ0A01,01JZ170DPRHYGRH6M74WMGZ8J5,2025-06-30T20:13:31.571031147Z,01JZ170DSBT7R80F1BC6BFNZAP,2025-06-30T20:13:31.571031147Z,01JZ177S5KY8F9N4218V4EVNPY,2025-06-30T20:13:31.571031147Z
01JZ1DHWAE43RQXSNACYDTJP7K,01JZ1D0RX94M7HHBAJDNGV8QRS,2025-06-30T21:58:06.926373505Z,01JZ1D0S4EMT97ECKQ06X1ZWAX,2025-06-30T21:58:06.926373505Z,01JZ1DEBFXXB5H1WJY1A2P9E20,2025-06-30T21:58:06.926373505Z
01JZ1GWM21BJQD5KQXM4MVZC3E,01JZ1G29Q82GQAKEXSK2E7NK3R,2025-06-30T22:56:24.641530244Z,01JZ1G2AATTMJJ07WA2JZ9MF1K,2025-06-30T22:56:24.641530244Z,01JZ1GP55F36DXJQDEYTGWZ556,2025-06-30T22:56:24.641530244Z
01JZ1GWN3YBS02HDT8SGMN9XPM,01JZ1G29Q82GQAKEXSK2E7NK3R,2025-06-30T22:56:25.726531054Z,01JZ1G2AATTMJJ07WA2JZ9MF1K,2025-06-30T22:56:25.726531054Z,01JZ1GRY7J5YBFT0P7ME9XRK58,2025-06-30T22:56:25.726531054Z
01JZ18P6G6W3BF1SVZ9FFAE6F6,01JZ18G4TN4FH7205KTQTFE7PM,2025-06-30T20:33:05.542479815Z,01JZ18G50PJASP911XB82AW46K,2025-06-30T20:33:05.542479815Z,01JZ18KJE91G49FF99NPC5VF6Y,2025-06-30T20:33:05.542479815Z
01JZ18RR6YT50FDRJB643F7HXM,01JZ18G4TN4FH7205KTQTFE7PM,2025-06-30T20:34:29.214521477Z,01JZ18G4WPK6V9JKZAVKNYS3NB,2025-06-30T20:34:29.214521477Z,01JZ18M2HA1EB5SFB14JH49GDB,2025-06-30T20:34:29.214521477Z
01JZ18ST51WTJKVFTCXB42P66N,01JZ18G4TN4FH7205KTQTFE7PM,2025-06-30T20:35:03.969612397Z,01JZ18G508W9SSEDAT6B79GZND,2025-06-30T20:35:03.969612397Z,01JZ18JV7KEJAEZVY4PCFX2BA4,2025-06-30T20:35:03.969612397Z
01JZ1AAQXA39RM3QMBD0CEFE0V,01JZ19VEXCKVX740B60X4W6PQN,2025-06-30T21:01:47.306974699Z,01JZ19VF5YA4VZJRJDVJVY1XBY,2025-06-30T21:01:47.306974699Z,01JZ1A4C7ZG2R9MAMN2NVT495T,2025-06-30T21:01:47.306974699Z
01JZ1BB78QN1HHXJ5XH9YNBVNX,01JZ1B1VZ9TM9N3252XVVAH9DZ,2025-06-30T21:19:31.607791663Z,01JZ1B1W5AJ9N87HJBZ99HRQPJ,2025-06-30T21:19:31.607791663Z,01JZ1B4M3WKZR9J1GGJ7PR0S32,2025-06-30T21:19:31.607791663Z
01JZ18QW6PQ3VGKZB7JQ7ZMFW6,01JZ18G4TN4FH7205KTQTFE7PM,2025-06-30T20:34:00.534917804Z,01JZ18G4YK3PSP6R2PNWBA4P8S,2025-06-30T20:34:00.534917804Z,01JZ18J1HPCJW9NZWB0AN2GDSE,2025-06-30T20:34:00.534917804Z
01JZ1BAH1ETKPN4N15NZR59XSE,01JZ1B1VZ9TM9N3252XVVAH9DZ,2025-06-30T21:19:08.846533354Z,01JZ1B1W6S117BH8HCA7NH9R7E,2025-06-30T21:19:08.846533354Z,01JZ1B46GFSFAYTPK6TDTQG4WK,2025-06-30T21:19:08.846533354Z
01JZ1BH3ZW3AJCG5ADHY5SK420,01JZ1B1VZ9TM9N3252XVVAH9DZ,2025-06-30T21:22:44.860213313Z,01JZ1B1W68Y1JCNSRHTZJR0WTB,2025-06-30T21:22:44.860213313Z,01JZ1B84EMA8EXMS4XB5YP9VDA,2025-06-30T21:22:44.860213313Z
01JZ17QA3P13HZCBRPTWY0504X,01JZ170DPRHYGRH6M74WMGZ8J5,2025-06-30T20:16:13.431468006Z,01JZ170DS5DJKXJ3Z7YVJKJJXK,2025-06-30T20:16:13.431468006Z,01JZ17FZXSD3JPY8Z3YRMZJDDV,2025-06-30T20:16:13.431468006Z
01JZ17TR386B6WJT3C1ENRJKTR,01JZ170DPRHYGRH6M74WMGZ8J5,2025-06-30T20:18:06.056379096Z,01JZ170DS9MMA8EZAVKYS5SMHX,2025-06-30T20:18:06.056379096Z,01JZ17QM16148RHAHCPPZX620J,2025-06-30T20:18:06.056379096Z
01JZ197VWEAZ4DTD8GRYSXAMAF,01JZ18R9CHSHJ2BAJZ4M4PAW2X,2025-06-30T20:42:44.494548306Z,01JZ18RA3DBE17YR6D8FEXRWFY,2025-06-30T20:42:44.494548306Z,01JZ195RS4X3R0XZXASS7J2F2G,2025-06-30T20:42:44.494548306Z
01JZ17TR1F1PA86DXZZZX4R7RZ,01JZ170DPRHYGRH6M74WMGZ8J5,2025-06-30T20:18:05.999696577Z,01JZ170DS9MMA8EZAVKYS5SMHX,2025-06-30T20:18:05.999696577Z,01JZ177D1EC4DDHNWKT4R7S3XA,2025-06-30T20:18:05.999696577Z
01JZ18RFKQG2DHVC0ECR5VYW71,01JZ18G4TN4FH7205KTQTFE7PM,2025-06-30T20:34:20.408868923Z,01JZ18G4ZZG5A688HVVJGKBFVW,2025-06-30T20:34:20.408868923Z,01JZ18N06YG4ZMSQQQ92S1PQNP,2025-06-30T20:34:20.408868923Z
01JZ19030AZP7DWFG3H6EDJ76V,01JZ18QHX9XGN83K6T42FK97D5,2025-06-30T20:38:29.642899841Z,01JZ18QHYY9H3H8G0D5BR000CA,2025-06-30T20:38:29.642899841Z,01JZ18TPQGGX70KYFXP5KFA0ZD,2025-06-30T20:38:29.642899841Z
01JZ1C68M6DF3FC6CTQW99R9AZ,01JZ1BX7WQMA45G0E33EEHJ3V9,2025-06-30T21:34:17.734688383Z,01JZ1BX80QRTKGB6MH6HMRDXS1,2025-06-30T21:34:17.734688383Z,01JZ1BYVYWJTY34XWWWGSZYC2W,2025-06-30T21:34:17.734688383Z
01JZ1F709S3VEGBFB8C4R963HD,01JZ1E916HBESJXS5SJ82BFZ21,2025-06-30T22:27:07.70565823Z,01JZ1E91ENR7DC2PFTK7ZY5PTJ,2025-06-30T22:27:07.70565823Z,01JZ1EH0Y7EBSVGC3G89BQ213G,2025-06-30T22:27:07.70565823Z
01JZ192CGYVJF9DWKNQ894CQN7,01JZ18R9CHSHJ2BAJZ4M4PAW2X,2025-06-30T20:39:44.927025517Z,01JZ18RA48YSHMY5EWBJ9E61V2,2025-06-30T20:39:44.927025517Z,01JZ192103EKKYM21MP70AEJNN,2025-06-30T20:39:44.927025517Z
01JZ1ACFZS4KBK75WMNZG2T1E2,01JZ19VEXCKVX740B60X4W6PQN,2025-06-30T21:02:44.729205137Z,01JZ19VF6XEW5FG377QGXCTRD1,2025-06-30T21:02:44.729205137Z,01JZ19XTW2HK24K9S0K07R4X7Y,2025-06-30T21:02:44.729205137Z
01JZ17PPFMQJVA5527N5STAHKR,01JZ170DPRHYGRH6M74WMGZ8J5,2025-06-30T20:15:53.332640172Z,01JZ170DRV33K8D9D9ZMQKAW2D,2025-06-30T20:15:53.332640172Z,01JZ17DQR0WXBVGZE5VFC3T0EF,2025-06-30T20:15:53.332640172Z
01JZ1AK04AJPXNVJY5SFPSVCAS,01JZ19VEXCKVX740B60X4W6PQN,2025-06-30T21:06:17.866837443Z,01JZ19VF3FCDRKA7RA8CE3SQDH,2025-06-30T21:06:17.866837443Z,01JZ19WY3ATKAJQ5V1K5TAB38J,2025-06-30T21:06:17.866837443Z
01JZ1BNN7PSQ3C9NAKAZZ2V3DP,01JZ1B1VZ9TM9N3252XVVAH9DZ,2025-06-30T21:25:13.590820028Z,01JZ1B1W5TAZ0C76DBH0ZAEY5X,2025-06-30T21:25:13.590820028Z,01JZ1B4W32576VKF9GY80WC648,2025-06-30T21:25:13.590820028Z
01JZ18RP4T2C3N8PBD78M2CDP9,01JZ18G4TN4FH7205KTQTFE7PM,2025-06-30T20:34:27.098165983Z,01JZ18G4XMK5QHE5YNTR43VZ9V,2025-06-30T20:34:27.098165983Z,01JZ18JXMPKC16YBJ9SWX6E74P,2025-06-30T20:34:27.098165983Z
01JZ1A8RN8VYQAS38Y7AX2R7FZ,01JZ19VEXCKVX740B60X4W6PQN,2025-06-30T21:00:42.536288861Z,01JZ19VF9WCS5BMDRCPXZK6ZBF,2025-06-30T21:00:42.536288861Z,01JZ1A5BC93T1VSNTPVNANBKKY,2025-06-30T21:00:42.536288861Z
01JZ1DHFT8JTEDPHHY7ZXQWRE5,01JZ1D0RX94M7HHBAJDNGV8QRS,2025-06-30T21:57:54.12049716Z,01JZ1D0S61XK8FZCNQBM2ZAEE6,2025-06-30T21:57:54.12049716Z,01JZ1DFSBSFTDKE17JSS0VZPAS,2025-06-30T21:57:54.12049716Z
01JZ17H2HD1JC0SSH2JRDA5YRY,01JZ170DPRHYGRH6M74WMGZ8J5,2025-06-30T20:12:49.070054226Z,01JZ170DRXVGFVP20P8DK3M491,2025-06-30T20:12:49.070054226Z,01JZ17B2PHRTHG9KZ1P8A1158Q,2025-06-30T20:12:49.070054226Z
01JZ17HX02E3BG28VPG827ETFZ,01JZ170DPRHYGRH6M74WMGZ8J5,2025-06-30T20:13:16.16224789Z,01JZ170DS434CCJM920VN081CV,2025-06-30T20:13:16.16224789Z,01JZ17DF0FPMATGYC1VKMVTRWC,2025-06-30T20:13:16.16224789Z
01JZ17JC1RBQX2G5NGTF4MABRX,01JZ170DPRHYGRH6M74WMGZ8J5,2025-06-30T20:13:31.576377757Z,01JZ170DSBT7R80F1BC6BFNZAP,2025-06-30T20:13:31.576377757Z,01JZ17A0VX21AM44XR65ZCDBQZ,2025-06-30T20:13:31.576377757Z
01JZ17PPF7QH6KXD17NPA8ESTY,01JZ170DPRHYGRH6M74WMGZ8J5,2025-06-30T20:15:53.31982343Z,01JZ170DRV33K8D9D9ZMQKAW2D,2025-06-30T20:15:53.31982343Z,01JZ179XMYFK94EADRMMB2K8HQ,2025-06-30T20:15:53.31982343Z
01JZ18Q1PB718M4Z8SYP7ZP2ZG,01JZ18G4TN4FH7205KTQTFE7PM,2025-06-30T20:33:33.388325148Z,01JZ18G4YA2XRQ9RK4RH5WQB1P,2025-06-30T20:33:33.388325148Z,01JZ18MZ9CEYXM1F4JSENNJ9RA,2025-06-30T20:33:33.388325148Z
01JZ1ERV3Z8FAAFH285S1HV4SH,01JZ1E916HBESJXS5SJ82BFZ21,2025-06-30T22:19:23.647995847Z,01JZ1E91HHYKGR583PHV4V6JXR,2025-06-30T22:19:23.647995847Z,01JZ1EQAMF1CPBT3C20MBYJDP4,2025-06-30T22:19:23.647995847Z
01JZ1F28GX891D0RYQC3CR8GDY,01JZ1E916HBESJXS5SJ82BFZ21,2025-06-30T22:24:32.285541243Z,01JZ1E923XSJ5V9JGGJQR2CG7M,2025-06-30T22:24:32.285541243Z,01JZ1EMYVSBFSNMNYSTV9SNRK6,2025-06-30T22:24:32.285541243Z
01JZ17G6ZGZ11ZS0WRV2HFK4PP,01JZ170DPRHYGRH6M74WMGZ8J5,2025-06-30T20:12:20.848257883Z,01JZ170DRSFZ9Y16965WN1Z2F9,2025-06-30T20:12:20.848257883Z,01JZ17C7XWANHTDKEBR013EKFH,2025-06-30T20:12:20.848257883Z
01JZ17RSG85VZD5TWWVMHPQ90G,01JZ170DPRHYGRH6M74WMGZ8J5,2025-06-30T20:17:01.960573983Z,01JZ170DSP5HFMBRZWFQV8RFVC,2025-06-30T20:17:01.960573983Z,01JZ17992QEDC71MF0NWEGAJEP,2025-06-30T20:17:01.960573983Z
01JZ18S8QQBTT0JJXKX93FPD9H,01JZ18G4TN4FH7205KTQTFE7PM,2025-06-30T20:34:46.135778535Z,01JZ18G4Z7SR18DC8PDBR22HS5,2025-06-30T20:34:46.135778535Z,01JZ18HPXJ4G52DBV1JHKTXZPH,2025-06-30T20:34:46.135778535Z
01JZ197VTD344K1KC8GS2FZGJ9,01JZ18R9CHSHJ2BAJZ4M4PAW2X,2025-06-30T20:42:44.429636256Z,01JZ18RA3DBE17YR6D8FEXRWFY,2025-06-30T20:42:44.429636256Z,01JZ18V7AEVH5VMDMYVZ6HXGK5,2025-06-30T20:42:44.429636256Z
01JZ1BH3VT2791MBJFF2DHXQ2Q,01JZ1B1VZ9TM9N3252XVVAH9DZ,2025-06-30T21:22:44.730168938Z,01JZ1B1W68Y1JCNSRHTZJR0WTB,2025-06-30T21:22:44.730168938Z,01JZ1B62EVJPYFB1CKMM3NTQNK,2025-06-30T21:22:44.730168938Z
01JZ1AK073JJAQGHY9Y3YAAP4M,01JZ19VEXCKVX740B60X4W6PQN,2025-06-30T21:06:17.955754917Z,01JZ19VF3FCDRKA7RA8CE3SQDH,2025-06-30T21:06:17.955754917Z,01JZ19ZZZP5WTAHKTYB8XNJEC6,2025-06-30T21:06:17.955754917Z
01JZ1GM60JS4D9HAEVE9NX8FRP,01JZ1G29Q82GQAKEXSK2E7NK3R,2025-06-30T22:51:48.114976911Z,01JZ1G29XRNS92G9JYEX4H033M,2025-06-30T22:51:48.114976911Z,01JZ1GGT9KDQPYVBYTSYY1MHFW,2025-06-30T22:51:48.114976911Z
01JZ17TR3JM979FX8VGRMQCEEC,01JZ170DPRHYGRH6M74WMGZ8J5,2025-06-30T20:18:06.066569855Z,01JZ170DS9MMA8EZAVKYS5SMHX,2025-06-30T20:18:06.066569855Z,01JZ17S6ZC1ZB5QAG0E0350NSD,2025-06-30T20:18:06.066569855Z
01JZ192CGCMYGJBNW2PTQE1XDT,01JZ18R9CHSHJ2BAJZ4M4PAW2X,2025-06-30T20:39:44.908308351Z,01JZ18RA48YSHMY5EWBJ9E61V2,2025-06-30T20:39:44.908308351Z,01JZ18ZEQE5SB9NASAZX93YXN4,2025-06-30T20:39:44.908308351Z
01JZ1BD3EBVHQ7151NGVJBJ568,01JZ1B1VZ9TM9N3252XVVAH9DZ,2025-06-30T21:20:33.227908554Z,01JZ1B1W2WT8MR9NJ7RDDSFH2M,2025-06-30T21:20:33.227908554Z,01JZ1B3YWXA1F3DXJYFKHTVRDW,2025-06-30T21:20:33.227908554Z
01JZ1EWVBZSDR89J89NM33S0PY,01JZ1E916HBESJXS5SJ82BFZ21,2025-06-30T22:21:34.975122936Z,01JZ1E91MDHZVF6NVBEDDVGZWT,2025-06-30T22:21:34.975122936Z,01JZ1EARG6K6VN1DMMBQHNE2WC,2025-06-30T22:21:34.975122936Z
01JZ17MYAG0F174SGRWYP68M57,01JZ170DPRHYGRH6M74WMGZ8J5,2025-06-30T20:14:55.824648932Z,01JZ170DSMJZPS89ZBMFZ7ATK7,2025-06-30T20:14:55.824648932Z,01JZ178V1SBS1YEEZCW5R3AAJF,2025-06-30T20:14:55.824648932Z
01JZ1GM5YJCSYCFB1WXFPY6DGY,01JZ1G29Q82GQAKEXSK2E7NK3R,2025-06-30T22:51:48.05078697Z,01JZ1G29XRNS92G9JYEX4H033M,2025-06-30T22:51:48.05078697Z,01JZ1G6RSPQGYECJMX7N6G6VY8,2025-06-30T22:51:48.05078697Z
01JZ18QM9NDS1AAW4PJTDD7MG5,01JZ18G4TN4FH7205KTQTFE7PM,2025-06-30T20:33:52.43778135Z,01JZ18G4ZPD0G0WRB3ZSNJ4KSW,2025-06-30T20:33:52.43778135Z,01JZ18KKFGMMT5SG9HSP332X5F,2025-06-30T20:33:52.43778135Z
01JZ1C7YC92V4P5JA4JP4R55RQ,01JZ1BX7WQMA45G0E33EEHJ3V9,2025-06-30T21:35:12.777226914Z,01JZ1BX81RJBYPGNM468STZ9YH,2025-06-30T21:35:12.777226914Z,01JZ1BZM7HWWQQ5DW0EFWDSAQF,2025-06-30T21:35:12.777226914Z
01JZ18PMB92F75GNK7536CR2E3,01JZ18G4TN4FH7205KTQTFE7PM,2025-06-30T20:33:19.721591335Z,01JZ18G4Y1ABZPJ815NAWEN19T,2025-06-30T20:33:19.721591335Z,01JZ18HGDSE2JWMVWW1YEZN8Q5,2025-06-30T20:33:19.721591335Z
01JZ1AQBBRS8FPXJ2KH5AP8117,01JZ19VEXCKVX740B60X4W6PQN,2025-06-30T21:08:40.440636885Z,01JZ19VF4XXDC5SP97SM18G8VM,2025-06-30T21:08:40.440636885Z,01JZ1AFP0ZSM5GDN23SMJMVZTW,2025-06-30T21:08:40.440636885Z
01JZ17KG2VXW31131EEHVKKSFK,01JZ170DPRHYGRH6M74WMGZ8J5,2025-06-30T20:14:08.478208743Z,01JZ170DSWJ6311N72HPSQWG9K,2025-06-30T20:14:08.478208743Z,01JZ17BEMM8D7MEKMFQ0MBS3DE,2025-06-30T20:14:08.478208743Z
01JZ17M8QQ2ZR1ANQJZ15ER977,01JZ170DPRHYGRH6M74WMGZ8J5,2025-06-30T20:14:33.719940136Z,01JZ170DSR5F2SARFX61BD5BFD,2025-06-30T20:14:33.719940136Z,01JZ17HAYAY9BSFK3RQNTEMCZ6,2025-06-30T20:14:33.719940136Z
01JZ17NT4MC03N5NVGZ45GY6FX,01JZ170DPRHYGRH6M74WMGZ8J5,2025-06-30T20:15:24.308573096Z,01JZ170DS0283SZNEN95XAWWS4,2025-06-30T20:15:24.308573096Z,01JZ174WHQCMCA8133PA37NAKC,2025-06-30T20:15:24.308573096Z
01JZ1GDRBEB52T86Q17GG20WK0,01JZ1G29Q82GQAKEXSK2E7NK3R,2025-06-30T22:48:17.519026925Z,01JZ1G2A6YM039KVE3FBKDN5TM,2025-06-30T22:48:17.519026925Z,01JZ1G5Y4DKCPQ2K5FM2F479YF,2025-06-30T22:48:17.519026925Z
01JZ1GG3Y85NC8XJPH4A0JQZF6,01JZ1G29Q82GQAKEXSK2E7NK3R,2025-06-30T22:49:34.920742131Z,01JZ1G2A24PAZYJHH2EQFGJG7N,2025-06-30T22:49:34.920742131Z,01JZ1G82YG8RECYV7TAMBGD9YX,2025-06-30T22:49:34.920742131Z
01JZ17J84D8VYTCYQ0BWYW61G6,01JZ170DPRHYGRH6M74WMGZ8J5,2025-06-30T20:13:27.565770621Z,01JZ170DSTXK5Z1DV671606E6A,2025-06-30T20:13:27.565770621Z,01JZ17CV56KYXDEZD0V6G3R2C0,2025-06-30T20:13:27.565770621Z
01JZ17MYAR9FYG5RYGF0Y3CDQZ,01JZ170DPRHYGRH6M74WMGZ8J5,2025-06-30T20:14:55.832347044Z,01JZ170DSMJZPS89ZBMFZ7ATK7,2025-06-30T20:14:55.832347044Z,01JZ17DJ18S9CGE8H6D4S1K333,2025-06-30T20:14:55.832347044Z
01JZ17RSGY9A08NMJB8JMDX0P9,01JZ170DPRHYGRH6M74WMGZ8J5,2025-06-30T20:17:01.983011275Z,01JZ170DSP5HFMBRZWFQV8RFVC,2025-06-30T20:17:01.983011275Z,01JZ17GRXVCB86SQX36KBD73NW,2025-06-30T20:17:01.983011275Z
01JZ19035PC04QR318YRBK6V87,01JZ18QHX9XGN83K6T42FK97D5,2025-06-30T20:38:29.814416034Z,01JZ18QHYY9H3H8G0D5BR000CA,2025-06-30T20:38:29.814416034Z,01JZ18YPQMX7TQXCKGYZNA73VF,2025-06-30T20:38:29.814416034Z
01JZ1A31NF6QX7ACR9AWP3W0XF,01JZ19VEXCKVX740B60X4W6PQN,2025-06-30T20:57:35.151076534Z,01JZ19VF1X4TGM9HTAVFF08YB3,2025-06-30T20:57:35.151076534Z,01JZ19YKGANWM091HXPRFZY75R,2025-06-30T20:57:35.151076534Z
01JZ1ACFZ474MW3JR1DZ3M6737,01JZ19VEXCKVX740B60X4W6PQN,2025-06-30T21:02:44.708744516Z,01JZ19VF6XEW5FG377QGXCTRD1,2025-06-30T21:02:44.708744516Z,01JZ19XENNWSXAPJJVN05DNY45,2025-06-30T21:02:44.708744516Z
01JZ1AQBCV3T26E3X10RZRVA2P,01JZ19VEXCKVX740B60X4W6PQN,2025-06-30T21:08:40.475938887Z,01JZ19VF4XXDC5SP97SM18G8VM,2025-06-30T21:08:40.475938887Z,01JZ1ANDKY8QTNAK6C66WRTD5R,2025-06-30T21:08:40.475938887Z
01JZ1CM9AH1ERX7GH9EW619KT0,01JZ1C4XJFQQ45ZHGATAXVBX0J,2025-06-30T21:41:57.201417492Z,01JZ1C4XNE4VHGMR9JDZS6Y7F9,2025-06-30T21:41:57.201417492Z,01JZ1CF8R7DWBKG9F2768N54QZ,2025-06-30T21:41:57.201417492Z
01JZ17G6ZFVR49ZFVNXQKRTBCZ,01JZ170DPRHYGRH6M74WMGZ8J5,2025-06-30T20:12:20.847309731Z,01JZ170DRSFZ9Y16965WN1Z2F9,2025-06-30T20:12:20.847309731Z,01JZ17C681KCXJ6DBBJAQ640Z7,2025-06-30T20:12:20.847309731Z
01JZ18NR2GDQCATJQ12JB1FVES,01JZ18G4TN4FH7205KTQTFE7PM,2025-06-30T20:32:50.768646279Z,01JZ18G4ZDA13FR053ZT1R1FPF,2025-06-30T20:32:50.768646279Z,01JZ18HGW0W96RSNBB49GQ9E8B,2025-06-30T20:32:50.768646279Z
01JZ1EWVE6G8W5G9DQJCXPDHAK,01JZ1E916HBESJXS5SJ82BFZ21,2025-06-30T22:21:35.0460902Z,01JZ1E91MDHZVF6NVBEDDVGZWT,2025-06-30T22:21:35.0460902Z,01JZ1EK6MNQT8KSAR9HC017X0H,2025-06-30T22:21:35.0460902Z
01JZ1F28CVCS26756Z49G41WNC,01JZ1E916HBESJXS5SJ82BFZ21,2025-06-30T22:24:32.155948948Z,01JZ1E923XSJ5V9JGGJQR2CG7M,2025-06-30T22:24:32.155948948Z,01JZ1EED3A8PGE3DSBSCB45ADQ,2025-06-30T22:24:32.155948948Z
01JZ17MEQF3CBRJYNKCDJVXVJ8,01JZ170DPRHYGRH6M74WMGZ8J5,2025-06-30T20:14:39.855688347Z,01JZ170DS434CCJM920K0JDY80,2025-06-30T20:14:39.855688347Z,01JZ17JRNHBCA9Z1PDJFB00SE3,2025-06-30T20:14:39.855688347Z
01JZ18ST7CJAWJVGGP4N31PVYZ,01JZ18G4TN4FH7205KTQTFE7PM,2025-06-30T20:35:04.04495844Z,01JZ18G508W9SSEDAT6B79GZND,2025-06-30T20:35:04.04495844Z,01JZ18NT2QY0K3T67RMTHTZ875,2025-06-30T20:35:04.04495844Z
01JZ19031F6V94BYF8HCVG3K2M,01JZ18QHX9XGN83K6T42FK97D5,2025-06-30T20:38:29.67964062Z,01JZ18QHYY9H3H8G0D5BR000CA,2025-06-30T20:38:29.67964062Z,01JZ18XHK71TAH4K8NFWQ8XDAZ,2025-06-30T20:38:29.67964062Z
01JZ1BD3FSP179GBD8MZD4GAJE,01JZ1B1VZ9TM9N3252XVVAH9DZ,2025-06-30T21:20:33.273314722Z,01JZ1B1W2WT8MR9NJ7RDDSFH2M,2025-06-30T21:20:33.273314722Z,01JZ1B40FQ24C0Z8EC9VKSS7KY,2025-06-30T21:20:33.273314722Z
01JZ1DFX28XJE6B0CFYTZMWWH8,01JZ1D0RX94M7HHBAJDNGV8QRS,2025-06-30T21:57:02.152762632Z,01JZ1D0S064NT759Q480WCA8PK,2025-06-30T21:57:02.152762632Z,01JZ1DCDN091GX33H1NPEY9NA8,2025-06-30T21:57:02.152762632Z
01JZ17M8QJMYMP7SR18AYRQNJW,01JZ170DPRHYGRH6M74WMGZ8J5,2025-06-30T20:14:33.714152332Z,01JZ170DSR5F2SARFX61BD5BFD,2025-06-30T20:14:33.714152332Z,01JZ17DTG6GCYHCZ1XV1B4YQSG,2025-06-30T20:14:33.714152332Z
01JZ17QA3GNCG6NNS7342Q50H1,01JZ170DPRHYGRH6M74WMGZ8J5,2025-06-30T20:16:13.424775156Z,01JZ170DS5DJKXJ3Z7YVJKJJXK,2025-06-30T20:16:13.424775156Z,01JZ17ETMDVKMB5DEN58FYX8NM,2025-06-30T20:16:13.424775156Z
01JZ1BJ12AKQTGQ2Y94PV4WV9N,01JZ1B1VZ9TM9N3252XVVAH9DZ,2025-06-30T21:23:14.634993111Z,01JZ1B1W46BH5YH0XYSE8KJRBK,2025-06-30T21:23:14.634993111Z,01JZ1B811D0DJD23YQN2DZYBGD,2025-06-30T21:23:14.634993111Z
01JZ1C7YD20TQQECNGB0NBRY71,01JZ1BX7WQMA45G0E33EEHJ3V9,2025-06-30T21:35:12.80344878Z,01JZ1BX81RJBYPGNM468STZ9YH,2025-06-30T21:35:12.80344878Z,01JZ1C1P9WXAKXCBQ2MNEBPRTC,2025-06-30T21:35:12.80344878Z
01JZ18RR4X63V3KWM09Q4VN6PY,01JZ18G4TN4FH7205KTQTFE7PM,2025-06-30T20:34:29.149807985Z,01JZ18G4WPK6V9JKZAVKNYS3NB,2025-06-30T20:34:29.149807985Z,01JZ18HQA6W5BPMK1V3RE89H1N,2025-06-30T20:34:29.149807985Z
01JZ18Q1P14RV6RCKN7DXXT9T5,01JZ18G4TN4FH7205KTQTFE7PM,2025-06-30T20:33:33.377818686Z,01JZ18G4YA2XRQ9RK4RH5WQB1P,2025-06-30T20:33:33.377818686Z,01JZ18M8PYM3H87ZASWMAC2B64,2025-06-30T20:33:33.377818686Z
01JZ18QCFD79GNRW4KB0JZEJ6C,01JZ18G4TN4FH7205KTQTFE7PM,2025-06-30T20:33:44.429980275Z,01JZ18G4YTQTSXFW2X0Y80VGVG,2025-06-30T20:33:44.429980275Z,01JZ18M95D7WX9RB46ACE56086,2025-06-30T20:33:44.429980275Z
01JZ17HJX10WS0QWP1QYP27TSY,01JZ170DPRHYGRH6M74WMGZ8J5,2025-06-30T20:13:05.825315085Z,01JZ170DS32PJY8CQRMADJXFRG,2025-06-30T20:13:05.825315085Z,01JZ17A84G8QVPB3RW2KXSNH3H,2025-06-30T20:13:05.825315085Z
01JZ1DJB17ABCBBHRZ8YV000NS,01JZ1D0RX94M7HHBAJDNGV8QRS,2025-06-30T21:58:21.991522707Z,01JZ1D0S3N2D9DCG3EHS8AP4R1,2025-06-30T21:58:21.991522707Z,01JZ1D7D81NBZRDY8M09FZNXH6,2025-06-30T21:58:21.991522707Z
01JZ17M61T04X7G6BSD6PTX32W,01JZ170DPRHYGRH6M74WMGZ8J5,2025-06-30T20:14:30.970453354Z,01JZ170DRWH3Q5VEKFYTCWXCB9,2025-06-30T20:14:30.970453354Z,01JZ17C9CHCZD4MC1P47MP5FMT,2025-06-30T20:14:30.970453354Z
01JZ17RSGGTQFJRQ3BAMJF6Y2R,01JZ170DPRHYGRH6M74WMGZ8J5,2025-06-30T20:17:01.971396102Z,01JZ170DSP5HFMBRZWFQV8RFVC,2025-06-30T20:17:01.971396102Z,01JZ17BG508D1SYGKCV9ECDV4F,2025-06-30T20:17:01.971396102Z
01JZ18R88T8NR487EZDCJS6CP3,01JZ18G4TN4FH7205KTQTFE7PM,2025-06-30T20:34:12.890818797Z,01JZ18G512YK4K14AJW1A4KQT5,2025-06-30T20:34:12.890818797Z,01JZ18JHACQMQPJCAE4XRR7QFX,2025-06-30T20:34:12.890818797Z
01JZ1BNMZCMS04WJDKZAMS4K4H,01JZ1B1VZ9TM9N3252XVVAH9DZ,2025-06-30T21:25:13.324792627Z,01JZ1B1W5TAZ0C76DBH0ZAEY5X,2025-06-30T21:25:13.324792627Z,01JZ1B3G6JQBSFAAE2943ZEQ9V,2025-06-30T21:25:13.324792627Z
01JZ1DJB01YBE85GBA07064D4N,01JZ1D0RX94M7HHBAJDNGV8QRS,2025-06-30T21:58:21.953618066Z,01JZ1D0S3N2D9DCG3EHS8AP4R1,2025-06-30T21:58:21.953618066Z,01JZ1D49JVTEEYC1V6ZNF5Y9RQ,2025-06-30T21:58:21.953618066Z
01JZ17HJWVB3MDYWRJTYYJ4F7E,01JZ170DPRHYGRH6M74WMGZ8J5,2025-06-30T20:13:05.819941543Z,01JZ170DS32PJY8CQRMADJXFRG,2025-06-30T20:13:05.819941543Z,01JZ176XCKRH7MED6P6JRG4D22,2025-06-30T20:13:05.819941543Z
01JZ17RBAG6X96RENWY2GDTHVS,01JZ170DPRHYGRH6M74WMGZ8J5,2025-06-30T20:16:47.44074309Z,01JZ170DRQN15452AYS561M232,2025-06-30T20:16:47.44074309Z,01JZ17QY7AVGGNKHH7ZM5STBVV,2025-06-30T20:16:47.44074309Z
01JZ197VV3SJY1G0ARE430DNCE,01JZ18R9CHSHJ2BAJZ4M4PAW2X,2025-06-30T20:42:44.451533148Z,01JZ18RA3DBE17YR6D8FEXRWFY,2025-06-30T20:42:44.451533148Z,01JZ18YGCJT7GPM1GCH83ZG2E6,2025-06-30T20:42:44.451533148Z
01JZ1GKKVSP3KQ30KW1YSSMZA7,01JZ1G29Q82GQAKEXSK2E7NK3R,2025-06-30T22:51:29.529795631Z,01JZ1G2A9825Q9R0AFVXQNTR63,2025-06-30T22:51:29.529795631Z,01JZ1G559C6P7CY3FSGY2MAEHK,2025-06-30T22:51:29.529795631Z
01JZ1GW24XJZ5VJFCJYKJ2S12F,01JZ1G29Q82GQAKEXSK2E7NK3R,2025-06-30T22:56:06.301493973Z,01JZ1G2A58JMFV91VV93EGJJQY,2025-06-30T22:56:06.301493973Z,01JZ1G5G1FFKZK7WVQ264NYRHA,2025-06-30T22:56:06.301493973Z
01JZ17PPFY19FWA3QT0H6CQ3VT,01JZ170DPRHYGRH6M74WMGZ8J5,2025-06-30T20:15:53.342786258Z,01JZ170DRV33K8D9D9ZMQKAW2D,2025-06-30T20:15:53.342786258Z,01JZ17FY7YEZ14CJBS3JX2EV3B,2025-06-30T20:15:53.342786258Z
01JZ18P6DRRFMPPKW0SNR0XZ4C,01JZ18G4TN4FH7205KTQTFE7PM,2025-06-30T20:33:05.464163013Z,01JZ18G50PJASP911XB82AW46K,2025-06-30T20:33:05.464163013Z,01JZ18HFN6SPVZ5DYGTVB7ZVYC,2025-06-30T20:33:05.464163013Z
01JZ18RHD3K3NPAABDF0AYVCAW,01JZ18G4TN4FH7205KTQTFE7PM,2025-06-30T20:34:22.243314861Z,01JZ18G50G0GKPPCFSW2N0ZNW1,2025-06-30T20:34:22.243314861Z,01JZ18MW05S42NZ47MWBQC7P11,2025-06-30T20:34:22.243314861Z
01JZ1BD3PHHATRNY6TQ914AS1K,01JZ1B1VZ9TM9N3252XVVAH9DZ,2025-06-30T21:20:33.500898937Z,01JZ1B1W2WT8MR9NJ7RDDSFH2M,2025-06-30T21:20:33.500898937Z,01JZ1BAVN5GCQ9KGRAEPYWSGEC,2025-06-30T21:20:33.500898937Z
01JZ1BH3T9J04MNSVC28AFY8FG,01JZ1B1VZ9TM9N3252XVVAH9DZ,2025-06-30T21:22:44.681912044Z,01JZ1B1W68Y1JCNSRHTZJR0WTB,2025-06-30T21:22:44.681912044Z,01JZ1B483R9XXNDJ9MZBRK2ZQ1,2025-06-30T21:22:44.681912044Z
01JZ18QW7CB22AY6SGNDXMW1YC,01JZ18G4TN4FH7205KTQTFE7PM,2025-06-30T20:34:00.55617281Z,01JZ18G4YK3PSP6R2PNWBA4P8S,2025-06-30T20:34:00.55617281Z,01JZ18JNT2QKJHBG0YSDA5VWH8,2025-06-30T20:34:00.55617281Z
01JZ18RR58YZ5TSSWER6X5E3XR,01JZ18G4TN4FH7205KTQTFE7PM,2025-06-30T20:34:29.160334078Z,01JZ18G4WPK6V9JKZAVKNYS3NB,2025-06-30T20:34:29.160334078Z,01JZ18JMHXTQBMPEHHS7NP2031,2025-06-30T20:34:29.160334078Z
01JZ1EY0FA333KSXBYCNFNH5X7,01JZ1E916HBESJXS5SJ82BFZ21,2025-06-30T22:22:12.970822865Z,01JZ1E91WFH0SPDF0PZ6G1349X,2025-06-30T22:22:12.970822865Z,01JZ1ENXKQ8QM070MZA5HYVVNG,2025-06-30T22:22:12.970822865Z
01JZ17KG37TWPWZ54Z68Q97QWS,01JZ170DPRHYGRH6M74WMGZ8J5,2025-06-30T20:14:08.487567526Z,01JZ170DSWJ6311N72HPSQWG9K,2025-06-30T20:14:08.487567526Z,01JZ17HR3SKAZC9R19A608NCQK,2025-06-30T20:14:08.487567526Z
01JZ18R0W95WG32C9QM8R6KBK5,01JZ18G4TN4FH7205KTQTFE7PM,2025-06-30T20:34:05.321415289Z,01JZ18G4XDWA3A08Y0HZ5HSAAF,2025-06-30T20:34:05.321415289Z,01JZ18KBAJ0PGQTXZHZSD7KQ4A,2025-06-30T20:34:05.321415289Z
01JZ1AAQXVSDHF3C757KFT6K9X,01JZ19VEXCKVX740B60X4W6PQN,2025-06-30T21:01:47.323697203Z,01JZ19VF5YA4VZJRJDVJVY1XBY,2025-06-30T21:01:47.323697203Z,01JZ1A8FR32NPD5RJ1DVE9H7Y6,2025-06-30T21:01:47.323697203Z
01JZ1BH3YTBRDKP8JH5CQ2D6FQ,01JZ1B1VZ9TM9N3252XVVAH9DZ,2025-06-30T21:22:44.826910285Z,01JZ1B1W68Y1JCNSRHTZJR0WTB,2025-06-30T21:22:44.826910285Z,01JZ1B7EJ94Z1F34T98KN1PN13,2025-06-30T21:22:44.826910285Z
01JZ1DHW6ZEEEE3E2DE1BHZ4PR,01JZ1D0RX94M7HHBAJDNGV8QRS,2025-06-30T21:58:06.816031034Z,01JZ1D0S4EMT97ECKQ06X1ZWAX,2025-06-30T21:58:06.816031034Z,01JZ1D6PDAATCEYCV60SVGFECN,2025-06-30T21:58:06.816031034Z
01JZ17G5133P5YB99MCHSEJ9P6,01JZ170DPRHYGRH6M74WMGZ8J5,2025-06-30T20:12:18.85184386Z,01JZ170DRRRWN613C5WJQ8B5Q6,2025-06-30T20:12:18.85184386Z,01JZ176AGFMX3JE5XFYY83S9AY,2025-06-30T20:12:18.85184386Z
01JZ17KG2PSW54R274N2HXVD9C,01JZ170DPRHYGRH6M74WMGZ8J5,2025-06-30T20:14:08.470354816Z,01JZ170DSWJ6311N72HPSQWG9K,2025-06-30T20:14:08.470354816Z,01JZ17AF66R5T85771E9QQ650E,2025-06-30T20:14:08.470354816Z
01JZ18NR32A01YBAJDW983TXDS,01JZ18G4TN4FH7205KTQTFE7PM,2025-06-30T20:32:50.786916673Z,01JZ18G4ZDA13FR053ZT1R1FPF,2025-06-30T20:32:50.786916673Z,01JZ18J71C4JGFMP9MP8Y4KY9T,2025-06-30T20:32:50.786916673Z
01JZ18ST0XXDJKWV8FVSGS2A99,01JZ18G4TN4FH7205KTQTFE7PM,2025-06-30T20:35:03.837606888Z,01JZ18G508W9SSEDAT6B79GZND,2025-06-30T20:35:03.837606888Z,01JZ18J46H2273JNNKGGW4JXM3,2025-06-30T20:35:03.837606888Z
01JZ18S8SCXWCXEJ3DPTXJDTT2,01JZ18G4TN4FH7205KTQTFE7PM,2025-06-30T20:34:46.188551868Z,01JZ18G4Z7SR18DC8PDBR22HS5,2025-06-30T20:34:46.188551868Z,01JZ18KKD45G2Z51GTDYMFBGF8,2025-06-30T20:34:46.188551868Z
01JZ1BB7BBJNGKP3B6FV99QX21,01JZ1B1VZ9TM9N3252XVVAH9DZ,2025-06-30T21:19:31.691811943Z,01JZ1B1W5AJ9N87HJBZ99HRQPJ,2025-06-30T21:19:31.691811943Z,01JZ1BAG1QXXZT2G75G9P8N6Y2,2025-06-30T21:19:31.691811943Z
01JZ1EY0CP2QY2M2HAHWATYHGE,01JZ1E916HBESJXS5SJ82BFZ21,2025-06-30T22:22:12.886362412Z,01JZ1E91WFH0SPDF0PZ6G1349X,2025-06-30T22:22:12.886362412Z,01JZ1EBNRXWXP0H461Z4YMKNYP,2025-06-30T22:22:12.886362412Z
01JZ18PMCG807JR098EPZVHEF9,01JZ18G4TN4FH7205KTQTFE7PM,2025-06-30T20:33:19.761468416Z,01JZ18G4Y1ABZPJ815NAWEN19T,2025-06-30T20:33:19.761468416Z,01JZ18JTT4THQJ9FYDDES7JX1C,2025-06-30T20:33:19.761468416Z
01JZ1GKKTKF0MR850WXFEB1K4M,01JZ1G29Q82GQAKEXSK2E7NK3R,2025-06-30T22:51:29.491617911Z,01JZ1G2A9825Q9R0AFVXQNTR63,2025-06-30T22:51:29.491617911Z,01JZ1G4P5HG5MYYFH3JNW3CKA9,2025-06-30T22:51:29.491617911Z
01JZ17HNJYZ6XF365RSQHNPS8A,01JZ170DPRHYGRH6M74WMGZ8J5,2025-06-30T20:13:08.5743526Z,01JZ170DS8YWG03GZVY59N3JD0,2025-06-30T20:13:08.5743526Z,01JZ179QC9P59RRBVKW06P1VJF,2025-06-30T20:13:08.5743526Z
01JZ17NT4R5638QKMYGPQ43VG1,01JZ170DPRHYGRH6M74WMGZ8J5,2025-06-30T20:15:24.312358471Z,01JZ170DS0283SZNEN95XAWWS4,2025-06-30T20:15:24.312358471Z,01JZ17BCV91FG1WVF832RTXB76,2025-06-30T20:15:24.312358471Z
01JZ18RP57BYM7XGWNQSWJVT2P,01JZ18G4TN4FH7205KTQTFE7PM,2025-06-30T20:34:27.111459888Z,01JZ18G4XMK5QHE5YNTR43VZ9V,2025-06-30T20:34:27.111459888Z,01JZ18JYQDFDP4EVNZQ3HF507K,2025-06-30T20:34:27.111459888Z
01JZ1A8RKPJG8TT9B9K0G04B2T,01JZ19VEXCKVX740B60X4W6PQN,2025-06-30T21:00:42.486397906Z,01JZ19VF9WCS5BMDRCPXZK6ZBF,2025-06-30T21:00:42.486397906Z,01JZ19Y0QS6ZDMVQR73DRR23RB,2025-06-30T21:00:42.486397906Z
01JZ17NRQRNNXYZK6C2DJNQDWS,01JZ170DPRHYGRH6M74WMGZ8J5,2025-06-30T20:15:22.872196263Z,01JZ170DSXXMDA003X79NFA4N0,2025-06-30T20:15:22.872196263Z,01JZ17G2CQ2WMWNSJEQJ6XDN5X,2025-06-30T20:15:22.872196263Z
01JZ1D77BTKSH0JNBQ4DAAV54E,01JZ1D0RX94M7HHBAJDNGV8QRS,2025-06-30T21:52:17.786670174Z,01JZ1D0S2S8SEBXETFQJSTGM5V,2025-06-30T21:52:17.786670174Z,01JZ1D4AYTG2DMXZZ36EVW3RQ2,2025-06-30T21:52:17.786670174Z
01JZ1DFX4E8K82YHFQ7KAQSC6S,01JZ1D0RX94M7HHBAJDNGV8QRS,2025-06-30T21:57:02.222590015Z,01JZ1D0S064NT759Q480WCA8PK,2025-06-30T21:57:02.222590015Z,01JZ1DEJMJQ3008TVKPGG206S9,2025-06-30T21:57:02.222590015Z
01JZ1GW349A9ZMCHRYN691FTS2,01JZ1G29Q82GQAKEXSK2E7NK3R,2025-06-30T22:56:07.305469615Z,01JZ1G2A58JMFV91VV93EGJJQY,2025-06-30T22:56:07.305469615Z,01JZ1GV1M5Q32ZNQW2E45R5EH9,2025-06-30T22:56:07.305469615Z
01JZ17G514PSYCGK3Q924AD4XR,01JZ170DPRHYGRH6M74WMGZ8J5,2025-06-30T20:12:18.85285889Z,01JZ170DRRRWN613C5WJQ8B5Q6,2025-06-30T20:12:18.85285889Z,01JZ1783Y320G4QQ1JCVQAE220,2025-06-30T20:12:18.85285889Z
01JZ17G6ZA7JYVNT6GYMVV1YNG,01JZ170DPRHYGRH6M74WMGZ8J5,2025-06-30T20:12:20.84206612Z,01JZ170DRSFZ9Y16965WN1Z2F9,2025-06-30T20:12:20.84206612Z,01JZ17AK41GP2DW5ZS1AJ3K35J,2025-06-30T20:12:20.84206612Z
01JZ17H2HG38RYTK19GPYSF8J2,01JZ170DPRHYGRH6M74WMGZ8J5,2025-06-30T20:12:49.072968034Z,01JZ170DRXVGFVP20P8DK3M491,2025-06-30T20:12:49.072968034Z,01JZ17BF7NX0X3DRNTNKBRP4A9,2025-06-30T20:12:49.072968034Z
01JZ17M8PQGKT4V7GG4E843HXR,01JZ170DPRHYGRH6M74WMGZ8J5,2025-06-30T20:14:33.687204847Z,01JZ170DSR5F2SARFX61BD5BFD,2025-06-30T20:14:33.687204847Z,01JZ179KCXD57AZVEGR3X2YKFH,2025-06-30T20:14:33.687204847Z
01JZ17M8Q7HA7EV98NG94A8H7Y,01JZ170DPRHYGRH6M74WMGZ8J5,2025-06-30T20:14:33.703426086Z,01JZ170DSR5F2SARFX61BD5BFD,2025-06-30T20:14:33.703426086Z,01JZ17BSGD1ZFE3AGW45TSH40F,2025-06-30T20:14:33.703426086Z
01JZ18R0TJVQSG98A7NV74YHCM,01JZ18G4TN4FH7205KTQTFE7PM,2025-06-30T20:34:05.266116807Z,01JZ18G4XDWA3A08Y0HZ5HSAAF,2025-06-30T20:34:05.266116807Z,01JZ18JRC4BH8D9FBM20ZHDN29,2025-06-30T20:34:05.266116807Z
01JZ1BJ1586FF07E05F78QNQPE,01JZ1B1VZ9TM9N3252XVVAH9DZ,2025-06-30T21:23:14.728145183Z,01JZ1B1W46BH5YH0XYSE8KJRBK,2025-06-30T21:23:14.728145183Z,01JZ1B9W35DBJAZZ7ZHMPZZDPP,2025-06-30T21:23:14.728145183Z
01JZ1CM99EC3V84D8RGRZVBN1Z,01JZ1C4XJFQQ45ZHGATAXVBX0J,2025-06-30T21:41:57.166070091Z,01JZ1C4XNE4VHGMR9JDZS6Y7F9,2025-06-30T21:41:57.166070091Z,01JZ1CF267R4DM5CMXPS4VKSEE,2025-06-30T21:41:57.166070091Z
01JZ18P6FMXKMT69VHWYNNRZ8J,01JZ18G4TN4FH7205KTQTFE7PM,2025-06-30T20:33:05.524070147Z,01JZ18G50PJASP911XB82AW46K,2025-06-30T20:33:05.524070147Z,01JZ18KCZAP8MJWF3YFSDPP92T,2025-06-30T20:33:05.524070147Z
01JZ18S8R5RHGZGPJ3DXKMRW8W,01JZ18G4TN4FH7205KTQTFE7PM,2025-06-30T20:34:46.149340237Z,01JZ18G4Z7SR18DC8PDBR22HS5,2025-06-30T20:34:46.149340237Z,01JZ18JCX14E3JYTT1AT1DNHJS,2025-06-30T20:34:46.149340237Z
01JZ1F459AP0SHNZ574W83GYGC,01JZ1E916HBESJXS5SJ82BFZ21,2025-06-30T22:25:34.506230678Z,01JZ1E91SWVSXS6FK33QCMH9SP,2025-06-30T22:25:34.506230678Z,01JZ1F2TBXEZEKPK7X854K54D8,2025-06-30T22:25:34.506230678Z
01JZ17G6Z7XN2WS2KV2DYCKTN6,01JZ170DPRHYGRH6M74WMGZ8J5,2025-06-30T20:12:20.839344081Z,01JZ170DRSFZ9Y16965WN1Z2F9,2025-06-30T20:12:20.839344081Z,01JZ17971DQBZCGDTGNY2JH6QQ,2025-06-30T20:12:20.839344081Z
01JZ17JC1YYA0VQPQQ8T8G7F4A,01JZ170DPRHYGRH6M74WMGZ8J5,2025-06-30T20:13:31.582723074Z,01JZ170DSBT7R80F1BC6BFNZAP,2025-06-30T20:13:31.582723074Z,01JZ17E2HGHQEBNZ4BGFQ4PF6N,2025-06-30T20:13:31.582723074Z
01JZ1GG3ZWABKRW86NHEPERP3J,01JZ1G29Q82GQAKEXSK2E7NK3R,2025-06-30T22:49:34.972084418Z,01JZ1G2A24PAZYJHH2EQFGJG7N,2025-06-30T22:49:34.972084418Z,01JZ1GC4MM47P5V75X6NCDXBTN,2025-06-30T22:49:34.972084418Z
01JZ17TR2CPCMP4XDK92HG14M6,01JZ170DPRHYGRH6M74WMGZ8J5,2025-06-30T20:18:06.028767777Z,01JZ170DS9MMA8EZAVKYS5SMHX,2025-06-30T20:18:06.028767777Z,01JZ17CPP7Y270N83EX04850B6,2025-06-30T20:18:06.028767777Z
01JZ18QCCMKJXN71QPWJXGNDCC,01JZ18G4TN4FH7205KTQTFE7PM,2025-06-30T20:33:44.340846992Z,01JZ18G4YTQTSXFW2X0Y80VGVG,2025-06-30T20:33:44.340846992Z,01JZ18JHMPB6Y0TNZB1CBHN9G9,2025-06-30T20:33:44.340846992Z
01JZ1BNN0TE18YFEWXA1C7367M,01JZ1B1VZ9TM9N3252XVVAH9DZ,2025-06-30T21:25:13.370798464Z,01JZ1B1W5TAZ0C76DBH0ZAEY5X,2025-06-30T21:25:13.370798464Z,01JZ1B3WZ5Q8VM6YQPSTYC2J5Y,2025-06-30T21:25:13.370798464Z
01JZ1GDR8JA386VZHQ8JK6P3MB,01JZ1G29Q82GQAKEXSK2E7NK3R,2025-06-30T22:48:17.426719555Z,01JZ1G2A6YM039KVE3FBKDN5TM,2025-06-30T22:48:17.426719555Z,01JZ1G4ZKPR33SMREF8RYR14CE,2025-06-30T22:48:17.426719555Z
01JZ17H2HBC4Z4QH6VAH2PYRZA,01JZ170DPRHYGRH6M74WMGZ8J5,2025-06-30T20:12:49.067751553Z,01JZ170DRXVGFVP20P8DK3M491,2025-06-30T20:12:49.067751553Z,01JZ179T9EE5NWF4YTXDRCZC5E,2025-06-30T20:12:49.067751553Z
01JZ17HJWZ913Z9N9WXGYHB7EA,01JZ170DPRHYGRH6M74WMGZ8J5,2025-06-30T20:13:05.823741375Z,01JZ170DS32PJY8CQRMADJXFRG,2025-06-30T20:13:05.823741375Z,01JZ1788J67VDXAH0W6F8T66AB,2025-06-30T20:13:05.823741375Z
01JZ17TR2WMKEXRZGF6YJMNRN2,01JZ170DPRHYGRH6M74WMGZ8J5,2025-06-30T20:18:06.044484584Z,01JZ170DS9MMA8EZAVKYS5SMHX,2025-06-30T20:18:06.044484584Z,01JZ17HFJ1YVGFVR94GB9T8A4P,2025-06-30T20:18:06.044484584Z
01JZ18Q1PN6Y275NC2NHE7QPYR,01JZ18G4TN4FH7205KTQTFE7PM,2025-06-30T20:33:33.398015687Z,01JZ18G4YA2XRQ9RK4RH5WQB1P,2025-06-30T20:33:33.398015687Z,01JZ18NCTENJS4RVDRQ8JG1EGE,2025-06-30T20:33:33.398015687Z
01JZ18RFJQP1NV0MKRR3RHWJ5X,01JZ18G4TN4FH7205KTQTFE7PM,2025-06-30T20:34:20.376774495Z,01JZ18G4ZZG5A688HVVJGKBFVW,2025-06-30T20:34:20.376774495Z,01JZ18JE9A6THSRA3515C4Q3GE,2025-06-30T20:34:20.376774495Z
01JZ17J846E0M61XPBPZBEPE9X,01JZ170DPRHYGRH6M74WMGZ8J5,2025-06-30T20:13:27.558198567Z,01JZ170DSTXK5Z1DV671606E6A,2025-06-30T20:13:27.558198567Z,01JZ179522187EFD1N9MCMN3YS,2025-06-30T20:13:27.558198567Z
01JZ17RBA2FDPXVE872BMAYYE1,01JZ170DPRHYGRH6M74WMGZ8J5,2025-06-30T20:16:47.426262012Z,01JZ170DRQN15452AYS561M232,2025-06-30T20:16:47.426262012Z,01JZ17EC9TCGFEVCEX7CCFP6AJ,2025-06-30T20:16:47.426262012Z
01JZ1AAB811HP2097YT9YYYA5A,01JZ19VEXCKVX740B60X4W6PQN,2025-06-30T21:01:34.337373644Z,01JZ19VF81DTYMGWYB0TAJKDWY,2025-06-30T21:01:34.337373644Z,01JZ19XTEVTQG67NAP9C737569,2025-06-30T21:01:34.337373644Z
01JZ1D779H69SWV7WZ20EEH01E,01JZ1D0RX94M7HHBAJDNGV8QRS,2025-06-30T21:52:17.713932398Z,01JZ1D0S2S8SEBXETFQJSTGM5V,2025-06-30T21:52:17.713932398Z,01JZ1D322QVYNT268ZSCN1M2TD,2025-06-30T21:52:17.713932398Z
01JZ1A8RJ0GD3PVW18KVW3BNKE,01JZ19VEXCKVX740B60X4W6PQN,2025-06-30T21:00:42.432659156Z,01JZ19VF9WCS5BMDRCPXZK6ZBF,2025-06-30T21:00:42.432659156Z,01JZ18QF2693Q9TCBGRNNEEKBJ,2025-06-30T21:00:42.432659156Z
01JZ1DCMJ1QZYJCPT8DDHM3GF3,01JZ1D0RX94M7HHBAJDNGV8QRS,2025-06-30T21:55:15.13789144Z,01JZ1D0S14X3T6948SDJVF454K,2025-06-30T21:55:15.13789144Z,01JZ1D8RW634M5KPJ3DDHQYDRD,2025-06-30T21:55:15.13789144Z
01JZ18RR65SZ0R4PRMAK41N7MW,01JZ18G4TN4FH7205KTQTFE7PM,2025-06-30T20:34:29.189576424Z,01JZ18G4WPK6V9JKZAVKNYS3NB,2025-06-30T20:34:29.189576424Z,01JZ18K1EBQ2BSVM3H7XBRVG61,2025-06-30T20:34:29.189576424Z
01JZ1BAH6ZWJNET3WQ95HCGK63,01JZ1B1VZ9TM9N3252XVVAH9DZ,2025-06-30T21:19:09.023885382Z,01JZ1B1W6S117BH8HCA7NH9R7E,2025-06-30T21:19:09.023885382Z,01JZ1B7296HT4QZTVSQ7DGFCMT,2025-06-30T21:19:09.023885382Z
01JZ1BJ13S0CVD2PKHA1AQ7WMM,01JZ1B1VZ9TM9N3252XVVAH9DZ,2025-06-30T21:23:14.681802897Z,01JZ1B1W46BH5YH0XYSE8KJRBK,2025-06-30T21:23:14.681802897Z,01JZ1B88RR65Q9PG31DJTYC075,2025-06-30T21:23:14.681802897Z
01JZ1GJG0ADT6EFJ1DHZQFYQTB,01JZ1G29Q82GQAKEXSK2E7NK3R,2025-06-30T22:50:52.81072839Z,01JZ1G2ACHC2PPHGNQVYG69GCY,2025-06-30T22:50:52.81072839Z,01JZ1GHHR8Y5813M82KVZRR659,2025-06-30T22:50:52.81072839Z
01JZ1GM5W4XNZ3W1998JRYFX5T,01JZ1G29Q82GQAKEXSK2E7NK3R,2025-06-30T22:51:47.972984271Z,01JZ1G29XRNS92G9JYEX4H033M,2025-06-30T22:51:47.972984271Z,01JZ1G630GW64096KNZNG4RDAZ,2025-06-30T22:51:47.972984271Z
01JZ17G6Z88VMMKRTA6QNKHEGA,01JZ170DPRHYGRH6M74WMGZ8J5,2025-06-30T20:12:20.840885324Z,01JZ170DRSFZ9Y16965WN1Z2F9,2025-06-30T20:12:20.840885324Z,01JZ17ACVQQE42SB51P5M3A1GH,2025-06-30T20:12:20.840885324Z
01JZ18QW7PVNT5SPTQTNZ4ZM2V,01JZ18G4TN4FH7205KTQTFE7PM,2025-06-30T20:34:00.566802554Z,01JZ18G4YK3PSP6R2PNWBA4P8S,2025-06-30T20:34:00.566802554Z,01JZ18K6XVG6N44078RFW6M633,2025-06-30T20:34:00.566802554Z
01JZ18R0TYETCAJPSEY3M5ATT1,01JZ18G4TN4FH7205KTQTFE7PM,2025-06-30T20:34:05.278665549Z,01JZ18G4XDWA3A08Y0HZ5HSAAF,2025-06-30T20:34:05.278665549Z,01JZ18JX7AQFGHWSY2V5AEBRM0,2025-06-30T20:34:05.278665549Z
01JZ1EST3DMAXPXC4HDA7Q58NY,01JZ1E916HBESJXS5SJ82BFZ21,2025-06-30T22:19:55.373240542Z,01JZ1E926BWK6TV1HDSC3ZQW4Y,2025-06-30T22:19:55.373240542Z,01JZ1EQKR69J0BQM6378QJ8X8Y,2025-06-30T22:19:55.373240542Z
01JZ1GE16HRH5JPZ0BCVZ1RMNJ,01JZ1G29Q82GQAKEXSK2E7NK3R,2025-06-30T22:48:26.578005044Z,01JZ1G2A3Q53QEYHDQX68WVVKH,2025-06-30T22:48:26.578005044Z,01JZ1G4QT3J0N96RSDER5H66SR,2025-06-30T22:48:26.578005044Z
01JZ17RB9TAXAKNE89JQ2A0B69,01JZ170DPRHYGRH6M74WMGZ8J5,2025-06-30T20:16:47.419050247Z,01JZ170DRQN15452AYS561M232,2025-06-30T20:16:47.419050247Z,01JZ177RVVNSCWMQHY3N3M9P3Y,2025-06-30T20:16:47.419050247Z
01JZ1AABC4HREW2D5YDS6A9ANZ,01JZ19VEXCKVX740B60X4W6PQN,2025-06-30T21:01:34.468963752Z,01JZ19VF81DTYMGWYB0TAJKDWY,2025-06-30T21:01:34.468963752Z,01JZ1A1K79TTT3Z2JTQ13NPY5P,2025-06-30T21:01:34.468963752Z
01JZ1EWVD8G0B8YNHN21R427XX,01JZ1E916HBESJXS5SJ82BFZ21,2025-06-30T22:21:35.016686216Z,01JZ1E91MDHZVF6NVBEDDVGZWT,2025-06-30T22:21:35.016686216Z,01JZ1EDVQZ0X09D6ACA1N9J2V2,2025-06-30T22:21:35.016686216Z
01JZ17G5172D6HBHEG34C7K9AB,01JZ170DPRHYGRH6M74WMGZ8J5,2025-06-30T20:12:18.855548501Z,01JZ170DRRRWN613C5WJQ8B5Q6,2025-06-30T20:12:18.855548501Z,01JZ17A832XNJZN2KK8205TMZH,2025-06-30T20:12:18.855548501Z
01JZ17JC1TD06QS3DSG3R64RZF,01JZ170DPRHYGRH6M74WMGZ8J5,2025-06-30T20:13:31.578791361Z,01JZ170DSBT7R80F1BC6BFNZAP,2025-06-30T20:13:31.578791361Z,01JZ17BXN8A0CN51A90XTP0KJK,2025-06-30T20:13:31.578791361Z
01JZ17JC20AD19QJBZME21GE80,01JZ170DPRHYGRH6M74WMGZ8J5,2025-06-30T20:13:31.585028534Z,01JZ170DSBT7R80F1BC6BFNZAP,2025-06-30T20:13:31.585028534Z,01JZ17EXP8SEZEBZPSE6GPG8ZM,2025-06-30T20:13:31.585028534Z
01JZ17MEQ83VK192NQ45J7ST5H,01JZ170DPRHYGRH6M74WMGZ8J5,2025-06-30T20:14:39.848712346Z,01JZ170DS434CCJM920K0JDY80,2025-06-30T20:14:39.848712346Z,01JZ17BXPZGQSXJ1A4PH60Q6WQ,2025-06-30T20:14:39.848712346Z
01JZ17NT55KXCPF0V044QSX0GP,01JZ170DPRHYGRH6M74WMGZ8J5,2025-06-30T20:15:24.325724901Z,01JZ170DS0283SZNEN95XAWWS4,2025-06-30T20:15:24.325724901Z,01JZ17J8N9NAW1ASAH1NWPJBAP,2025-06-30T20:15:24.325724901Z
01JZ17M61X9DXZ9SSEHXGDY1VR,01JZ170DPRHYGRH6M74WMGZ8J5,2025-06-30T20:14:30.973083079Z,01JZ170DRWH3Q5VEKFYTCWXCB9,2025-06-30T20:14:30.973083079Z,01JZ17E300K9YQ0KK94FSGZ5RV,2025-06-30T20:14:30.973083079Z
01JZ17MEQ0CP4Z901NDZBE70SF,01JZ170DPRHYGRH6M74WMGZ8J5,2025-06-30T20:14:39.840397589Z,01JZ170DS434CCJM920K0JDY80,2025-06-30T20:14:39.840397589Z,01JZ17AA6B6W27BR52VPQ8MSYM,2025-06-30T20:14:39.840397589Z
01JZ18R88G260XBSH39EZ5QJ4F,01JZ18G4TN4FH7205KTQTFE7PM,2025-06-30T20:34:12.880974182Z,01JZ18G512YK4K14AJW1A4KQT5,2025-06-30T20:34:12.880974182Z,01JZ18JCRWSH5Z1V97KVRN4VV2,2025-06-30T20:34:12.880974182Z
01JZ1DJB2KTZP1HQ1JRCCSK2N6,01JZ1D0RX94M7HHBAJDNGV8QRS,2025-06-30T21:58:22.035217991Z,01JZ1D0S3N2D9DCG3EHS8AP4R1,2025-06-30T21:58:22.035217991Z,01JZ1DB76758JPZGHYCN646V7S,2025-06-30T21:58:22.035217991Z
01JZ1GDREB0KH59NVQ8VWQM7P4,01JZ1G29Q82GQAKEXSK2E7NK3R,2025-06-30T22:48:17.611738712Z,01JZ1G2A6YM039KVE3FBKDN5TM,2025-06-30T22:48:17.611738712Z,01JZ1G8WT4QHCTZSBPJCV6WM6W,2025-06-30T22:48:17.611738712Z
01JZ17MEQDRXB3TQSVP6H9TEB8,01JZ170DPRHYGRH6M74WMGZ8J5,2025-06-30T20:14:39.853589578Z,01JZ170DS434CCJM920K0JDY80,2025-06-30T20:14:39.853589578Z,01JZ17ED81WEQ81KNKMV8HM1Z1,2025-06-30T20:14:39.853589578Z
01JZ1ACG1BSRRR2GH49Y6QD86H,01JZ19VEXCKVX740B60X4W6PQN,2025-06-30T21:02:44.779077055Z,01JZ19VF6XEW5FG377QGXCTRD1,2025-06-30T21:02:44.779077055Z,01JZ1A9RXDVME7RYXTWFBGWCFN,2025-06-30T21:02:44.779077055Z
01JZ1DCMF0EMVDK3CQNDHV8JM9,01JZ1D0RX94M7HHBAJDNGV8QRS,2025-06-30T21:55:15.040697542Z,01JZ1D0S14X3T6948SDJVF454K,2025-06-30T21:55:15.040697542Z,01JZ1D3Y76V55J2284DH2783V0,2025-06-30T21:55:15.040697542Z
01JZ1DHW864YVVE0K30JNQ9D0N,01JZ1D0RX94M7HHBAJDNGV8QRS,2025-06-30T21:58:06.854372394Z,01JZ1D0S4EMT97ECKQ06X1ZWAX,2025-06-30T21:58:06.854372394Z,01JZ1DAGGXK4R30KWG4J61A22A,2025-06-30T21:58:06.854372394Z
01JZ1F704K51W9C0P86Q1CWJTR,01JZ1E916HBESJXS5SJ82BFZ21,2025-06-30T22:27:07.540045539Z,01JZ1E91ENR7DC2PFTK7ZY5PTJ,2025-06-30T22:27:07.540045539Z,01JZ1EBW22KQBY52ZW0XEVAEWD,2025-06-30T22:27:07.540045539Z
01JZ18RR6KQZTSVEE360K03JV2,01JZ18G4TN4FH7205KTQTFE7PM,2025-06-30T20:34:29.203929947Z,01JZ18G4WPK6V9JKZAVKNYS3NB,2025-06-30T20:34:29.203929947Z,01JZ18K4JZ90XMGGNXMJGKEJ5P,2025-06-30T20:34:29.203929947Z
01JZ1A8RK4MJ1KYX1TW9MH44T5,01JZ19VEXCKVX740B60X4W6PQN,2025-06-30T21:00:42.468586324Z,01JZ19VF9WCS5BMDRCPXZK6ZBF,2025-06-30T21:00:42.468586324Z,01JZ19XSD6SYGG49Q271DJ23J5,2025-06-30T21:00:42.468586324Z
01JZ1DHFRE0X9GP4FQWQMG2BBD,01JZ1D0RX94M7HHBAJDNGV8QRS,2025-06-30T21:57:54.062836727Z,01JZ1D0S61XK8FZCNQBM2ZAEE6,2025-06-30T21:57:54.062836727Z,01JZ1DEPX3PNQ2MN8YPK5QHYXE,2025-06-30T21:57:54.062836727Z
01JZ1EST293MQXMZ96HN28965X,01JZ1E916HBESJXS5SJ82BFZ21,2025-06-30T22:19:55.337531767Z,01JZ1E926BWK6TV1HDSC3ZQW4Y,2025-06-30T22:19:55.337531767Z,01JZ1EB9A62JTZM8674AWVY211,2025-06-30T22:19:55.337531767Z
01JZ17PPFDWX5J0J2VCQ6JW27R,01JZ170DPRHYGRH6M74WMGZ8J5,2025-06-30T20:15:53.325881444Z,01JZ170DRV33K8D9D9ZMQKAW2D,2025-06-30T20:15:53.325881444Z,01JZ17A4X6KDHXD87KVKY87426,2025-06-30T20:15:53.325881444Z
01JZ17RB9J89FJDFC0D2GC8AK5,01JZ170DPRHYGRH6M74WMGZ8J5,2025-06-30T20:16:47.410379036Z,01JZ170DRQN15452AYS561M232,2025-06-30T20:16:47.410379036Z,01JZ1772PK70ARCRD25BW9JS91,2025-06-30T20:16:47.410379036Z
01JZ18QCDHH51N382CV0X9FNSS,01JZ18G4TN4FH7205KTQTFE7PM,2025-06-30T20:33:44.369877094Z,01JZ18G4YTQTSXFW2X0Y80VGVG,2025-06-30T20:33:44.369877094Z,01JZ18JSY9P3KAE5N38ASDX51K,2025-06-30T20:33:44.369877094Z
01JZ18R8A0VG7JGRARP3071RSK,01JZ18G4TN4FH7205KTQTFE7PM,2025-06-30T20:34:12.928707432Z,01JZ18G512YK4K14AJW1A4KQT5,2025-06-30T20:34:12.928707432Z,01JZ18P8E791PBV9BDRV76VVRH,2025-06-30T20:34:12.928707432Z
01JZ18RFJ51FMNW9T2E02B2RDR,01JZ18G4TN4FH7205KTQTFE7PM,2025-06-30T20:34:20.357959873Z,01JZ18G4ZZG5A688HVVJGKBFVW,2025-06-30T20:34:20.357959873Z,01JZ18HSGA4VKS1NR0MAVDXW88,2025-06-30T20:34:20.357959873Z
01JZ1EST0YNPHFVBK9AQBDM2DS,01JZ1E916HBESJXS5SJ82BFZ21,2025-06-30T22:19:55.294479875Z,01JZ1E926BWK6TV1HDSC3ZQW4Y,2025-06-30T22:19:55.294479875Z,01JZ1EARCRST2HDXDY98Q0AYJ8,2025-06-30T22:19:55.294479875Z
01JZ17QA2PKT22PXS7SKJYBVZ8,01JZ170DPRHYGRH6M74WMGZ8J5,2025-06-30T20:16:13.398878057Z,01JZ170DS5DJKXJ3Z7YVJKJJXK,2025-06-30T20:16:13.398878057Z,01JZ1763ZE1VD7FNYG3WZHGCWZ,2025-06-30T20:16:13.398878057Z
01JZ18PMCVY2R069MZ8BGZHF75,01JZ18G4TN4FH7205KTQTFE7PM,2025-06-30T20:33:19.771759395Z,01JZ18G4Y1ABZPJ815NAWEN19T,2025-06-30T20:33:19.771759395Z,01JZ18KZMETYG3YXGETN6WS81Q,2025-06-30T20:33:19.771759395Z
01JZ1CAKN5H8Q2K30B7V3X8JDH,01JZ1BX7WQMA45G0E33EEHJ3V9,2025-06-30T21:36:40.101119086Z,01JZ1BX82RNFGPPA94NES9507T,2025-06-30T21:36:40.101119086Z,01JZ1C8ESVRXKY79BT9BNGMME4,2025-06-30T21:36:40.101119086Z
01JZ1GG3WRD6QH4QP0DA4P1DFX,01JZ1G29Q82GQAKEXSK2E7NK3R,2025-06-30T22:49:34.873546854Z,01JZ1G2A24PAZYJHH2EQFGJG7N,2025-06-30T22:49:34.873546854Z,01JZ1G7JX1NV5X3X0139HRSB32,2025-06-30T22:49:34.873546854Z
01JZ18R0WW213H2E3F01G8WRYD,01JZ18G4TN4FH7205KTQTFE7PM,2025-06-30T20:34:05.341052559Z,01JZ18G4XDWA3A08Y0HZ5HSAAF,2025-06-30T20:34:05.341052559Z,01JZ18N4BCMMEGJT5ZAJGY6HHX,2025-06-30T20:34:05.341052559Z
01JZ1AQBC9YNHMM08A7T11TQNH,01JZ19VEXCKVX740B60X4W6PQN,2025-06-30T21:08:40.457553347Z,01JZ19VF4XXDC5SP97SM18G8VM,2025-06-30T21:08:40.457553347Z,01JZ1AHC0761QMCW1DPTW1G44R,2025-06-30T21:08:40.457553347Z
01JZ1F2J4TXVSYBFC5VWDY8D4M,01JZ1E916HBESJXS5SJ82BFZ21,2025-06-30T22:24:42.138859804Z,01JZ1E91Q18GQE49C0XSDVMF75,2025-06-30T22:24:42.138859804Z,01JZ1ESJSZ4605B74MTV3MB0PF,2025-06-30T22:24:42.138859804Z
01JZ1F4570ZJZY0HEE7DH2K8GZ,01JZ1E916HBESJXS5SJ82BFZ21,2025-06-30T22:25:34.43298605Z,01JZ1E91SWVSXS6FK33QCMH9SP,2025-06-30T22:25:34.43298605Z,01JZ1EJSF3D74SJNMB9KEWHKK2,2025-06-30T22:25:34.43298605Z
01JZ18RFKCTXBRTVQDM9D4558A,01JZ18G4TN4FH7205KTQTFE7PM,2025-06-30T20:34:20.397458736Z,01JZ18G4ZZG5A688HVVJGKBFVW,2025-06-30T20:34:20.397458736Z,01JZ18MMDMG5C7AC3NER6KSMTG,2025-06-30T20:34:20.397458736Z
01JZ1D96T1N98M83ZTS22ZKRD5,01JZ1D0RX94M7HHBAJDNGV8QRS,2025-06-30T21:53:22.753839451Z,01JZ1D0S58CJJ0G6BA8AW8ZVCS,2025-06-30T21:53:22.753839451Z,01JZ1D2JACBKKH4S9P6DT2Z2QZ,2025-06-30T21:53:22.753839451Z
01JZ1F28EWF32FWDF3DE404363,01JZ1E916HBESJXS5SJ82BFZ21,2025-06-30T22:24:32.220768598Z,01JZ1E923XSJ5V9JGGJQR2CG7M,2025-06-30T22:24:32.220768598Z,01JZ1EF4VM7JABTTZNP94E67E7,2025-06-30T22:24:32.220768598Z
01JZ17NRQ7WJANVQKG0DHKWN7B,01JZ170DPRHYGRH6M74WMGZ8J5,2025-06-30T20:15:22.855691054Z,01JZ170DSXXMDA003X79NFA4N0,2025-06-30T20:15:22.855691054Z,01JZ179JK7EB00XG1XXC6JXGYV,2025-06-30T20:15:22.855691054Z
01JZ18PAKJ9EHS05KYJQCMY0HR,01JZ18G4TN4FH7205KTQTFE7PM,2025-06-30T20:33:09.746858409Z,01JZ18G4X5EPR69QT64DVYQXFJ,2025-06-30T20:33:09.746858409Z,01JZ18HXXDMVGXCQ4P1CVWEG2V,2025-06-30T20:33:09.746858409Z
01JZ18PMC6VBXZ87WJJB4TQJN8,01JZ18G4TN4FH7205KTQTFE7PM,2025-06-30T20:33:19.751702722Z,01JZ18G4Y1ABZPJ815NAWEN19T,2025-06-30T20:33:19.751702722Z,01JZ18JGZBSWHAA8MGTKR735JR,2025-06-30T20:33:19.751702722Z
01JZ18Q1NBTH9GNB55FCJ9R0FD,01JZ18G4TN4FH7205KTQTFE7PM,2025-06-30T20:33:33.35675059Z,01JZ18G4YA2XRQ9RK4RH5WQB1P,2025-06-30T20:33:33.35675059Z,01JZ18KR3KN1X0F0J0JP7HHD78,2025-06-30T20:33:33.35675059Z
01JZ1AQBDC54TA8JPYYHG17X4W,01JZ19VEXCKVX740B60X4W6PQN,2025-06-30T21:08:40.492638462Z,01JZ19VF4XXDC5SP97SM18G8VM,2025-06-30T21:08:40.492638462Z,01JZ1ANH2BAB5BYK2XY4CKB2EM,2025-06-30T21:08:40.492638462Z
01JZ1D77GJMPRZYDR5WENCPW1S,01JZ1D0RX94M7HHBAJDNGV8QRS,2025-06-30T21:52:17.938445163Z,01JZ1D0S2S8SEBXETFQJSTGM5V,2025-06-30T21:52:17.938445163Z,01JZ1D5N9EKRCKNEX5N0FCN65V,2025-06-30T21:52:17.938445163Z
01JZ17H2HFCB9J97TSQ46GMPYD,01JZ170DPRHYGRH6M74WMGZ8J5,2025-06-30T20:12:49.071337954Z,01JZ170DRXVGFVP20P8DK3M491,2025-06-30T20:12:49.071337954Z,01JZ17B3EJNXDWZGY3QVC1296A,2025-06-30T20:12:49.071337954Z
01JZ17KG334FDZKBXBWE0826TD,01JZ170DPRHYGRH6M74WMGZ8J5,2025-06-30T20:14:08.483469936Z,01JZ170DSWJ6311N72HPSQWG9K,2025-06-30T20:14:08.483469936Z,01JZ17D915S4GRY1FXGXK8RTTY,2025-06-30T20:14:08.483469936Z
01JZ18R895RH272SA6Y9YGNX8V,01JZ18G4TN4FH7205KTQTFE7PM,2025-06-30T20:34:12.901134477Z,01JZ18G512YK4K14AJW1A4KQT5,2025-06-30T20:34:12.901134477Z,01JZ18JYCDAD1FWP17TG353JM2,2025-06-30T20:34:12.901134477Z
01JZ1BNN2HWQDPV9BCXSPW2B67,01JZ1B1VZ9TM9N3252XVVAH9DZ,2025-06-30T21:25:13.425847903Z,01JZ1B1W5TAZ0C76DBH0ZAEY5X,2025-06-30T21:25:13.425847903Z,01JZ1B3Y49GJFDA022ZKPSHE7M,2025-06-30T21:25:13.425847903Z
01JZ1GWKZ98VK78WPF6E6E8EVK,01JZ1G29Q82GQAKEXSK2E7NK3R,2025-06-30T22:56:24.553606695Z,01JZ1G2AATTMJJ07WA2JZ9MF1K,2025-06-30T22:56:24.553606695Z,01JZ1G6XMV3T4ACX6H99BN9F1E,2025-06-30T22:56:24.553606695Z
01JZ18Q1MYSCRQZFHFPABCCY5V,01JZ18G4TN4FH7205KTQTFE7PM,2025-06-30T20:33:33.342728548Z,01JZ18G4YA2XRQ9RK4RH5WQB1P,2025-06-30T20:33:33.342728548Z,01JZ18J306MV90AN3KDTPG10SX,2025-06-30T20:33:33.342728548Z
01JZ17M61Z436J9YV5NY4R7BHT,01JZ170DPRHYGRH6M74WMGZ8J5,2025-06-30T20:14:30.975684111Z,01JZ170DRWH3Q5VEKFYTCWXCB9,2025-06-30T20:14:30.975684111Z,01JZ17HZPCKK6WHFW0W029CFVG,2025-06-30T20:14:30.975684111Z
01JZ17NRQMZFQE5J3YN1FKR9T8,01JZ170DPRHYGRH6M74WMGZ8J5,2025-06-30T20:15:22.868618836Z,01JZ170DSXXMDA003X79NFA4N0,2025-06-30T20:15:22.868618836Z,01JZ17DZPC160FQJMAZ5KCFYDP,2025-06-30T20:15:22.868618836Z
01JZ18PMBMM45CH5GHPWCTBA6Y,01JZ18G4TN4FH7205KTQTFE7PM,2025-06-30T20:33:19.732183062Z,01JZ18G4Y1ABZPJ815NAWEN19T,2025-06-30T20:33:19.732183062Z,01JZ18HQKYW690RKTXSRY6QQQ2,2025-06-30T20:33:19.732183062Z
01JZ1BNY1FKWNNEDE9RZAT57TE,01JZ1B1VZ9TM9N3252XVVAH9DZ,2025-06-30T21:25:22.607640026Z,01JZ1B1W4RP0VXDDKCJTNKM3AX,2025-06-30T21:25:22.607640026Z,01JZ1B4QMHRDEJR6YWEDX6CP6V,2025-06-30T21:25:22.607640026Z
01JZ1C84HC4X3H8G6QJMQMRW2T,01JZ1BX7WQMA45G0E33EEHJ3V9,2025-06-30T21:35:19.085013109Z,01JZ1BX849RGFMRNF1WR9VXVPD,2025-06-30T21:35:19.085013109Z,01JZ1C4P0YN4P4R63ZN9FPE2D4,2025-06-30T21:35:19.085013109Z
01JZ1D77E5761W4JEJQ1D8W3PB,01JZ1D0RX94M7HHBAJDNGV8QRS,2025-06-30T21:52:17.861776462Z,01JZ1D0S2S8SEBXETFQJSTGM5V,2025-06-30T21:52:17.861776462Z,01JZ1D4W11PS06G8TDSZKJ39RF,2025-06-30T21:52:17.861776462Z
01JZ17MYBERG0C7ZA8CARE5VW5,01JZ170DPRHYGRH6M74WMGZ8J5,2025-06-30T20:14:55.854505104Z,01JZ170DSMJZPS89ZBMFZ7ATK7,2025-06-30T20:14:55.854505104Z,01JZ17K3Y03J2B5JTWV2Q8DEEQ,2025-06-30T20:14:55.854505104Z
01JZ18PAMYCE18J3EA0E6A9162,01JZ18G4TN4FH7205KTQTFE7PM,2025-06-30T20:33:09.790350192Z,01JZ18G4X5EPR69QT64DVYQXFJ,2025-06-30T20:33:09.790350192Z,01JZ18M07T82RGAMZEPD0QD6Q9,2025-06-30T20:33:09.790350192Z
01JZ18R886C9WNNP5Y1D2P3KET,01JZ18G4TN4FH7205KTQTFE7PM,2025-06-30T20:34:12.87010182Z,01JZ18G512YK4K14AJW1A4KQT5,2025-06-30T20:34:12.87010182Z,01JZ18HJZ7HRTKHV6ZZJ67914M,2025-06-30T20:34:12.87010182Z
01JZ18RHCDRFETMPJBRGCRDREH,01JZ18G4TN4FH7205KTQTFE7PM,2025-06-30T20:34:22.221861146Z,01JZ18G50G0GKPPCFSW2N0ZNW1,2025-06-30T20:34:22.221861146Z,01JZ18J6KD5BBAN05Q96NKJXCJ,2025-06-30T20:34:22.221861146Z
01JZ192CF1DMKK8V4QTAXBKK8M,01JZ18R9CHSHJ2BAJZ4M4PAW2X,2025-06-30T20:39:44.865857999Z,01JZ18RA48YSHMY5EWBJ9E61V2,2025-06-30T20:39:44.865857999Z,01JZ18XW8Z67J1KER526XJJSXY,2025-06-30T20:39:44.865857999Z
01JZ1BNN6B8WYW2KF0XJEW6NR0,01JZ1B1VZ9TM9N3252XVVAH9DZ,2025-06-30T21:25:13.547911104Z,01JZ1B1W5TAZ0C76DBH0ZAEY5X,2025-06-30T21:25:13.547911104Z,01JZ1B42FGZXM24HBWN8AZM67K,2025-06-30T21:25:13.547911104Z
01JZ1DFWWMMYJTTYG35M43YNWX,01JZ1D0RX94M7HHBAJDNGV8QRS,2025-06-30T21:57:01.972566317Z,01JZ1D0S064NT759Q480WCA8PK,2025-06-30T21:57:01.972566317Z,01JZ1D7QQ9A97C7JTBZNPKRB8Y,2025-06-30T21:57:01.972566317Z
01JZ1DHFPB7TMSMSYAP0R43D2D,01JZ1D0RX94M7HHBAJDNGV8QRS,2025-06-30T21:57:53.995948118Z,01JZ1D0S61XK8FZCNQBM2ZAEE6,2025-06-30T21:57:53.995948118Z,01JZ1D7ZVRAH2JHDPAGNC0VP2T,2025-06-30T21:57:53.995948118Z
01JZ18RR78P9NAVM4GJKQ0GVY5,01JZ18G4TN4FH7205KTQTFE7PM,2025-06-30T20:34:29.224619623Z,01JZ18G4WPK6V9JKZAVKNYS3NB,2025-06-30T20:34:29.224619623Z,01JZ18N0WE2W63AJ0S8AMFR80C,2025-06-30T20:34:29.224619623Z
01JZ1A31KXPRAJYWY3HBP7DDAR,01JZ19VEXCKVX740B60X4W6PQN,2025-06-30T20:57:35.102044322Z,01JZ19VF1X4TGM9HTAVFF08YB3,2025-06-30T20:57:35.102044322Z,01JZ19X9AX1VPBDDCP087HWECT,2025-06-30T20:57:35.102044322Z
01JZ1GW2T8N08SX4XK5PM3V9SY,01JZ1G29Q82GQAKEXSK2E7NK3R,2025-06-30T22:56:06.984249436Z,01JZ1G2A58JMFV91VV93EGJJQY,2025-06-30T22:56:06.984249436Z,01JZ1GHJS4Z0QHDNAN69NMJ02V,2025-06-30T22:56:06.984249436Z
01JZ18RHCRFR0NN168K08VARZ8,01JZ18G4TN4FH7205KTQTFE7PM,2025-06-30T20:34:22.232565929Z,01JZ18G50G0GKPPCFSW2N0ZNW1,2025-06-30T20:34:22.232565929Z,01JZ18KW5P5RE2HRX78XRVTPME,2025-06-30T20:34:22.232565929Z
01JZ17HJX2H13X0GG7BHB2N6QQ,01JZ170DPRHYGRH6M74WMGZ8J5,2025-06-30T20:13:05.826294439Z,01JZ170DS32PJY8CQRMADJXFRG,2025-06-30T20:13:05.826294439Z,01JZ17A8QJRMY4CTZ0TGBPTVC4,2025-06-30T20:13:05.826294439Z
01JZ17MEQBVMHDM3A2Y9TX1RY8,01JZ170DPRHYGRH6M74WMGZ8J5,2025-06-30T20:14:39.851235566Z,01JZ170DS434CCJM920K0JDY80,2025-06-30T20:14:39.851235566Z,01JZ17BZXCKBRDGQ6529TYVNY6,2025-06-30T20:14:39.851235566Z
01JZ17NRQHEG2PAKB8TJ5ZSX57,01JZ170DPRHYGRH6M74WMGZ8J5,2025-06-30T20:15:22.865222682Z,01JZ170DSXXMDA003X79NFA4N0,2025-06-30T20:15:22.865222682Z,01JZ17CZMJ8ZJDC1BKFXHNXYR1,2025-06-30T20:15:22.865222682Z
01JZ18QM6MH9WNM1ATEBS5VFCB,01JZ18G4TN4FH7205KTQTFE7PM,2025-06-30T20:33:52.340380565Z,01JZ18G4ZPD0G0WRB3ZSNJ4KSW,2025-06-30T20:33:52.340380565Z,01JZ18JPR0CJ8HT66ZQ08VW9PH,2025-06-30T20:33:52.340380565Z
01JZ18QW6DGSVK7Y4N2TYRTRHJ,01JZ18G4TN4FH7205KTQTFE7PM,2025-06-30T20:34:00.525047575Z,01JZ18G4YK3PSP6R2PNWBA4P8S,2025-06-30T20:34:00.525047575Z,01JZ18HYEVQSC277Q1HCSHCSWE,2025-06-30T20:34:00.525047575Z
01JZ17M61QJBSF6HY2JQ1PDZ9P,01JZ170DPRHYGRH6M74WMGZ8J5,2025-06-30T20:14:30.967644521Z,01JZ170DRWH3Q5VEKFYTCWXCB9,2025-06-30T20:14:30.967644521Z,01JZ179X6Q4FCZN7X4TNMWRQ73,2025-06-30T20:14:30.967644521Z
01JZ1BJ10S3C73AR9JSST2H85E,01JZ1B1VZ9TM9N3252XVVAH9DZ,2025-06-30T21:23:14.586019038Z,01JZ1B1W46BH5YH0XYSE8KJRBK,2025-06-30T21:23:14.586019038Z,01JZ1B53Y9CT8RBFCFDJ7CMETA,2025-06-30T21:23:14.586019038Z
01JZ1D96WZRTT4DCT75KZD05WZ,01JZ1D0RX94M7HHBAJDNGV8QRS,2025-06-30T21:53:22.847564709Z,01JZ1D0S58CJJ0G6BA8AW8ZVCS,2025-06-30T21:53:22.847564709Z,01JZ1D7DM0SC7JQGS6JG3ZYPAZ,2025-06-30T21:53:22.847564709Z
01JZ17H2HHG78J87Y03VRJRSRW,01JZ170DPRHYGRH6M74WMGZ8J5,2025-06-30T20:12:49.073780702Z,01JZ170DRXVGFVP20P8DK3M491,2025-06-30T20:12:49.073780702Z,01JZ17CDTWA5ZJVFXRJRWPP8YB,2025-06-30T20:12:49.073780702Z
01JZ17H2HJZK5G2853NDW004T7,01JZ170DPRHYGRH6M74WMGZ8J5,2025-06-30T20:12:49.074565378Z,01JZ170DRXVGFVP20P8DK3M491,2025-06-30T20:12:49.074565378Z,01JZ17E3Q68P56EVHYKCV88P7R,2025-06-30T20:12:49.074565378Z
01JZ17HNJW6EWQETJFRVKWJW3A,01JZ170DPRHYGRH6M74WMGZ8J5,2025-06-30T20:13:08.572358531Z,01JZ170DS8YWG03GZVY59N3JD0,2025-06-30T20:13:08.572358531Z,01JZ176HDV9KWWBADR549HVXXJ,2025-06-30T20:13:08.572358531Z
01JZ18PMBXDFGWNFK3WWPVY36Z,01JZ18G4TN4FH7205KTQTFE7PM,2025-06-30T20:33:19.742301077Z,01JZ18G4Y1ABZPJ815NAWEN19T,2025-06-30T20:33:19.742301077Z,01JZ18JEHHPNBFM751TV8GEBJ2,2025-06-30T20:33:19.742301077Z
01JZ18R0VE8XPKG7D95MAH32QA,01JZ18G4TN4FH7205KTQTFE7PM,2025-06-30T20:34:05.294569026Z,01JZ18G4XDWA3A08Y0HZ5HSAAF,2025-06-30T20:34:05.294569026Z,01JZ18K1FP19HQQGWY5MDNJT99,2025-06-30T20:34:05.294569026Z
01JZ1AAQTW0T6R6X222YDDNAX2,01JZ19VEXCKVX740B60X4W6PQN,2025-06-30T21:01:47.228310568Z,01JZ19VF5YA4VZJRJDVJVY1XBY,2025-06-30T21:01:47.228310568Z,01JZ19XQ9SYW5JG2B10Z2EXJ0C,2025-06-30T21:01:47.228310568Z
01JZ1C68J7WVP3YE1N1CFWK2ED,01JZ1BX7WQMA45G0E33EEHJ3V9,2025-06-30T21:34:17.671555332Z,01JZ1BX80QRTKGB6MH6HMRDXS1,2025-06-30T21:34:17.671555332Z,01JZ1BY7ZYY1555G7VDKVM55K7,2025-06-30T21:34:17.671555332Z
01JZ1DHFF0R7YZ1DD5FJCV4JW2,01JZ1D0RX94M7HHBAJDNGV8QRS,2025-06-30T21:57:53.760995713Z,01JZ1D0S61XK8FZCNQBM2ZAEE6,2025-06-30T21:57:53.760995713Z,01JZ1D497J6YYY65Y2Z1DW88ZY,2025-06-30T21:57:53.760995713Z
01JZ1F70C9BHJ88B95RQR6482P,01JZ1E916HBESJXS5SJ82BFZ21,2025-06-30T22:27:07.785773693Z,01JZ1E91ENR7DC2PFTK7ZY5PTJ,2025-06-30T22:27:07.785773693Z,01JZ1F6AT65D7Q2J3RRFNE8GQF,2025-06-30T22:27:07.785773693Z
01JZ17HWZWYF6K1R407N2VV2JB,01JZ170DPRHYGRH6M74WMGZ8J5,2025-06-30T20:13:16.15699353Z,01JZ170DS434CCJM920VN081CV,2025-06-30T20:13:16.15699353Z,01JZ17A78DPNXD645MNCYQ5HYS,2025-06-30T20:13:16.15699353Z
01JZ17MYAXHT8VZ7WCYBFKVFV5,01JZ170DPRHYGRH6M74WMGZ8J5,2025-06-30T20:14:55.837593664Z,01JZ170DSMJZPS89ZBMFZ7ATK7,2025-06-30T20:14:55.837593664Z,01JZ17DZ6QV2B73JE2W9M5K3SC,2025-06-30T20:14:55.837593664Z
01JZ1BB79K1PJZZPF3J37YNHJK,01JZ1B1VZ9TM9N3252XVVAH9DZ,2025-06-30T21:19:31.635891506Z,01JZ1B1W5AJ9N87HJBZ99HRQPJ,2025-06-30T21:19:31.635891506Z,01JZ1B5GACPFWN4R0XMT462FAM,2025-06-30T21:19:31.635891506Z
01JZ1BJ16P9WJ3JMSAJWZR55F9,01JZ1B1VZ9TM9N3252XVVAH9DZ,2025-06-30T21:23:14.774801042Z,01JZ1B1W46BH5YH0XYSE8KJRBK,2025-06-30T21:23:14.774801042Z,01JZ1BEHJTZVP4GP4G96Q0PZBM,2025-06-30T21:23:14.774801042Z
01JZ1BNY33W00CY7WP9Q7GN5FX,01JZ1B1VZ9TM9N3252XVVAH9DZ,2025-06-30T21:25:22.659402073Z,01JZ1B1W4RP0VXDDKCJTNKM3AX,2025-06-30T21:25:22.659402073Z,01JZ1BH96VSCAX0MRZ5GVT0SBR,2025-06-30T21:25:22.659402073Z
01JZ17KG2DVB19YZBRNPVCPAWW,01JZ170DPRHYGRH6M74WMGZ8J5,2025-06-30T20:14:08.462017989Z,01JZ170DSWJ6311N72HPSQWG9K,2025-06-30T20:14:08.462017989Z,01JZ178GZ31S8C5ECRC86PTTAS,2025-06-30T20:14:08.462017989Z
01JZ18PAMDTAN0QRPP7M1B2DKF,01JZ18G4TN4FH7205KTQTFE7PM,2025-06-30T20:33:09.773764413Z,01JZ18G4X5EPR69QT64DVYQXFJ,2025-06-30T20:33:09.773764413Z,01JZ18JKCGQP2NA6VYXSDM89NW,2025-06-30T20:33:09.773764413Z
01JZ18QM5R9FEXVDB237V30GA5,01JZ18G4TN4FH7205KTQTFE7PM,2025-06-30T20:33:52.312442056Z,01JZ18G4ZPD0G0WRB3ZSNJ4KSW,2025-06-30T20:33:52.312442056Z,01JZ18HWWK8B66EBMNQPXM1R3H,2025-06-30T20:33:52.312442056Z
01JZ18R89E4BTF3SAEJDMVN3Q2,01JZ18G4TN4FH7205KTQTFE7PM,2025-06-30T20:34:12.910569818Z,01JZ18G512YK4K14AJW1A4KQT5,2025-06-30T20:34:12.910569818Z,01JZ18M3Q90QHFJ7P7ZKCP4M1K,2025-06-30T20:34:12.910569818Z
01JZ190NEHC5BY4FTEZ1D0J4A7,01JZ18QHX9XGN83K6T42FK97D5,2025-06-30T20:38:48.529973862Z,01JZ18QHZ9KPT0XZ66BZ9ZB89K,2025-06-30T20:38:48.529973862Z,01JZ18YPKHPP41HP4A0Q4F3DHM,2025-06-30T20:38:48.529973862Z
01JZ17MEQ3QXV22HV3AA5BEQSN,01JZ170DPRHYGRH6M74WMGZ8J5,2025-06-30T20:14:39.843784675Z,01JZ170DS434CCJM920K0JDY80,2025-06-30T20:14:39.843784675Z,01JZ17B8EAMA6MXWF42Y5PVE7P,2025-06-30T20:14:39.843784675Z
01JZ1EY09TRSXZGY2ZGHXGPGVZ,01JZ1E916HBESJXS5SJ82BFZ21,2025-06-30T22:22:12.794974218Z,01JZ1E91WFH0SPDF0PZ6G1349X,2025-06-30T22:22:12.794974218Z,01JZ1EAPTEQ3YCZAND0ZRHWRT7,2025-06-30T22:22:12.794974218Z
01JZ1F4589G9JKABCW2Y2QT0MX,01JZ1E916HBESJXS5SJ82BFZ21,2025-06-30T22:25:34.47346364Z,01JZ1E91SWVSXS6FK33QCMH9SP,2025-06-30T22:25:34.47346364Z,01JZ1EXKHZBZ5ENGWCGS2V70RX,2025-06-30T22:25:34.47346364Z
01JZ18RFMJ0KPWGTKNA63GQ8MC,01JZ18G4TN4FH7205KTQTFE7PM,2025-06-30T20:34:20.434428313Z,01JZ18G4ZZG5A688HVVJGKBFVW,2025-06-30T20:34:20.434428313Z,01JZ18N0JKWFKXBS82BQZ5RVQD,2025-06-30T20:34:20.434428313Z
01JZ18QCC92BYZ2VC86CE0T9SS,01JZ18G4TN4FH7205KTQTFE7PM,2025-06-30T20:33:44.329704922Z,01JZ18G4YTQTSXFW2X0Y80VGVG,2025-06-30T20:33:44.329704922Z,01JZ18J569YAEG0XPKSGQBZNYX,2025-06-30T20:33:44.329704922Z
01JZ18ST42SCDWBYJ8MSGZ63FR,01JZ18G4TN4FH7205KTQTFE7PM,2025-06-30T20:35:03.938850874Z,01JZ18G508W9SSEDAT6B79GZND,2025-06-30T20:35:03.938850874Z,01JZ18JN66MX5CA0E4FYBV08Y2,2025-06-30T20:35:03.938850874Z
01JZ1AQBAJYRX9FDJZYDNCABPG,01JZ19VEXCKVX740B60X4W6PQN,2025-06-30T21:08:40.402545038Z,01JZ19VF4XXDC5SP97SM18G8VM,2025-06-30T21:08:40.402545038Z,01JZ19XD6XDCZFB3F08CC7HS0Y,2025-06-30T21:08:40.402545038Z
01JZ17HJWSA7G6WTF596TX1ZGB,01JZ170DPRHYGRH6M74WMGZ8J5,2025-06-30T20:13:05.817864347Z,01JZ170DS32PJY8CQRMADJXFRG,2025-06-30T20:13:05.817864347Z,01JZ175Y8VG4DR6PWWKYJ4RHG5,2025-06-30T20:13:05.817864347Z
01JZ18QCED9SWBKK9QVVWAWK04,01JZ18G4TN4FH7205KTQTFE7PM,2025-06-30T20:33:44.397648716Z,01JZ18G4YTQTSXFW2X0Y80VGVG,2025-06-30T20:33:44.397648716Z,01JZ18KWMFEA26MWC1Z40F2JWN,2025-06-30T20:33:44.397648716Z
01JZ1BB76ZM7DD4CK15212T1PK,01JZ1B1VZ9TM9N3252XVVAH9DZ,2025-06-30T21:19:31.551865055Z,01JZ1B1W5AJ9N87HJBZ99HRQPJ,2025-06-30T21:19:31.551865055Z,01JZ1B33W2SNBC1YKZXCY0285E,2025-06-30T21:19:31.551865055Z
01JZ1C84JCP866YDNY00ZHZYRH,01JZ1BX7WQMA45G0E33EEHJ3V9,2025-06-30T21:35:19.116729494Z,01JZ1BX849RGFMRNF1WR9VXVPD,2025-06-30T21:35:19.116729494Z,01JZ1C6CTMT28Z0M14S1H6T07Y,2025-06-30T21:35:19.116729494Z
01JZ1F2J2AGVBPXW98QSFC3TPW,01JZ1E916HBESJXS5SJ82BFZ21,2025-06-30T22:24:42.058332741Z,01JZ1E91Q18GQE49C0XSDVMF75,2025-06-30T22:24:42.058332741Z,01JZ1EEDS4AMSMWB9W2CPSXDHE,2025-06-30T22:24:42.058332741Z
01JZ17G5163GJ2BXX85314E6AJ,01JZ170DPRHYGRH6M74WMGZ8J5,2025-06-30T20:12:18.854223273Z,01JZ170DRRRWN613C5WJQ8B5Q6,2025-06-30T20:12:18.854223273Z,01JZ178SZSEG7MZD5W906ME19S,2025-06-30T20:12:18.854223273Z
01JZ18Q1NQGVBN5TP8RJFCYH52,01JZ18G4TN4FH7205KTQTFE7PM,2025-06-30T20:33:33.368652469Z,01JZ18G4YA2XRQ9RK4RH5WQB1P,2025-06-30T20:33:33.368652469Z,01JZ18M0E7QK051FXC32B03XG8,2025-06-30T20:33:33.368652469Z
01JZ18QM7DRB4HHZN895G51K2Q,01JZ18G4TN4FH7205KTQTFE7PM,2025-06-30T20:33:52.36563761Z,01JZ18G4ZPD0G0WRB3ZSNJ4KSW,2025-06-30T20:33:52.36563761Z,01JZ18KCY0QBBH8XGZWTQZ78V6,2025-06-30T20:33:52.36563761Z
01JZ17G5163GJ2BXX85DVM4PR5,01JZ170DPRHYGRH6M74WMGZ8J5,2025-06-30T20:12:18.854988971Z,01JZ170DRRRWN613C5WJQ8B5Q6,2025-06-30T20:12:18.854988971Z,01JZ179PSK7PR9GXW3K753Z7EA,2025-06-30T20:12:18.854988971Z
01JZ17KG2HVXAAAA2E9FSB8T8G,01JZ170DPRHYGRH6M74WMGZ8J5,2025-06-30T20:14:08.465205289Z,01JZ170DSWJ6311N72HPSQWG9K,2025-06-30T20:14:08.465205289Z,01JZ178W441J2YAZ2W6GRZFTRA,2025-06-30T20:14:08.465205289Z
01JZ1DCMGSHZTR5X9K91C1FM5E,01JZ1D0RX94M7HHBAJDNGV8QRS,2025-06-30T21:55:15.097499373Z,01JZ1D0S14X3T6948SDJVF454K,2025-06-30T21:55:15.097499373Z,01JZ1D4SCYXBMNQ70R3B47BMPE,2025-06-30T21:55:15.097499373Z
01JZ1DHFM106FT4FKK7X9NEBTF,01JZ1D0RX94M7HHBAJDNGV8QRS,2025-06-30T21:57:53.921631617Z,01JZ1D0S61XK8FZCNQBM2ZAEE6,2025-06-30T21:57:53.921631617Z,01JZ1D5XZ05FCDAH1D4YG77JR7,2025-06-30T21:57:53.921631617Z
01JZ1BD3JT93VMM698JG3WH88V,01JZ1B1VZ9TM9N3252XVVAH9DZ,2025-06-30T21:20:33.370237165Z,01JZ1B1W2WT8MR9NJ7RDDSFH2M,2025-06-30T21:20:33.370237165Z,01JZ1B56KN8DYJ21G7YK1NVQR0,2025-06-30T21:20:33.370237165Z
01JZ1GJFYJJC8227ZX3Y31Q0G6,01JZ1G29Q82GQAKEXSK2E7NK3R,2025-06-30T22:50:52.754637156Z,01JZ1G2ACHC2PPHGNQVYG69GCY,2025-06-30T22:50:52.754637156Z,01JZ1G4D5N3JRDG8TQNFBZX41Z,2025-06-30T22:50:52.754637156Z
01JZ19030WGBE4YCC51P5FCXA6,01JZ18QHX9XGN83K6T42FK97D5,2025-06-30T20:38:29.660511426Z,01JZ18QHYY9H3H8G0D5BR000CA,2025-06-30T20:38:29.660511426Z,01JZ18VF3QW244H0X63X0AZG1Z,2025-06-30T20:38:29.660511426Z
01JZ1DHFHEJA5351WBZN4TSSRR,01JZ1D0RX94M7HHBAJDNGV8QRS,2025-06-30T21:57:53.838973889Z,01JZ1D0S61XK8FZCNQBM2ZAEE6,2025-06-30T21:57:53.838973889Z,01JZ1D4E6V1F7QYCN1KQC77HPV,2025-06-30T21:57:53.838973889Z
01JZ17HNK3KVJH5GBDS12W5TGK,01JZ170DPRHYGRH6M74WMGZ8J5,2025-06-30T20:13:08.580801695Z,01JZ170DS8YWG03GZVY59N3JD0,2025-06-30T20:13:08.580801695Z,01JZ17B25HMB9SR7CZAG7VDDNC,2025-06-30T20:13:08.580801695Z
01JZ17RBA9H1W1M39NPEGDTPKE,01JZ170DPRHYGRH6M74WMGZ8J5,2025-06-30T20:16:47.433582865Z,01JZ170DRQN15452AYS561M232,2025-06-30T20:16:47.433582865Z,01JZ17M9BWTED841AF4MEHDDNW,2025-06-30T20:16:47.433582865Z
01JZ18NR2TNRKQN2CD9XTJTJ6Y,01JZ18G4TN4FH7205KTQTFE7PM,2025-06-30T20:32:50.778397932Z,01JZ18G4ZDA13FR053ZT1R1FPF,2025-06-30T20:32:50.778397932Z,01JZ18HQSJCYE6M3YFJES1PERS,2025-06-30T20:32:50.778397932Z
01JZ1CAKMBJZ4VGGCPBX5C6RCM,01JZ1BX7WQMA45G0E33EEHJ3V9,2025-06-30T21:36:40.075269948Z,01JZ1BX82RNFGPPA94NES9507T,2025-06-30T21:36:40.075269948Z,01JZ1BZDJ93GPNRBSERWMWMMB5,2025-06-30T21:36:40.075269948Z
01JZ1DFWZE4DY0QQD35DCNEWE2,01JZ1D0RX94M7HHBAJDNGV8QRS,2025-06-30T21:57:02.062898815Z,01JZ1D0S064NT759Q480WCA8PK,2025-06-30T21:57:02.062898815Z,01JZ1DB67XDQM93GQRR65SS1X0,2025-06-30T21:57:02.062898815Z
01JZ17J84ACESZZYWEG8K58MV3,01JZ170DPRHYGRH6M74WMGZ8J5,2025-06-30T20:13:27.562066792Z,01JZ170DSTXK5Z1DV671606E6A,2025-06-30T20:13:27.562066792Z,01JZ17BGC64Z781MGW1Y4T7SRJ,2025-06-30T20:13:27.562066792Z
01JZ1BAGZZ0C7AJ7SY6MESVF2C,01JZ1B1VZ9TM9N3252XVVAH9DZ,2025-06-30T21:19:08.799631377Z,01JZ1B1W6S117BH8HCA7NH9R7E,2025-06-30T21:19:08.799631377Z,01JZ1B3PFQZWK1B01E0NW7J1B1,2025-06-30T21:19:08.799631377Z
01JZ1EWVF3N18JQE0NF4DP6E48,01JZ1E916HBESJXS5SJ82BFZ21,2025-06-30T22:21:35.075457612Z,01JZ1E91MDHZVF6NVBEDDVGZWT,2025-06-30T22:21:35.075457612Z,01JZ1EV2QBA0A51FSNHWZDJC5Q,2025-06-30T22:21:35.075457612Z
01JZ18RP406D0QFZ9TW9Y65M26,01JZ18G4TN4FH7205KTQTFE7PM,2025-06-30T20:34:27.072152345Z,01JZ18G4XMK5QHE5YNTR43VZ9V,2025-06-30T20:34:27.072152345Z,01JZ18J9W8KMP67K3HENBC0CVQ,2025-06-30T20:34:27.072152345Z
01JZ18RP5ZAC9ZFKWNTHQM7SY6,01JZ18G4TN4FH7205KTQTFE7PM,2025-06-30T20:34:27.135851168Z,01JZ18G4XMK5QHE5YNTR43VZ9V,2025-06-30T20:34:27.135851168Z,01JZ18NBPDW8GJCMK3V0N2AHJY,2025-06-30T20:34:27.135851168Z
01JZ1A8RJH0Q5MVBJF2PHPHVTX,01JZ19VEXCKVX740B60X4W6PQN,2025-06-30T21:00:42.449741058Z,01JZ19VF9WCS5BMDRCPXZK6ZBF,2025-06-30T21:00:42.449741058Z,01JZ19XKK2V5414G0ST34MPS62,2025-06-30T21:00:42.449741058Z
01JZ1CAKNWZKTH3M9VZKZA30GW,01JZ1BX7WQMA45G0E33EEHJ3V9,2025-06-30T21:36:40.125253913Z,01JZ1BX82RNFGPPA94NES9507T,2025-06-30T21:36:40.125253913Z,01JZ1C98HS2FRFHZKQAPAW4FY4,2025-06-30T21:36:40.125253913Z
01JZ17HWZZ2JFDJPB4V3062CYB,01JZ170DPRHYGRH6M74WMGZ8J5,2025-06-30T20:13:16.159946869Z,01JZ170DS434CCJM920VN081CV,2025-06-30T20:13:16.159946869Z,01JZ17BPKZNHJ9DBN3R83MMZW2,2025-06-30T20:13:16.159946869Z
01JZ190NCTMD9YPZ4P67J5W8ZD,01JZ18QHX9XGN83K6T42FK97D5,2025-06-30T20:38:48.474967075Z,01JZ18QHZ9KPT0XZ66BZ9ZB89K,2025-06-30T20:38:48.474967075Z,01JZ18VC89HN16T8VX0M60S31S,2025-06-30T20:38:48.474967075Z
01JZ1BNN9ASB00KM6DXA62H8FJ,01JZ1B1VZ9TM9N3252XVVAH9DZ,2025-06-30T21:25:13.642656575Z,01JZ1B1W5TAZ0C76DBH0ZAEY5X,2025-06-30T21:25:13.642656575Z,01JZ1BNKT1EA6BGVVN8436Q4BP,2025-06-30T21:25:13.642656575Z
01JZ1C84FMQCCYCMRJMDWWYEQX,01JZ1BX7WQMA45G0E33EEHJ3V9,2025-06-30T21:35:19.028316155Z,01JZ1BX849RGFMRNF1WR9VXVPD,2025-06-30T21:35:19.028316155Z,01JZ1C42HDFGHZFCN4YDW8V435,2025-06-30T21:35:19.028316155Z
01JZ1EXBK7JCXN4N7AXPH6EDPT,01JZ1E916HBESJXS5SJ82BFZ21,2025-06-30T22:21:51.591398325Z,01JZ1E91Z6K0ZJGCC53Q4JQWJP,2025-06-30T22:21:51.591398325Z,01JZ1EPVZGZEY9DBBKYD48H59H,2025-06-30T22:21:51.591398325Z
01JZ17HNK01DK8MPAABV0T645X,01JZ170DPRHYGRH6M74WMGZ8J5,2025-06-30T20:13:08.576489871Z,01JZ170DS8YWG03GZVY59N3JD0,2025-06-30T20:13:08.576489871Z,01JZ17AFTYKZ447G4RP003MK6R,2025-06-30T20:13:08.576489871Z
01JZ17MYA92QWSKXYHZW3DMA4C,01JZ170DPRHYGRH6M74WMGZ8J5,2025-06-30T20:14:55.817212171Z,01JZ170DSMJZPS89ZBMFZ7ATK7,2025-06-30T20:14:55.817212171Z,01JZ17411GFTP23ZXM1AB7D9NA,2025-06-30T20:14:55.817212171Z
01JZ17RSFY6SQXJQ96FG3C5ZWF,01JZ170DPRHYGRH6M74WMGZ8J5,2025-06-30T20:17:01.950532243Z,01JZ170DSP5HFMBRZWFQV8RFVC,2025-06-30T20:17:01.950532243Z,01JZ178B4PCAFGN9QS0GJ0TQ84,2025-06-30T20:17:01.950532243Z
01JZ1AAB9V7B28EFH9SWCR21K9,01JZ19VEXCKVX740B60X4W6PQN,2025-06-30T21:01:34.3951154Z,01JZ19VF81DTYMGWYB0TAJKDWY,2025-06-30T21:01:34.3951154Z,01JZ19Y0D04KSPZSGRXD2GWN5G,2025-06-30T21:01:34.3951154Z
01JZ1ACG0VAZH61FQRXGM1FCV8,01JZ19VEXCKVX740B60X4W6PQN,2025-06-30T21:02:44.763713188Z,01JZ19VF6XEW5FG377QGXCTRD1,2025-06-30T21:02:44.763713188Z,01JZ1A8X5PJAXZBFXHM3C9X96V,2025-06-30T21:02:44.763713188Z
01JZ1F2J3N1WCJ7JRFDEMJM0HW,01JZ1E916HBESJXS5SJ82BFZ21,2025-06-30T22:24:42.102019399Z,01JZ1E91Q18GQE49C0XSDVMF75,2025-06-30T22:24:42.102019399Z,01JZ1EKW5BGVN2WN0MZV6XE5EZ,2025-06-30T22:24:42.102019399Z
01JZ1F7076QHRG2HR157W86MAS,01JZ1E916HBESJXS5SJ82BFZ21,2025-06-30T22:27:07.622104766Z,01JZ1E91ENR7DC2PFTK7ZY5PTJ,2025-06-30T22:27:07.622104766Z,01JZ1EESNEX1G6N7P06E41EYRK,2025-06-30T22:27:07.622104766Z
01JZ1GWMF0M701QPY6P2Y89S4R,01JZ1G29Q82GQAKEXSK2E7NK3R,2025-06-30T22:56:25.056525111Z,01JZ1G2AATTMJJ07WA2JZ9MF1K,2025-06-30T22:56:25.056525111Z,01JZ1GPSZ98FX0GSJ1PJWWQANW,2025-06-30T22:56:25.056525111Z
01JZ18QW717HDQV6QQAXY45PX3,01JZ18G4TN4FH7205KTQTFE7PM,2025-06-30T20:34:00.545872962Z,01JZ18G4YK3PSP6R2PNWBA4P8S,2025-06-30T20:34:00.545872962Z,01JZ18JABGMJD5Y1TTH0BJFJ2C,2025-06-30T20:34:00.545872962Z
01JZ18S8RK02N7SSCC29ETXAJC,01JZ18G4TN4FH7205KTQTFE7PM,2025-06-30T20:34:46.16401548Z,01JZ18G4Z7SR18DC8PDBR22HS5,2025-06-30T20:34:46.16401548Z,01JZ18JM84GZ5542ST7BEW0RHN,2025-06-30T20:34:46.16401548Z
01JZ192CFP3E7DC7ZXB4F7WGMM,01JZ18R9CHSHJ2BAJZ4M4PAW2X,2025-06-30T20:39:44.886766914Z,01JZ18RA48YSHMY5EWBJ9E61V2,2025-06-30T20:39:44.886766914Z,01JZ18XZQ962C1YBGG8JES411T,2025-06-30T20:39:44.886766914Z
01JZ1AK0A94RQ2712FM3AHF3RZ,01JZ19VEXCKVX740B60X4W6PQN,2025-06-30T21:06:18.057228834Z,01JZ19VF3FCDRKA7RA8CE3SQDH,2025-06-30T21:06:18.057228834Z,01JZ1AJWEBWSA9H9YV5TJD6D6N,2025-06-30T21:06:18.057228834Z
01JZ17PPG28NSM1S6JFDVEWJTZ,01JZ170DPRHYGRH6M74WMGZ8J5,2025-06-30T20:15:53.346089961Z,01JZ170DRV33K8D9D9ZMQKAW2D,2025-06-30T20:15:53.346089961Z,01JZ17PJ3VDZQD3TEH95CF73QJ,2025-06-30T20:15:53.346089961Z
01JZ1D96TYS7XP9RKK8KV8Q4FZ,01JZ1D0RX94M7HHBAJDNGV8QRS,2025-06-30T21:53:22.78286669Z,01JZ1D0S58CJJ0G6BA8AW8ZVCS,2025-06-30T21:53:22.78286669Z,01JZ1D4DS7AYHA2YKV7CP2TXFR,2025-06-30T21:53:22.78286669Z
01JZ1GE17NW8EJTG7DPJKQ882F,01JZ1G29Q82GQAKEXSK2E7NK3R,2025-06-30T22:48:26.613688638Z,01JZ1G2A3Q53QEYHDQX68WVVKH,2025-06-30T22:48:26.613688638Z,01JZ1G7Q5PBNYB0Y67X5QD4VST,2025-06-30T22:48:26.613688638Z
01JZ17NRQA09CE4B1YFBKT86JB,01JZ170DPRHYGRH6M74WMGZ8J5,2025-06-30T20:15:22.858961804Z,01JZ170DSXXMDA003X79NFA4N0,2025-06-30T20:15:22.858961804Z,01JZ17A9YQ3219RYQEV7GA1K4B,2025-06-30T20:15:22.858961804Z
01JZ17TR1V6FK3R4P3QMTE34QC,01JZ170DPRHYGRH6M74WMGZ8J5,2025-06-30T20:18:06.013382178Z,01JZ170DS9MMA8EZAVKYS5SMHX,2025-06-30T20:18:06.013382178Z,01JZ17AZS6YB2WPDVY4NDQYYNC,2025-06-30T20:18:06.013382178Z
01JZ18NR3PVRG4B69Q1C9T388F,01JZ18G4TN4FH7205KTQTFE7PM,2025-06-30T20:32:50.806683941Z,01JZ18G4ZDA13FR053ZT1R1FPF,2025-06-30T20:32:50.806683941Z,01JZ18JPT9JN6KKGXMDR9K6K49,2025-06-30T20:32:50.806683941Z
01JZ1AAQW3RW4R31QQPMTE5WTY,01JZ19VEXCKVX740B60X4W6PQN,2025-06-30T21:01:47.267246289Z,01JZ19VF5YA4VZJRJDVJVY1XBY,2025-06-30T21:01:47.267246289Z,01JZ19Y068YTBSDNPDANA6K38M,2025-06-30T21:01:47.267246289Z
01JZ1DHW96SCF3A3CDSB3ZGV13,01JZ1D0RX94M7HHBAJDNGV8QRS,2025-06-30T21:58:06.886575536Z,01JZ1D0S4EMT97ECKQ06X1ZWAX,2025-06-30T21:58:06.886575536Z,01JZ1DCFS2MSEF81EKXGM05M99,2025-06-30T21:58:06.886575536Z
01JZ17QA3A8SCZNXVD5QET23HK,01JZ170DPRHYGRH6M74WMGZ8J5,2025-06-30T20:16:13.418632911Z,01JZ170DS5DJKXJ3Z7YVJKJJXK,2025-06-30T20:16:13.418632911Z,01JZ17DQRYSG711N7R05SC14HP,2025-06-30T20:16:13.418632911Z
01JZ18RP4DGT6RMMPKPNF69QWT,01JZ18G4TN4FH7205KTQTFE7PM,2025-06-30T20:34:27.085441331Z,01JZ18G4XMK5QHE5YNTR43VZ9V,2025-06-30T20:34:27.085441331Z,01JZ18JG8638DXN8F3WDEPTJAB,2025-06-30T20:34:27.085441331Z
01JZ1CM98FQKYC609TGPZ4D84P,01JZ1C4XJFQQ45ZHGATAXVBX0J,2025-06-30T21:41:57.136016796Z,01JZ1C4XNE4VHGMR9JDZS6Y7F9,2025-06-30T21:41:57.136016796Z,01JZ1CEYEW4QC345QNCDR6C494,2025-06-30T21:41:57.136016796Z
01JZ1BNY0MSGSGACAMEQ3WBP7A,01JZ1B1VZ9TM9N3252XVVAH9DZ,2025-06-30T21:25:22.580731822Z,01JZ1B1W4RP0VXDDKCJTNKM3AX,2025-06-30T21:25:22.580731822Z,01JZ1B44NJ2M66S6K1HNVCZ08H,2025-06-30T21:25:22.580731822Z
01JZ18QW8183CTDFCASNTF324S,01JZ18G4TN4FH7205KTQTFE7PM,2025-06-30T20:34:00.577257465Z,01JZ18G4YK3PSP6R2PNWBA4P8S,2025-06-30T20:34:00.577257465Z,01JZ18MVEFXZGBQPET8FQ2326K,2025-06-30T20:34:00.577257465Z
01JZ18S8SR2TNNTKQD55VGWSKX,01JZ18G4TN4FH7205KTQTFE7PM,2025-06-30T20:34:46.200437159Z,01JZ18G4Z7SR18DC8PDBR22HS5,2025-06-30T20:34:46.200437159Z,01JZ18NQPCFBGJDGFZ54XZESTD,2025-06-30T20:34:46.200437159Z
01JZ1A31NWC88QFXYCFJJBZ6MK,01JZ19VEXCKVX740B60X4W6PQN,2025-06-30T20:57:35.164351107Z,01JZ19VF1X4TGM9HTAVFF08YB3,2025-06-30T20:57:35.164351107Z,01JZ19YP19TRXJV609GHDS9029,2025-06-30T20:57:35.164351107Z
01JZ1BB7AHYDRDXVS9A8Q7381D,01JZ1B1VZ9TM9N3252XVVAH9DZ,2025-06-30T21:19:31.665486146Z,01JZ1B1W5AJ9N87HJBZ99HRQPJ,2025-06-30T21:19:31.665486146Z,01JZ1B7J9GMSKP5R199VT378SX,2025-06-30T21:19:31.665486146Z
01JZ1BH3XEGFKGPYHA9G8Z1XMV,01JZ1B1VZ9TM9N3252XVVAH9DZ,2025-06-30T21:22:44.782657495Z,01JZ1B1W68Y1JCNSRHTZJR0WTB,2025-06-30T21:22:44.782657495Z,01JZ1B792JY1J7NFJKWZPMCAGM,2025-06-30T21:22:44.782657495Z
01JZ17G518SJYEC6P5F49X05A7,01JZ170DPRHYGRH6M74WMGZ8J5,2025-06-30T20:12:18.856156253Z,01JZ170DRRRWN613C5WJQ8B5Q6,2025-06-30T20:12:18.856156253Z,01JZ17D5ERR5YZYXD6Y3AFJ1M0,2025-06-30T20:12:18.856156253Z
01JZ17M61JA9QQFR81R52CC3YZ,01JZ170DPRHYGRH6M74WMGZ8J5,2025-06-30T20:14:30.962209433Z,01JZ170DRWH3Q5VEKFYTCWXCB9,2025-06-30T20:14:30.962209433Z,01JZ178J2BZ2NF5FVTXNH8JBMT,2025-06-30T20:14:30.962209433Z
01JZ17M61MR34WV1TZ1HGBX1NE,01JZ170DPRHYGRH6M74WMGZ8J5,2025-06-30T20:14:30.964931804Z,01JZ170DRWH3Q5VEKFYTCWXCB9,2025-06-30T20:14:30.964931804Z,01JZ179F3PP1PB0BWJA9TNG5TN,2025-06-30T20:14:30.964931804Z
01JZ1AABAY004VTA1YZ1EH9W1H,01JZ19VEXCKVX740B60X4W6PQN,2025-06-30T21:01:34.430689106Z,01JZ19VF81DTYMGWYB0TAJKDWY,2025-06-30T21:01:34.430689106Z,01JZ1A11QXMY0GZ8B5FCM3RTBW,2025-06-30T21:01:34.430689106Z
01JZ18QM4QV18RT8RAE7S4PVGX,01JZ18G4TN4FH7205KTQTFE7PM,2025-06-30T20:33:52.279974458Z,01JZ18G4ZPD0G0WRB3ZSNJ4KSW,2025-06-30T20:33:52.279974458Z,01JZ18HV1R8B29VBXTS00FPVXC,2025-06-30T20:33:52.279974458Z
01JZ1BAH2XM81A3GZVFRJP5YQ4,01JZ1B1VZ9TM9N3252XVVAH9DZ,2025-06-30T21:19:08.893126988Z,01JZ1B1W6S117BH8HCA7NH9R7E,2025-06-30T21:19:08.893126988Z,01JZ1B4F0AXDADE5G5GXRT5GAX,2025-06-30T21:19:08.893126988Z
01JZ17NT589K2CJ0YCTG7F38VK,01JZ170DPRHYGRH6M74WMGZ8J5,2025-06-30T20:15:24.328806487Z,01JZ170DS0283SZNEN95XAWWS4,2025-06-30T20:15:24.328806487Z,01JZ17NQ4AD6VM7PXCZNF246W5,2025-06-30T20:15:24.328806487Z
01JZ1AK059Y8ZGRXTG13PCCJEW,01JZ19VEXCKVX740B60X4W6PQN,2025-06-30T21:06:17.897344826Z,01JZ19VF3FCDRKA7RA8CE3SQDH,2025-06-30T21:06:17.897344826Z,01JZ19X25DC6PHAYZ41F2N9R8N,2025-06-30T21:06:17.897344826Z
01JZ17G6ZEK37HSP474H2FNZH1,01JZ170DPRHYGRH6M74WMGZ8J5,2025-06-30T20:12:20.846315753Z,01JZ170DRSFZ9Y16965WN1Z2F9,2025-06-30T20:12:20.846315753Z,01JZ17AQQS59T0RTXR5VNB3ZRC,2025-06-30T20:12:20.846315753Z
01JZ17J848A4YB0R3R1MNFN1KB,01JZ170DPRHYGRH6M74WMGZ8J5,2025-06-30T20:13:27.560238723Z,01JZ170DSTXK5Z1DV671606E6A,2025-06-30T20:13:27.560238723Z,01JZ17995N07DABBEZWSHQJ20N,2025-06-30T20:13:27.560238723Z
01JZ17J84CZSB5G6HH653BP8QX,01JZ170DPRHYGRH6M74WMGZ8J5,2025-06-30T20:13:27.56421463Z,01JZ170DSTXK5Z1DV671606E6A,2025-06-30T20:13:27.56421463Z,01JZ17BSA5GQ3JXNB68EA97BX0,2025-06-30T20:13:27.56421463Z
01JZ1AQBB8WKQZK3A8DF1GQG72,01JZ19VEXCKVX740B60X4W6PQN,2025-06-30T21:08:40.424795206Z,01JZ19VF4XXDC5SP97SM18G8VM,2025-06-30T21:08:40.424795206Z,01JZ19Y5W4MYXKSXHHDPCY5M66,2025-06-30T21:08:40.424795206Z
01JZ1CM97JG1ERX6F0XG46N1E1,01JZ1C4XJFQQ45ZHGATAXVBX0J,2025-06-30T21:41:57.106075486Z,01JZ1C4XNE4VHGMR9JDZS6Y7F9,2025-06-30T21:41:57.106075486Z,01JZ1CB9F4KXDQP2PHJCZHP1QC,2025-06-30T21:41:57.106075486Z
01JZ17HNK85M4M5BCVD75DWHSY,01JZ170DPRHYGRH6M74WMGZ8J5,2025-06-30T20:13:08.584197715Z,01JZ170DS8YWG03GZVY59N3JD0,2025-06-30T20:13:08.584197715Z,01JZ17FA2MQ87XVRF9HC0R27GC,2025-06-30T20:13:08.584197715Z
01JZ18P6EXA2DZ8SQRR78G5DJ4,01JZ18G4TN4FH7205KTQTFE7PM,2025-06-30T20:33:05.501357373Z,01JZ18G50PJASP911XB82AW46K,2025-06-30T20:33:05.501357373Z,01JZ18KAD3ET3YWT2B268D40PX,2025-06-30T20:33:05.501357373Z
01JZ1BAH5JPTRGWZB2AE2JFENF,01JZ1B1VZ9TM9N3252XVVAH9DZ,2025-06-30T21:19:08.978894916Z,01JZ1B1W6S117BH8HCA7NH9R7E,2025-06-30T21:19:08.978894916Z,01JZ1B51FGYNJ0T68GXM1MEH1R,2025-06-30T21:19:08.978894916Z
01JZ1AAQTC9FNRP1XSPF2BDN2X,01JZ19VEXCKVX740B60X4W6PQN,2025-06-30T21:01:47.212174722Z,01JZ19VF5YA4VZJRJDVJVY1XBY,2025-06-30T21:01:47.212174722Z,01JZ19XHW6DGGPDJ4763JBPGZ5,2025-06-30T21:01:47.212174722Z
01JZ17HX01N4KF7Q406Z9J67TA,01JZ170DPRHYGRH6M74WMGZ8J5,2025-06-30T20:13:16.161208948Z,01JZ170DS434CCJM920VN081CV,2025-06-30T20:13:16.161208948Z,01JZ17BSJ6X9VEMM4EYWC90B29,2025-06-30T20:13:16.161208948Z
01JZ17M8Q2GBPQ78969KK22ZZ5,01JZ170DPRHYGRH6M74WMGZ8J5,2025-06-30T20:14:33.698046815Z,01JZ170DSR5F2SARFX61BD5BFD,2025-06-30T20:14:33.698046815Z,01JZ17ADWXQ9CX9S0BD7VM2S2J,2025-06-30T20:14:33.698046815Z
01JZ18RP5K404YDKAHJ4THDDJC,01JZ18G4TN4FH7205KTQTFE7PM,2025-06-30T20:34:27.123238047Z,01JZ18G4XMK5QHE5YNTR43VZ9V,2025-06-30T20:34:27.123238047Z,01JZ18KPPCTRWET1CSH1Z4W2C4,2025-06-30T20:34:27.123238047Z
01JZ190NC2TQE2RSNZFASV5TFV,01JZ18QHX9XGN83K6T42FK97D5,2025-06-30T20:38:48.45083695Z,01JZ18QHZ9KPT0XZ66BZ9ZB89K,2025-06-30T20:38:48.45083695Z,01JZ18SXQ0AFP5SFG2600FW7ER,2025-06-30T20:38:48.45083695Z
01JZ1AABEKCJ5K46DVXNCGS02J,01JZ19VEXCKVX740B60X4W6PQN,2025-06-30T21:01:34.547661575Z,01JZ19VF81DTYMGWYB0TAJKDWY,2025-06-30T21:01:34.547661575Z,01JZ1A7CX8Z1SNGPWK47XB0JNS,2025-06-30T21:01:34.547661575Z
01JZ1A31MX065D7XVNVTS0XJ9C,01JZ19VEXCKVX740B60X4W6PQN,2025-06-30T20:57:35.133784506Z,01JZ19VF1X4TGM9HTAVFF08YB3,2025-06-30T20:57:35.133784506Z,01JZ19Y0A6E9M84HP9ZX2DCFTC,2025-06-30T20:57:35.133784506Z
01JZ1CM9ENGHYSGV5PMHBFSNXH,01JZ1C4XJFQQ45ZHGATAXVBX0J,2025-06-30T21:41:57.334021006Z,01JZ1C4XNE4VHGMR9JDZS6Y7F9,2025-06-30T21:41:57.334021006Z,01JZ1CHHENXRFPD7VNDFKQ5330,2025-06-30T21:41:57.334021006Z
01JZ1GKKWSESPG3S0727N64T7Y,01JZ1G29Q82GQAKEXSK2E7NK3R,2025-06-30T22:51:29.561456937Z,01JZ1G2A9825Q9R0AFVXQNTR63,2025-06-30T22:51:29.561456937Z,01JZ1G9AHDKJRVSD4NGC2SYHDN,2025-06-30T22:51:29.561456937Z
01JZ1GM5T4FWAP5WK34MAK0HPK,01JZ1G29Q82GQAKEXSK2E7NK3R,2025-06-30T22:51:47.908722613Z,01JZ1G29XRNS92G9JYEX4H033M,2025-06-30T22:51:47.908722613Z,01JZ1G3PKEWNM3BADHFXST2D82,2025-06-30T22:51:47.908722613Z
01JZ1ERV31T5D92VKK0QQN2XHP,01JZ1E916HBESJXS5SJ82BFZ21,2025-06-30T22:19:23.618021934Z,01JZ1E91HHYKGR583PHV4V6JXR,2025-06-30T22:19:23.618021934Z,01JZ1EK77BRBNM03T0A9A1Z152,2025-06-30T22:19:23.618021934Z
01JZ1F2J5YNM69MX0Y46X9WZ13,01JZ1E916HBESJXS5SJ82BFZ21,2025-06-30T22:24:42.174917037Z,01JZ1E91Q18GQE49C0XSDVMF75,2025-06-30T22:24:42.174917037Z,01JZ1EVFEHVN1QQPSCMZ2EZ73P,2025-06-30T22:24:42.174917037Z
01JZ17PPFVW8TCPT8AHWA39CKP,01JZ170DPRHYGRH6M74WMGZ8J5,2025-06-30T20:15:53.339394481Z,01JZ170DRV33K8D9D9ZMQKAW2D,2025-06-30T20:15:53.339394481Z,01JZ17F29KQA44VJC80QGCAS6X,2025-06-30T20:15:53.339394481Z
01JZ1BNY3WCPSEG3DB9R4Q208E,01JZ1B1VZ9TM9N3252XVVAH9DZ,2025-06-30T21:25:22.684056337Z,01JZ1B1W4RP0VXDDKCJTNKM3AX,2025-06-30T21:25:22.684056337Z,01JZ1BHJS3735357S2TBZ4T5W4,2025-06-30T21:25:22.684056337Z
01JZ1EXBMQJRSYK6MJA813YV50,01JZ1E916HBESJXS5SJ82BFZ21,2025-06-30T22:21:51.639629311Z,01JZ1E91Z6K0ZJGCC53Q4JQWJP,2025-06-30T22:21:51.639629311Z,01JZ1ET7E30G59HX0XYHAKGDD0,2025-06-30T22:21:51.639629311Z
